SaleId,SaleDate,StoreId,ProductId,Units,RevenueUSD
5614226,2026-01-01,S-PAR-01,P-ICE-001,20,100.0
2719583,2026-01-01,S-PAR-01,P-ICE-002,17,102.0
2458591,2026-01-01,S-PAR-01,P-ICE-003,21,105.0
2571945,2026-01-01,S-PAR-01,P-ICE-006,7,126.0
1445199,2026-01-01,S-PAR-01,P-ICE-007,31,108.5
8038374,2026-01-01,S-BER-01,P-ICE-001,23,115.0
1109031,2026-01-01,S-BER-01,P-ICE-002,17,102.0
8090293,2026-01-01,S-BER-01,P-ICE-004,11,66.0
6647119,2026-01-01,S-BER-01,P-ICE-006,6,108.0
7022674,2026-01-01,S-BER-01,P-ICE-007,25,87.5
1728977,2026-01-01,S-AMS-01,P-ICE-001,20,100.0
7350753,2026-01-01,S-AMS-01,P-ICE-003,14,70.0
7067228,2026-01-01,S-AMS-01,P-ICE-005,10,50.0
1768805,2026-01-01,S-AMS-01,P-ICE-007,26,91.0
2338687,2026-01-01,S-AMS-01,P-ICE-008,23,80.5
7120868,2026-01-01,S-BRU-01,P-ICE-004,11,66.0
5479144,2026-01-01,S-BRU-01,P-ICE-005,9,45.0
2197935,2026-01-01,S-BRU-01,P-ICE-008,20,70.0
5107245,2026-01-01,S-MIL-01,P-ICE-001,20,100.0
4684531,2026-01-01,S-MIL-01,P-ICE-003,15,75.0
1938483,2026-01-01,S-MIL-01,P-ICE-005,15,75.0
6292423,2026-01-01,S-MIL-01,P-ICE-006,6,108.0
6279418,2026-01-01,S-MIL-01,P-ICE-008,20,70.0
8698256,2026-01-02,S-PAR-01,P-ICE-001,25,125.0
5408072,2026-01-02,S-PAR-01,P-ICE-002,17,102.0
7700828,2026-01-02,S-PAR-01,P-ICE-003,17,85.0
3320821,2026-01-02,S-PAR-01,P-ICE-006,10,180.0
1790481,2026-01-02,S-PAR-01,P-ICE-007,26,91.0
8082668,2026-01-02,S-BER-01,P-ICE-002,14,84.0
8852574,2026-01-02,S-BER-01,P-ICE-004,13,78.0
1192619,2026-01-02,S-BER-01,P-ICE-006,9,162.0
5476583,2026-01-02,S-BER-01,P-ICE-007,22,77.0
5924115,2026-01-02,S-AMS-01,P-ICE-001,18,90.0
5418934,2026-01-02,S-AMS-01,P-ICE-003,13,65.0
2785277,2026-01-02,S-AMS-01,P-ICE-007,24,84.0
4337174,2026-01-02,S-BRU-01,P-ICE-001,18,90.0
9897858,2026-01-02,S-BRU-01,P-ICE-002,15,90.0
2876828,2026-01-02,S-BRU-01,P-ICE-005,10,50.0
1971823,2026-01-02,S-MIL-01,P-ICE-003,15,75.0
2321324,2026-01-02,S-MIL-01,P-ICE-005,13,65.0
2161193,2026-01-02,S-MIL-01,P-ICE-006,8,144.0
8973915,2026-01-03,S-PAR-01,P-ICE-001,27,135.0
8099076,2026-01-03,S-PAR-01,P-ICE-003,23,115.0
6229731,2026-01-03,S-BER-01,P-ICE-001,28,140.0
7264956,2026-01-03,S-BER-01,P-ICE-002,22,132.0
3030113,2026-01-03,S-BER-01,P-ICE-004,17,102.0
1352896,2026-01-03,S-BER-01,P-ICE-006,7,126.0
4694634,2026-01-03,S-BER-01,P-ICE-007,30,105.0
1987737,2026-01-03,S-AMS-01,P-ICE-001,26,130.0
6543670,2026-01-03,S-AMS-01,P-ICE-003,20,100.0
9143903,2026-01-03,S-AMS-01,P-ICE-005,12,60.0
8930103,2026-01-03,S-AMS-01,P-ICE-007,26,91.0
7829332,2026-01-03,S-AMS-01,P-ICE-008,25,87.5
8231838,2026-01-03,S-BRU-01,P-ICE-001,18,90.0
1908841,2026-01-03,S-BRU-01,P-ICE-002,16,96.0
2651177,2026-01-03,S-BRU-01,P-ICE-004,16,96.0
2833230,2026-01-03,S-BRU-01,P-ICE-005,13,65.0
8526486,2026-01-03,S-BRU-01,P-ICE-008,20,70.0
8761611,2026-01-03,S-MIL-01,P-ICE-001,25,125.0
8434500,2026-01-03,S-MIL-01,P-ICE-003,24,120.0
2642635,2026-01-03,S-MIL-01,P-ICE-005,19,95.0
1247595,2026-01-03,S-MIL-01,P-ICE-006,12,216.0
9147706,2026-01-04,S-PAR-01,P-ICE-002,21,126.0
1983738,2026-01-04,S-PAR-01,P-ICE-003,26,130.0
7550190,2026-01-04,S-PAR-01,P-ICE-006,9,162.0
8633773,2026-01-04,S-PAR-01,P-ICE-007,44,154.0
9164991,2026-01-04,S-BER-01,P-ICE-001,29,145.0
1981186,2026-01-04,S-BER-01,P-ICE-002,19,114.0
6261415,2026-01-04,S-BER-01,P-ICE-004,17,102.0
9436429,2026-01-04,S-BER-01,P-ICE-006,9,162.0
9519948,2026-01-04,S-AMS-01,P-ICE-001,20,100.0
2140194,2026-01-04,S-AMS-01,P-ICE-003,15,75.0
3011363,2026-01-04,S-AMS-01,P-ICE-005,12,60.0
1666754,2026-01-04,S-AMS-01,P-ICE-008,27,94.5
9770838,2026-01-04,S-BRU-01,P-ICE-001,21,105.0
6271130,2026-01-04,S-BRU-01,P-ICE-002,15,90.0
6033115,2026-01-04,S-BRU-01,P-ICE-004,13,78.0
2217071,2026-01-04,S-BRU-01,P-ICE-005,14,70.0
2677407,2026-01-04,S-BRU-01,P-ICE-008,24,84.0
5449324,2026-01-04,S-MIL-01,P-ICE-001,26,130.0
2154126,2026-01-04,S-MIL-01,P-ICE-003,19,95.0
6075395,2026-01-04,S-MIL-01,P-ICE-006,9,162.0
9874152,2026-01-04,S-MIL-01,P-ICE-008,37,129.5
6022741,2026-01-05,S-PAR-01,P-ICE-001,28,140.0
5437001,2026-01-05,S-PAR-01,P-ICE-003,20,100.0
3607983,2026-01-05,S-PAR-01,P-ICE-006,7,126.0
6752576,2026-01-05,S-PAR-01,P-ICE-007,33,115.5
5428914,2026-01-05,S-BER-01,P-ICE-001,22,110.0
1852264,2026-01-05,S-BER-01,P-ICE-002,15,90.0
5641923,2026-01-05,S-BER-01,P-ICE-004,13,78.0
3194789,2026-01-05,S-BER-01,P-ICE-006,7,126.0
8412769,2026-01-05,S-BER-01,P-ICE-007,24,84.0
1162230,2026-01-05,S-AMS-01,P-ICE-001,19,95.0
3500715,2026-01-05,S-AMS-01,P-ICE-003,16,80.0
3484601,2026-01-05,S-AMS-01,P-ICE-005,12,60.0
7117837,2026-01-05,S-AMS-01,P-ICE-007,20,70.0
7003042,2026-01-05,S-BRU-01,P-ICE-001,20,100.0
2724590,2026-01-05,S-BRU-01,P-ICE-002,12,72.0
7817881,2026-01-05,S-BRU-01,P-ICE-004,11,66.0
4971793,2026-01-05,S-BRU-01,P-ICE-008,22,77.0
1415846,2026-01-05,S-MIL-01,P-ICE-005,15,75.0
7907400,2026-01-05,S-MIL-01,P-ICE-006,9,162.0
5163555,2026-01-05,S-MIL-01,P-ICE-008,28,98.0
2813543,2026-01-06,S-PAR-01,P-ICE-001,28,140.0
8896868,2026-01-06,S-PAR-01,P-ICE-002,16,96.0
8722606,2026-01-06,S-PAR-01,P-ICE-003,20,100.0
4818418,2026-01-06,S-PAR-01,P-ICE-006,10,180.0
7685149,2026-01-06,S-PAR-01,P-ICE-007,33,115.5
5682940,2026-01-06,S-BER-01,P-ICE-001,24,120.0
9996207,2026-01-06,S-BER-01,P-ICE-002,17,102.0
5382463,2026-01-06,S-BER-01,P-ICE-004,11,66.0
5453786,2026-01-06,S-BER-01,P-ICE-006,9,162.0
6799667,2026-01-06,S-BER-01,P-ICE-007,28,98.0
9580255,2026-01-06,S-AMS-01,P-ICE-001,18,90.0
4188992,2026-01-06,S-AMS-01,P-ICE-003,16,80.0
1028374,2026-01-06,S-AMS-01,P-ICE-005,12,60.0
4305700,2026-01-06,S-AMS-01,P-ICE-007,27,94.5
6539837,2026-01-06,S-AMS-01,P-ICE-008,17,59.5
3090865,2026-01-06,S-BRU-01,P-ICE-001,18,90.0
6188935,2026-01-06,S-BRU-01,P-ICE-002,12,72.0
5960271,2026-01-06,S-BRU-01,P-ICE-004,10,60.0
7361002,2026-01-06,S-BRU-01,P-ICE-005,8,40.0
6049101,2026-01-06,S-BRU-01,P-ICE-008,21,73.5
6098175,2026-01-06,S-MIL-01,P-ICE-001,26,130.0
6406444,2026-01-06,S-MIL-01,P-ICE-003,16,80.0
4585314,2026-01-06,S-MIL-01,P-ICE-005,13,65.0
3846949,2026-01-06,S-MIL-01,P-ICE-006,9,162.0
6623525,2026-01-06,S-MIL-01,P-ICE-008,23,80.5
4940441,2026-01-07,S-PAR-01,P-ICE-001,30,150.0
4340845,2026-01-07,S-PAR-01,P-ICE-002,17,102.0
8971465,2026-01-07,S-PAR-01,P-ICE-003,14,70.0
8640615,2026-01-07,S-PAR-01,P-ICE-006,10,180.0
4262081,2026-01-07,S-PAR-01,P-ICE-007,33,115.5
7705062,2026-01-07,S-BER-01,P-ICE-001,20,100.0
1093026,2026-01-07,S-BER-01,P-ICE-002,18,108.0
9689889,2026-01-07,S-AMS-01,P-ICE-001,17,85.0
3036059,2026-01-07,S-AMS-01,P-ICE-003,14,70.0
9910914,2026-01-07,S-AMS-01,P-ICE-005,12,60.0
8425149,2026-01-07,S-AMS-01,P-ICE-008,24,84.0
9468772,2026-01-07,S-BRU-01,P-ICE-001,19,95.0
8481188,2026-01-07,S-BRU-01,P-ICE-002,16,96.0
5348512,2026-01-07,S-BRU-01,P-ICE-005,9,45.0
5652512,2026-01-07,S-BRU-01,P-ICE-008,21,73.5
5013879,2026-01-07,S-MIL-01,P-ICE-001,23,115.0
5793722,2026-01-07,S-MIL-01,P-ICE-003,13,65.0
2351868,2026-01-07,S-MIL-01,P-ICE-005,12,60.0
3563646,2026-01-07,S-MIL-01,P-ICE-006,7,126.0
7838382,2026-01-07,S-MIL-01,P-ICE-008,20,70.0
2044645,2026-01-08,S-PAR-01,P-ICE-001,25,125.0
1327691,2026-01-08,S-PAR-01,P-ICE-002,19,114.0
1098919,2026-01-08,S-PAR-01,P-ICE-006,8,144.0
8030010,2026-01-08,S-BER-01,P-ICE-001,20,100.0
4700025,2026-01-08,S-BER-01,P-ICE-002,18,108.0
9147720,2026-01-08,S-BER-01,P-ICE-004,12,72.0
7783308,2026-01-08,S-BER-01,P-ICE-006,7,126.0
3141239,2026-01-08,S-BER-01,P-ICE-007,30,105.0
1454696,2026-01-08,S-AMS-01,P-ICE-003,16,80.0
8746014,2026-01-08,S-AMS-01,P-ICE-005,10,50.0
6492066,2026-01-08,S-AMS-01,P-ICE-007,22,77.0
7360682,2026-01-08,S-AMS-01,P-ICE-008,19,66.5
8072684,2026-01-08,S-BRU-01,P-ICE-001,20,100.0
1325197,2026-01-08,S-BRU-01,P-ICE-002,11,66.0
6871360,2026-01-08,S-BRU-01,P-ICE-004,9,54.0
1675419,2026-01-08,S-BRU-01,P-ICE-005,8,40.0
4344717,2026-01-08,S-BRU-01,P-ICE-008,22,77.0
5002120,2026-01-08,S-MIL-01,P-ICE-001,24,120.0
4656838,2026-01-08,S-MIL-01,P-ICE-003,17,85.0
7189034,2026-01-08,S-MIL-01,P-ICE-005,12,60.0
2921542,2026-01-08,S-MIL-01,P-ICE-006,8,144.0
6218367,2026-01-08,S-MIL-01,P-ICE-008,21,73.5
6233774,2026-01-09,S-PAR-01,P-ICE-001,20,100.0
7296605,2026-01-09,S-PAR-01,P-ICE-002,23,138.0
2275009,2026-01-09,S-PAR-01,P-ICE-003,19,95.0
5074336,2026-01-09,S-PAR-01,P-ICE-006,10,180.0
3030966,2026-01-09,S-PAR-01,P-ICE-007,35,122.5
1689025,2026-01-09,S-BER-01,P-ICE-001,22,110.0
7217147,2026-01-09,S-BER-01,P-ICE-002,16,96.0
1212267,2026-01-09,S-BER-01,P-ICE-004,14,84.0
2770648,2026-01-09,S-BER-01,P-ICE-006,8,144.0
8713146,2026-01-09,S-BER-01,P-ICE-007,25,87.5
9753457,2026-01-09,S-AMS-01,P-ICE-001,19,95.0
9111742,2026-01-09,S-AMS-01,P-ICE-005,12,60.0
5502929,2026-01-09,S-AMS-01,P-ICE-007,27,94.5
2453962,2026-01-09,S-AMS-01,P-ICE-008,18,63.0
8796514,2026-01-09,S-BRU-01,P-ICE-001,17,85.0
6643798,2026-01-09,S-BRU-01,P-ICE-002,14,84.0
4050766,2026-01-09,S-BRU-01,P-ICE-004,12,72.0
5334434,2026-01-09,S-BRU-01,P-ICE-005,9,45.0
5635017,2026-01-09,S-BRU-01,P-ICE-008,21,73.5
4205394,2026-01-09,S-MIL-01,P-ICE-001,23,115.0
9196976,2026-01-09,S-MIL-01,P-ICE-003,18,90.0
8987516,2026-01-09,S-MIL-01,P-ICE-005,12,60.0
1289293,2026-01-09,S-MIL-01,P-ICE-006,8,144.0
5081983,2026-01-09,S-MIL-01,P-ICE-008,22,77.0
8939993,2026-01-10,S-PAR-01,P-ICE-001,32,160.0
6549757,2026-01-10,S-PAR-01,P-ICE-002,23,138.0
6144280,2026-01-10,S-PAR-01,P-ICE-003,22,110.0
4231028,2026-01-10,S-PAR-01,P-ICE-006,9,162.0
4106298,2026-01-10,S-PAR-01,P-ICE-007,43,150.5
5638893,2026-01-10,S-BER-01,P-ICE-001,29,145.0
9801946,2026-01-10,S-BER-01,P-ICE-002,25,150.0
4256752,2026-01-10,S-BER-01,P-ICE-004,20,120.0
6071208,2026-01-10,S-BER-01,P-ICE-006,9,162.0
5602180,2026-01-10,S-BER-01,P-ICE-007,34,119.0
5901239,2026-01-10,S-AMS-01,P-ICE-001,20,100.0
9235577,2026-01-10,S-AMS-01,P-ICE-003,14,70.0
5770422,2026-01-10,S-AMS-01,P-ICE-005,11,55.0
4093109,2026-01-10,S-AMS-01,P-ICE-007,29,101.5
2914064,2026-01-10,S-BRU-01,P-ICE-001,25,125.0
2242892,2026-01-10,S-BRU-01,P-ICE-002,16,96.0
3545556,2026-01-10,S-BRU-01,P-ICE-004,15,90.0
6097514,2026-01-10,S-BRU-01,P-ICE-005,12,60.0
7982241,2026-01-10,S-BRU-01,P-ICE-008,21,73.5
4786401,2026-01-10,S-MIL-01,P-ICE-001,32,160.0
8427625,2026-01-10,S-MIL-01,P-ICE-003,20,100.0
8194570,2026-01-10,S-MIL-01,P-ICE-005,17,85.0
2664863,2026-01-10,S-MIL-01,P-ICE-006,11,198.0
2362099,2026-01-11,S-PAR-01,P-ICE-001,28,140.0
2259379,2026-01-11,S-PAR-01,P-ICE-002,21,126.0
8883823,2026-01-11,S-PAR-01,P-ICE-003,21,105.0
5743227,2026-01-11,S-PAR-01,P-ICE-006,10,180.0
4916201,2026-01-11,S-PAR-01,P-ICE-007,39,136.5
4318855,2026-01-11,S-BER-01,P-ICE-002,22,132.0
3499627,2026-01-11,S-BER-01,P-ICE-004,17,102.0
3783722,2026-01-11,S-BER-01,P-ICE-007,27,94.5
5842082,2026-01-11,S-AMS-01,P-ICE-001,25,125.0
6101803,2026-01-11,S-AMS-01,P-ICE-003,17,85.0
9396529,2026-01-11,S-AMS-01,P-ICE-005,16,80.0
1668752,2026-01-11,S-AMS-01,P-ICE-007,29,101.5
1433940,2026-01-11,S-BRU-01,P-ICE-001,23,115.0
1348050,2026-01-11,S-BRU-01,P-ICE-002,20,120.0
1674975,2026-01-11,S-BRU-01,P-ICE-005,11,55.0
9706768,2026-01-11,S-BRU-01,P-ICE-008,20,70.0
4044882,2026-01-11,S-MIL-01,P-ICE-001,34,170.0
2530793,2026-01-11,S-MIL-01,P-ICE-005,18,90.0
6386463,2026-01-11,S-MIL-01,P-ICE-006,10,180.0
6533187,2026-01-11,S-MIL-01,P-ICE-008,36,126.0
7718473,2026-01-12,S-PAR-01,P-ICE-001,25,125.0
8630712,2026-01-12,S-PAR-01,P-ICE-002,20,120.0
2944841,2026-01-12,S-PAR-01,P-ICE-003,16,80.0
1019311,2026-01-12,S-PAR-01,P-ICE-007,32,112.0
7933143,2026-01-12,S-BER-01,P-ICE-001,21,105.0
9363326,2026-01-12,S-BER-01,P-ICE-002,17,102.0
4415140,2026-01-12,S-BER-01,P-ICE-004,15,90.0
5832327,2026-01-12,S-BER-01,P-ICE-006,6,108.0
3037191,2026-01-12,S-BER-01,P-ICE-007,29,101.5
5014745,2026-01-12,S-AMS-01,P-ICE-001,20,100.0
1229419,2026-01-12,S-AMS-01,P-ICE-003,12,60.0
2903561,2026-01-12,S-AMS-01,P-ICE-005,9,45.0
3583206,2026-01-12,S-AMS-01,P-ICE-007,20,70.0
9537455,2026-01-12,S-AMS-01,P-ICE-008,22,77.0
9094999,2026-01-12,S-BRU-01,P-ICE-001,17,85.0
7435505,2026-01-12,S-BRU-01,P-ICE-004,11,66.0
3290229,2026-01-12,S-BRU-01,P-ICE-005,10,50.0
7961578,2026-01-12,S-MIL-01,P-ICE-001,26,130.0
5482413,2026-01-12,S-MIL-01,P-ICE-003,18,90.0
6008935,2026-01-12,S-MIL-01,P-ICE-005,12,60.0
9214801,2026-01-12,S-MIL-01,P-ICE-006,8,144.0
6577416,2026-01-13,S-PAR-01,P-ICE-001,25,125.0
8639414,2026-01-13,S-PAR-01,P-ICE-002,20,120.0
7891662,2026-01-13,S-BER-01,P-ICE-001,20,100.0
7395997,2026-01-13,S-BER-01,P-ICE-002,18,108.0
3551903,2026-01-13,S-BER-01,P-ICE-004,14,84.0
9427047,2026-01-13,S-BER-01,P-ICE-006,6,108.0
8387112,2026-01-13,S-AMS-01,P-ICE-001,16,80.0
1257489,2026-01-13,S-AMS-01,P-ICE-003,16,80.0
3589751,2026-01-13,S-AMS-01,P-ICE-005,10,50.0
5446344,2026-01-13,S-AMS-01,P-ICE-007,27,94.5
2347467,2026-01-13,S-AMS-01,P-ICE-008,22,77.0
9186400,2026-01-13,S-BRU-01,P-ICE-005,9,45.0
5821419,2026-01-13,S-MIL-01,P-ICE-001,19,95.0
2651601,2026-01-13,S-MIL-01,P-ICE-005,13,65.0
2686231,2026-01-13,S-MIL-01,P-ICE-006,9,162.0
1485654,2026-01-13,S-MIL-01,P-ICE-008,27,94.5
5921894,2026-01-14,S-PAR-01,P-ICE-001,28,140.0
5096953,2026-01-14,S-PAR-01,P-ICE-002,19,114.0
4020853,2026-01-14,S-PAR-01,P-ICE-003,18,90.0
7418028,2026-01-14,S-PAR-01,P-ICE-006,7,126.0
3401116,2026-01-14,S-PAR-01,P-ICE-007,28,98.0
8710313,2026-01-14,S-BER-01,P-ICE-001,22,110.0
8805654,2026-01-14,S-BER-01,P-ICE-002,13,78.0
8410995,2026-01-14,S-BER-01,P-ICE-006,6,108.0
5195951,2026-01-14,S-AMS-01,P-ICE-003,16,80.0
7454081,2026-01-14,S-AMS-01,P-ICE-005,10,50.0
7022335,2026-01-14,S-AMS-01,P-ICE-008,20,70.0
5953150,2026-01-14,S-BRU-01,P-ICE-001,21,105.0
7640518,2026-01-14,S-BRU-01,P-ICE-002,15,90.0
1822825,2026-01-14,S-BRU-01,P-ICE-004,11,66.0
5801541,2026-01-14,S-BRU-01,P-ICE-008,21,73.5
6910964,2026-01-14,S-MIL-01,P-ICE-001,21,105.0
5204819,2026-01-14,S-MIL-01,P-ICE-003,14,70.0
3294774,2026-01-14,S-MIL-01,P-ICE-005,14,70.0
1661401,2026-01-14,S-MIL-01,P-ICE-006,9,162.0
7121355,2026-01-14,S-MIL-01,P-ICE-008,24,84.0
5951131,2026-01-15,S-PAR-01,P-ICE-001,21,105.0
4368777,2026-01-15,S-PAR-01,P-ICE-002,19,114.0
7138070,2026-01-15,S-PAR-01,P-ICE-003,18,90.0
3760597,2026-01-15,S-PAR-01,P-ICE-006,10,180.0
9084065,2026-01-15,S-PAR-01,P-ICE-007,36,126.0
2932227,2026-01-15,S-BER-01,P-ICE-002,19,114.0
4785186,2026-01-15,S-BER-01,P-ICE-004,11,66.0
7136687,2026-01-15,S-BER-01,P-ICE-007,32,112.0
5436878,2026-01-15,S-AMS-01,P-ICE-001,18,90.0
5398338,2026-01-15,S-AMS-01,P-ICE-003,13,65.0
7232293,2026-01-15,S-AMS-01,P-ICE-005,12,60.0
1419843,2026-01-15,S-AMS-01,P-ICE-007,21,73.5
6503032,2026-01-15,S-AMS-01,P-ICE-008,24,84.0
8789116,2026-01-15,S-BRU-01,P-ICE-002,11,66.0
3345069,2026-01-15,S-BRU-01,P-ICE-005,9,45.0
9264869,2026-01-15,S-BRU-01,P-ICE-008,15,52.5
3276065,2026-01-15,S-MIL-01,P-ICE-001,21,105.0
8031780,2026-01-15,S-MIL-01,P-ICE-003,15,75.0
7960607,2026-01-15,S-MIL-01,P-ICE-005,14,70.0
7847048,2026-01-15,S-MIL-01,P-ICE-006,9,162.0
4645180,2026-01-16,S-PAR-01,P-ICE-001,27,135.0
7084862,2026-01-16,S-PAR-01,P-ICE-002,23,138.0
7017548,2026-01-16,S-PAR-01,P-ICE-003,19,95.0
3049499,2026-01-16,S-PAR-01,P-ICE-006,8,144.0
4558545,2026-01-16,S-BER-01,P-ICE-001,18,90.0
1358318,2026-01-16,S-BER-01,P-ICE-002,17,102.0
3112652,2026-01-16,S-BER-01,P-ICE-004,12,72.0
4475523,2026-01-16,S-BER-01,P-ICE-006,6,108.0
4909069,2026-01-16,S-BER-01,P-ICE-007,30,105.0
1047572,2026-01-16,S-AMS-01,P-ICE-001,16,80.0
3180906,2026-01-16,S-AMS-01,P-ICE-003,16,80.0
2844258,2026-01-16,S-AMS-01,P-ICE-005,12,60.0
1249314,2026-01-16,S-AMS-01,P-ICE-007,19,66.5
6431983,2026-01-16,S-AMS-01,P-ICE-008,23,80.5
3126655,2026-01-16,S-BRU-01,P-ICE-001,16,80.0
2066326,2026-01-16,S-BRU-01,P-ICE-002,14,84.0
9610704,2026-01-16,S-BRU-01,P-ICE-004,12,72.0
4716988,2026-01-16,S-BRU-01,P-ICE-005,9,45.0
9748499,2026-01-16,S-MIL-01,P-ICE-001,26,130.0
1522621,2026-01-16,S-MIL-01,P-ICE-003,17,85.0
7738019,2026-01-16,S-MIL-01,P-ICE-005,13,65.0
8441741,2026-01-16,S-MIL-01,P-ICE-006,7,126.0
3488628,2026-01-16,S-MIL-01,P-ICE-008,21,73.5
6455706,2026-01-17,S-PAR-01,P-ICE-001,29,145.0
5947563,2026-01-17,S-PAR-01,P-ICE-002,26,156.0
2663938,2026-01-17,S-PAR-01,P-ICE-003,23,115.0
4607488,2026-01-17,S-PAR-01,P-ICE-006,9,162.0
7942639,2026-01-17,S-PAR-01,P-ICE-007,46,161.0
7979148,2026-01-17,S-BER-01,P-ICE-001,26,130.0
6243275,2026-01-17,S-BER-01,P-ICE-002,19,114.0
3560856,2026-01-17,S-BER-01,P-ICE-004,16,96.0
2530497,2026-01-17,S-BER-01,P-ICE-006,9,162.0
2620082,2026-01-17,S-BER-01,P-ICE-007,28,98.0
3182975,2026-01-17,S-AMS-01,P-ICE-001,23,115.0
6530541,2026-01-17,S-AMS-01,P-ICE-003,18,90.0
8095702,2026-01-17,S-AMS-01,P-ICE-005,13,65.0
6242022,2026-01-17,S-AMS-01,P-ICE-008,31,108.5
4569164,2026-01-17,S-BRU-01,P-ICE-001,22,110.0
2815603,2026-01-17,S-BRU-01,P-ICE-002,17,102.0
2927455,2026-01-17,S-BRU-01,P-ICE-004,14,84.0
8199311,2026-01-17,S-BRU-01,P-ICE-005,13,65.0
1440466,2026-01-17,S-BRU-01,P-ICE-008,28,98.0
5487028,2026-01-17,S-MIL-01,P-ICE-001,31,155.0
6183902,2026-01-17,S-MIL-01,P-ICE-003,19,95.0
3403361,2026-01-17,S-MIL-01,P-ICE-006,9,162.0
3380261,2026-01-17,S-MIL-01,P-ICE-008,30,105.0
2539438,2026-01-18,S-PAR-01,P-ICE-001,38,190.0
8043620,2026-01-18,S-PAR-01,P-ICE-002,22,132.0
6228407,2026-01-18,S-PAR-01,P-ICE-003,19,95.0
2425342,2026-01-18,S-PAR-01,P-ICE-006,12,216.0
1834876,2026-01-18,S-BER-01,P-ICE-001,29,145.0
8113787,2026-01-18,S-BER-01,P-ICE-002,19,114.0
5582979,2026-01-18,S-BER-01,P-ICE-004,17,102.0
6791039,2026-01-18,S-BER-01,P-ICE-006,9,162.0
9164342,2026-01-18,S-BER-01,P-ICE-007,30,105.0
4699685,2026-01-18,S-AMS-01,P-ICE-001,22,110.0
1128967,2026-01-18,S-AMS-01,P-ICE-003,18,90.0
3302417,2026-01-18,S-AMS-01,P-ICE-005,16,80.0
3013003,2026-01-18,S-AMS-01,P-ICE-007,28,98.0
3947669,2026-01-18,S-AMS-01,P-ICE-008,28,98.0
4860617,2026-01-18,S-BRU-01,P-ICE-001,22,110.0
6941939,2026-01-18,S-BRU-01,P-ICE-002,19,114.0
1709714,2026-01-18,S-BRU-01,P-ICE-004,16,96.0
2306317,2026-01-18,S-BRU-01,P-ICE-005,12,60.0
8007741,2026-01-18,S-MIL-01,P-ICE-001,30,150.0
6448705,2026-01-18,S-MIL-01,P-ICE-003,20,100.0
8719145,2026-01-18,S-MIL-01,P-ICE-005,19,95.0
2478574,2026-01-18,S-MIL-01,P-ICE-006,12,216.0
8309439,2026-01-18,S-MIL-01,P-ICE-008,26,91.0
7639863,2026-01-19,S-PAR-01,P-ICE-001,25,125.0
3820798,2026-01-19,S-PAR-01,P-ICE-003,16,80.0
9902071,2026-01-19,S-PAR-01,P-ICE-006,9,162.0
6861544,2026-01-19,S-PAR-01,P-ICE-007,37,129.5
3477824,2026-01-19,S-BER-01,P-ICE-001,25,125.0
4309671,2026-01-19,S-BER-01,P-ICE-002,14,84.0
2264218,2026-01-19,S-BER-01,P-ICE-004,11,66.0
9289908,2026-01-19,S-BER-01,P-ICE-006,8,144.0
8531380,2026-01-19,S-BER-01,P-ICE-007,27,94.5
6422534,2026-01-19,S-AMS-01,P-ICE-001,22,110.0
2145653,2026-01-19,S-AMS-01,P-ICE-005,9,45.0
5608259,2026-01-19,S-AMS-01,P-ICE-007,25,87.5
2244712,2026-01-19,S-AMS-01,P-ICE-008,19,66.5
1954456,2026-01-19,S-BRU-01,P-ICE-001,17,85.0
2514923,2026-01-19,S-BRU-01,P-ICE-002,12,72.0
8763013,2026-01-19,S-BRU-01,P-ICE-004,11,66.0
1688246,2026-01-19,S-BRU-01,P-ICE-005,11,55.0
4158134,2026-01-19,S-BRU-01,P-ICE-008,21,73.5
3531028,2026-01-19,S-MIL-01,P-ICE-001,23,115.0
6761929,2026-01-19,S-MIL-01,P-ICE-005,15,75.0
1656695,2026-01-19,S-MIL-01,P-ICE-008,26,91.0
8372274,2026-01-20,S-PAR-01,P-ICE-001,24,120.0
7105194,2026-01-20,S-PAR-01,P-ICE-002,21,126.0
7858012,2026-01-20,S-PAR-01,P-ICE-003,16,80.0
1878547,2026-01-20,S-PAR-01,P-ICE-006,9,162.0
2105817,2026-01-20,S-PAR-01,P-ICE-007,33,115.5
7485471,2026-01-20,S-BER-01,P-ICE-001,22,110.0
3522845,2026-01-20,S-BER-01,P-ICE-002,18,108.0
3372774,2026-01-20,S-BER-01,P-ICE-004,14,84.0
7575963,2026-01-20,S-BER-01,P-ICE-007,28,98.0
2421349,2026-01-20,S-AMS-01,P-ICE-001,21,105.0
6510922,2026-01-20,S-AMS-01,P-ICE-003,13,65.0
9831414,2026-01-20,S-AMS-01,P-ICE-005,12,60.0
9531021,2026-01-20,S-AMS-01,P-ICE-007,26,91.0
4024309,2026-01-20,S-AMS-01,P-ICE-008,19,66.5
4221313,2026-01-20,S-BRU-01,P-ICE-002,15,90.0
2294615,2026-01-20,S-BRU-01,P-ICE-004,9,54.0
9517619,2026-01-20,S-BRU-01,P-ICE-005,11,55.0
9833734,2026-01-20,S-BRU-01,P-ICE-008,21,73.5
3198638,2026-01-20,S-MIL-01,P-ICE-001,22,110.0
4034091,2026-01-20,S-MIL-01,P-ICE-003,14,70.0
3777286,2026-01-20,S-MIL-01,P-ICE-005,14,70.0
7111929,2026-01-20,S-MIL-01,P-ICE-006,6,108.0
8452417,2026-01-20,S-MIL-01,P-ICE-008,22,77.0
8531761,2026-01-21,S-PAR-01,P-ICE-001,28,140.0
8868776,2026-01-21,S-PAR-01,P-ICE-002,18,108.0
8391997,2026-01-21,S-PAR-01,P-ICE-006,9,162.0
7406756,2026-01-21,S-PAR-01,P-ICE-007,29,101.5
3718884,2026-01-21,S-BER-01,P-ICE-001,20,100.0
3321942,2026-01-21,S-BER-01,P-ICE-002,19,114.0
7227905,2026-01-21,S-BER-01,P-ICE-006,7,126.0
9655523,2026-01-21,S-BER-01,P-ICE-007,22,77.0
5576678,2026-01-21,S-AMS-01,P-ICE-003,15,75.0
8339571,2026-01-21,S-AMS-01,P-ICE-005,11,55.0
8568671,2026-01-21,S-AMS-01,P-ICE-007,28,98.0
7274032,2026-01-21,S-BRU-01,P-ICE-002,13,78.0
7289990,2026-01-21,S-BRU-01,P-ICE-004,13,78.0
2662338,2026-01-21,S-BRU-01,P-ICE-005,9,45.0
3450300,2026-01-21,S-BRU-01,P-ICE-008,20,70.0
8926478,2026-01-21,S-MIL-01,P-ICE-001,21,105.0
8870361,2026-01-21,S-MIL-01,P-ICE-003,14,70.0
2329187,2026-01-21,S-MIL-01,P-ICE-005,10,50.0
3508522,2026-01-21,S-MIL-01,P-ICE-006,7,126.0
9854536,2026-01-21,S-MIL-01,P-ICE-008,27,94.5
4986941,2026-01-22,S-PAR-01,P-ICE-001,28,140.0
8043503,2026-01-22,S-PAR-01,P-ICE-002,16,96.0
2053729,2026-01-22,S-PAR-01,P-ICE-003,19,95.0
9993490,2026-01-22,S-PAR-01,P-ICE-006,10,180.0
5059048,2026-01-22,S-PAR-01,P-ICE-007,32,112.0
1026245,2026-01-22,S-BER-01,P-ICE-001,19,95.0
7988844,2026-01-22,S-BER-01,P-ICE-002,15,90.0
9782613,2026-01-22,S-BER-01,P-ICE-004,14,84.0
9511546,2026-01-22,S-BER-01,P-ICE-007,27,94.5
1341153,2026-01-22,S-AMS-01,P-ICE-001,19,95.0
7490791,2026-01-22,S-AMS-01,P-ICE-003,13,65.0
2133461,2026-01-22,S-AMS-01,P-ICE-007,19,66.5
2739191,2026-01-22,S-AMS-01,P-ICE-008,23,80.5
6578736,2026-01-22,S-BRU-01,P-ICE-001,19,95.0
6679880,2026-01-22,S-BRU-01,P-ICE-002,13,78.0
8795078,2026-01-22,S-BRU-01,P-ICE-004,9,54.0
3262450,2026-01-22,S-BRU-01,P-ICE-008,16,56.0
8678589,2026-01-22,S-MIL-01,P-ICE-001,26,130.0
4346548,2026-01-22,S-MIL-01,P-ICE-003,14,70.0
7681090,2026-01-22,S-MIL-01,P-ICE-006,7,126.0
4206183,2026-01-23,S-PAR-01,P-ICE-001,23,115.0
1802018,2026-01-23,S-PAR-01,P-ICE-002,23,138.0
7174337,2026-01-23,S-PAR-01,P-ICE-006,7,126.0
8377556,2026-01-23,S-PAR-01,P-ICE-007,30,105.0
9324908,2026-01-23,S-BER-01,P-ICE-002,20,120.0
9712003,2026-01-23,S-BER-01,P-ICE-004,13,78.0
8121922,2026-01-23,S-BER-01,P-ICE-006,6,108.0
4027557,2026-01-23,S-BER-01,P-ICE-007,28,98.0
2343333,2026-01-23,S-AMS-01,P-ICE-001,18,90.0
8481225,2026-01-23,S-AMS-01,P-ICE-003,12,60.0
8447546,2026-01-23,S-AMS-01,P-ICE-005,10,50.0
6914963,2026-01-23,S-AMS-01,P-ICE-007,20,70.0
1962308,2026-01-23,S-AMS-01,P-ICE-008,20,70.0
7095349,2026-01-23,S-BRU-01,P-ICE-001,18,90.0
3684131,2026-01-23,S-BRU-01,P-ICE-002,15,90.0
8351320,2026-01-23,S-BRU-01,P-ICE-005,10,50.0
7145971,2026-01-23,S-BRU-01,P-ICE-008,15,52.5
1543335,2026-01-23,S-MIL-01,P-ICE-001,27,135.0
7223751,2026-01-23,S-MIL-01,P-ICE-003,18,90.0
3310140,2026-01-23,S-MIL-01,P-ICE-005,14,70.0
5675638,2026-01-23,S-MIL-01,P-ICE-006,8,144.0
4121368,2026-01-23,S-MIL-01,P-ICE-008,21,73.5
2975701,2026-01-24,S-PAR-01,P-ICE-001,30,150.0
8487220,2026-01-24,S-PAR-01,P-ICE-002,22,132.0
9240971,2026-01-24,S-PAR-01,P-ICE-003,23,115.0
2242387,2026-01-24,S-PAR-01,P-ICE-006,9,162.0
8467726,2026-01-24,S-PAR-01,P-ICE-007,46,161.0
6361793,2026-01-24,S-BER-01,P-ICE-002,25,150.0
5871470,2026-01-24,S-BER-01,P-ICE-004,18,108.0
3920762,2026-01-24,S-AMS-01,P-ICE-001,28,140.0
3036124,2026-01-24,S-AMS-01,P-ICE-003,17,85.0
9288312,2026-01-24,S-AMS-01,P-ICE-007,27,94.5
7189302,2026-01-24,S-AMS-01,P-ICE-008,27,94.5
3177199,2026-01-24,S-BRU-01,P-ICE-001,26,130.0
6189037,2026-01-24,S-BRU-01,P-ICE-002,14,84.0
9030667,2026-01-24,S-BRU-01,P-ICE-004,15,90.0
2237331,2026-01-24,S-BRU-01,P-ICE-005,14,70.0
2244282,2026-01-24,S-BRU-01,P-ICE-008,22,77.0
6779998,2026-01-24,S-MIL-01,P-ICE-001,31,155.0
4052834,2026-01-24,S-MIL-01,P-ICE-003,23,115.0
9436654,2026-01-24,S-MIL-01,P-ICE-005,14,70.0
3567173,2026-01-24,S-MIL-01,P-ICE-008,26,91.0
4782763,2026-01-25,S-PAR-01,P-ICE-001,27,135.0
5765539,2026-01-25,S-PAR-01,P-ICE-002,29,174.0
5604524,2026-01-25,S-PAR-01,P-ICE-003,20,100.0
9950276,2026-01-25,S-PAR-01,P-ICE-006,10,180.0
3586950,2026-01-25,S-PAR-01,P-ICE-007,42,147.0
6664316,2026-01-25,S-BER-01,P-ICE-001,28,140.0
1476028,2026-01-25,S-BER-01,P-ICE-002,21,126.0
5440189,2026-01-25,S-BER-01,P-ICE-004,20,120.0
7989166,2026-01-25,S-BER-01,P-ICE-006,10,180.0
5859883,2026-01-25,S-BER-01,P-ICE-007,27,94.5
5108369,2026-01-25,S-AMS-01,P-ICE-001,22,110.0
5990112,2026-01-25,S-AMS-01,P-ICE-003,18,90.0
3652149,2026-01-25,S-AMS-01,P-ICE-005,15,75.0
4422938,2026-01-25,S-AMS-01,P-ICE-007,30,105.0
6357240,2026-01-25,S-AMS-01,P-ICE-008,22,77.0
7689354,2026-01-25,S-BRU-01,P-ICE-001,25,125.0
2781470,2026-01-25,S-BRU-01,P-ICE-002,16,96.0
5487430,2026-01-25,S-BRU-01,P-ICE-004,14,84.0
1849015,2026-01-25,S-BRU-01,P-ICE-005,10,50.0
8015136,2026-01-25,S-BRU-01,P-ICE-008,22,77.0
3679315,2026-01-25,S-MIL-01,P-ICE-001,34,170.0
6246485,2026-01-25,S-MIL-01,P-ICE-003,24,120.0
9635649,2026-01-25,S-MIL-01,P-ICE-005,14,70.0
9344488,2026-01-25,S-MIL-01,P-ICE-006,12,216.0
9479950,2026-01-25,S-MIL-01,P-ICE-008,37,129.5
6920597,2026-01-26,S-PAR-01,P-ICE-001,23,115.0
8895137,2026-01-26,S-PAR-01,P-ICE-002,18,108.0
2803501,2026-01-26,S-PAR-01,P-ICE-003,14,70.0
7136730,2026-01-26,S-PAR-01,P-ICE-006,10,180.0
7720644,2026-01-26,S-PAR-01,P-ICE-007,30,105.0
7082139,2026-01-26,S-BER-01,P-ICE-001,22,110.0
9460003,2026-01-26,S-BER-01,P-ICE-002,14,84.0
2993318,2026-01-26,S-BER-01,P-ICE-004,14,84.0
7261229,2026-01-26,S-BER-01,P-ICE-006,6,108.0
7133857,2026-01-26,S-BER-01,P-ICE-007,25,87.5
9541658,2026-01-26,S-AMS-01,P-ICE-001,17,85.0
1652868,2026-01-26,S-AMS-01,P-ICE-003,11,55.0
8948107,2026-01-26,S-AMS-01,P-ICE-005,10,50.0
9648751,2026-01-26,S-AMS-01,P-ICE-007,21,73.5
6344047,2026-01-26,S-AMS-01,P-ICE-008,24,84.0
6020319,2026-01-26,S-BRU-01,P-ICE-001,21,105.0
9551583,2026-01-26,S-BRU-01,P-ICE-002,14,84.0
6029651,2026-01-26,S-BRU-01,P-ICE-004,12,72.0
6557278,2026-01-26,S-BRU-01,P-ICE-005,8,40.0
6161977,2026-01-26,S-BRU-01,P-ICE-008,22,77.0
1447065,2026-01-26,S-MIL-01,P-ICE-001,25,125.0
4817541,2026-01-26,S-MIL-01,P-ICE-003,15,75.0
3860717,2026-01-26,S-MIL-01,P-ICE-005,14,70.0
7378535,2026-01-26,S-MIL-01,P-ICE-006,9,162.0
1529665,2026-01-26,S-MIL-01,P-ICE-008,27,94.5
4200829,2026-01-27,S-PAR-01,P-ICE-001,27,135.0
3540594,2026-01-27,S-PAR-01,P-ICE-002,18,108.0
9419134,2026-01-27,S-PAR-01,P-ICE-003,16,80.0
2044906,2026-01-27,S-PAR-01,P-ICE-006,10,180.0
6453426,2026-01-27,S-PAR-01,P-ICE-007,32,112.0
3905518,2026-01-27,S-BER-01,P-ICE-002,16,96.0
6943949,2026-01-27,S-BER-01,P-ICE-004,14,84.0
5435261,2026-01-27,S-BER-01,P-ICE-006,8,144.0
5135904,2026-01-27,S-BER-01,P-ICE-007,23,80.5
5993143,2026-01-27,S-AMS-01,P-ICE-001,18,90.0
9204110,2026-01-27,S-AMS-01,P-ICE-003,15,75.0
5587856,2026-01-27,S-AMS-01,P-ICE-005,10,50.0
7370211,2026-01-27,S-AMS-01,P-ICE-007,25,87.5
3457461,2026-01-27,S-BRU-01,P-ICE-001,16,80.0
2325893,2026-01-27,S-BRU-01,P-ICE-002,12,72.0
5302415,2026-01-27,S-BRU-01,P-ICE-004,11,66.0
5548852,2026-01-27,S-BRU-01,P-ICE-005,9,45.0
5014486,2026-01-27,S-MIL-01,P-ICE-001,20,100.0
9909397,2026-01-27,S-MIL-01,P-ICE-003,18,90.0
2681042,2026-01-27,S-MIL-01,P-ICE-005,12,60.0
2686863,2026-01-27,S-MIL-01,P-ICE-006,9,162.0
3649811,2026-01-27,S-MIL-01,P-ICE-008,21,73.5
8980915,2026-01-28,S-PAR-01,P-ICE-001,30,150.0
5819172,2026-01-28,S-PAR-01,P-ICE-002,17,102.0
2500901,2026-01-28,S-PAR-01,P-ICE-003,19,95.0
1625760,2026-01-28,S-PAR-01,P-ICE-006,8,144.0
3949245,2026-01-28,S-BER-01,P-ICE-001,25,125.0
9311162,2026-01-28,S-BER-01,P-ICE-004,15,90.0
5856449,2026-01-28,S-BER-01,P-ICE-006,8,144.0
2800206,2026-01-28,S-AMS-01,P-ICE-001,20,100.0
9796605,2026-01-28,S-AMS-01,P-ICE-005,11,55.0
9459284,2026-01-28,S-AMS-01,P-ICE-007,29,101.5
2889899,2026-01-28,S-AMS-01,P-ICE-008,18,63.0
5316188,2026-01-28,S-BRU-01,P-ICE-001,19,95.0
6655803,2026-01-28,S-BRU-01,P-ICE-002,11,66.0
4240708,2026-01-28,S-BRU-01,P-ICE-004,11,66.0
7802999,2026-01-28,S-BRU-01,P-ICE-005,11,55.0
2455218,2026-01-28,S-BRU-01,P-ICE-008,19,66.5
3359075,2026-01-28,S-MIL-01,P-ICE-001,19,95.0
1114590,2026-01-28,S-MIL-01,P-ICE-003,19,95.0
5479421,2026-01-28,S-MIL-01,P-ICE-005,12,60.0
1191859,2026-01-28,S-MIL-01,P-ICE-008,27,94.5
4964499,2026-01-29,S-PAR-01,P-ICE-001,24,120.0
6147356,2026-01-29,S-PAR-01,P-ICE-002,17,102.0
6217344,2026-01-29,S-PAR-01,P-ICE-003,19,95.0
5949909,2026-01-29,S-PAR-01,P-ICE-006,9,162.0
3240912,2026-01-29,S-PAR-01,P-ICE-007,28,98.0
7268384,2026-01-29,S-BER-01,P-ICE-001,21,105.0
8899184,2026-01-29,S-BER-01,P-ICE-002,17,102.0
4664338,2026-01-29,S-BER-01,P-ICE-004,15,90.0
2373555,2026-01-29,S-BER-01,P-ICE-006,8,144.0
7069742,2026-01-29,S-BER-01,P-ICE-007,27,94.5
2036128,2026-01-29,S-AMS-01,P-ICE-001,20,100.0
4391627,2026-01-29,S-AMS-01,P-ICE-003,16,80.0
6504900,2026-01-29,S-AMS-01,P-ICE-005,9,45.0
9201172,2026-01-29,S-AMS-01,P-ICE-008,22,77.0
1933413,2026-01-29,S-BRU-01,P-ICE-001,17,85.0
8663806,2026-01-29,S-BRU-01,P-ICE-002,14,84.0
6170227,2026-01-29,S-BRU-01,P-ICE-004,11,66.0
1050591,2026-01-29,S-BRU-01,P-ICE-005,9,45.0
1759836,2026-01-29,S-BRU-01,P-ICE-008,19,66.5
2010921,2026-01-29,S-MIL-01,P-ICE-001,25,125.0
1532422,2026-01-29,S-MIL-01,P-ICE-005,15,75.0
3272119,2026-01-29,S-MIL-01,P-ICE-006,7,126.0
8052503,2026-01-29,S-MIL-01,P-ICE-008,30,105.0
8525204,2026-01-30,S-PAR-01,P-ICE-001,29,145.0
3231198,2026-01-30,S-PAR-01,P-ICE-006,9,162.0
3994290,2026-01-30,S-PAR-01,P-ICE-007,30,105.0
4736121,2026-01-30,S-BER-01,P-ICE-002,14,84.0
6005700,2026-01-30,S-BER-01,P-ICE-004,15,90.0
8115687,2026-01-30,S-BER-01,P-ICE-006,8,144.0
5152562,2026-01-30,S-BER-01,P-ICE-007,30,105.0
4162177,2026-01-30,S-AMS-01,P-ICE-001,17,85.0
8033690,2026-01-30,S-AMS-01,P-ICE-005,9,45.0
1262492,2026-01-30,S-AMS-01,P-ICE-007,29,101.5
1563316,2026-01-30,S-AMS-01,P-ICE-008,17,59.5
1816653,2026-01-30,S-BRU-01,P-ICE-001,19,95.0
8364573,2026-01-30,S-BRU-01,P-ICE-002,11,66.0
1946973,2026-01-30,S-BRU-01,P-ICE-004,10,60.0
4928578,2026-01-30,S-BRU-01,P-ICE-005,12,60.0
6350316,2026-01-30,S-BRU-01,P-ICE-008,20,70.0
6379867,2026-01-30,S-MIL-01,P-ICE-001,26,130.0
9745141,2026-01-30,S-MIL-01,P-ICE-003,19,95.0
2022699,2026-01-30,S-MIL-01,P-ICE-005,12,60.0
3938247,2026-01-30,S-MIL-01,P-ICE-006,8,144.0
9315137,2026-01-30,S-MIL-01,P-ICE-008,24,84.0
7394713,2026-01-31,S-PAR-01,P-ICE-001,30,150.0
7984768,2026-01-31,S-PAR-01,P-ICE-002,23,138.0
4084977,2026-01-31,S-PAR-01,P-ICE-003,21,105.0
4780654,2026-01-31,S-PAR-01,P-ICE-006,11,198.0
8768273,2026-01-31,S-PAR-01,P-ICE-007,43,150.5
9891787,2026-01-31,S-BER-01,P-ICE-002,25,150.0
4411424,2026-01-31,S-BER-01,P-ICE-004,15,90.0
8546170,2026-01-31,S-BER-01,P-ICE-006,8,144.0
4195751,2026-01-31,S-BER-01,P-ICE-007,28,98.0
1663497,2026-01-31,S-AMS-01,P-ICE-001,23,115.0
4640933,2026-01-31,S-AMS-01,P-ICE-005,15,75.0
6586214,2026-01-31,S-AMS-01,P-ICE-007,35,122.5
4553544,2026-01-31,S-AMS-01,P-ICE-008,30,105.0
9034958,2026-01-31,S-BRU-01,P-ICE-004,17,102.0
7654381,2026-01-31,S-BRU-01,P-ICE-008,25,87.5
7386444,2026-01-31,S-MIL-01,P-ICE-003,23,115.0
6174467,2026-01-31,S-MIL-01,P-ICE-005,18,90.0
9342928,2026-01-31,S-MIL-01,P-ICE-006,10,180.0
8876742,2026-01-31,S-MIL-01,P-ICE-008,35,122.5
4407913,2026-02-01,S-PAR-01,P-ICE-001,30,150.0
4712363,2026-02-01,S-PAR-01,P-ICE-002,24,144.0
8005797,2026-02-01,S-PAR-01,P-ICE-003,18,90.0
4859072,2026-02-01,S-PAR-01,P-ICE-006,10,180.0
9376888,2026-02-01,S-PAR-01,P-ICE-007,45,157.5
6663388,2026-02-01,S-BER-01,P-ICE-001,32,160.0
9230828,2026-02-01,S-BER-01,P-ICE-002,24,144.0
6908535,2026-02-01,S-BER-01,P-ICE-004,19,114.0
9192588,2026-02-01,S-BER-01,P-ICE-006,10,180.0
1985360,2026-02-01,S-BER-01,P-ICE-007,39,136.5
2247057,2026-02-01,S-AMS-01,P-ICE-001,28,140.0
7918793,2026-02-01,S-AMS-01,P-ICE-005,15,75.0
2140312,2026-02-01,S-AMS-01,P-ICE-007,32,112.0
9484790,2026-02-01,S-AMS-01,P-ICE-008,21,73.5
9106820,2026-02-01,S-BRU-01,P-ICE-001,18,90.0
9929043,2026-02-01,S-BRU-01,P-ICE-002,14,84.0
9882154,2026-02-01,S-BRU-01,P-ICE-004,11,66.0
5809835,2026-02-01,S-BRU-01,P-ICE-005,12,60.0
8223819,2026-02-01,S-BRU-01,P-ICE-008,26,91.0
2795437,2026-02-01,S-MIL-01,P-ICE-001,34,170.0
9832465,2026-02-01,S-MIL-01,P-ICE-005,15,75.0
7658817,2026-02-01,S-MIL-01,P-ICE-006,10,180.0
8700704,2026-02-01,S-MIL-01,P-ICE-008,37,129.5
4789255,2026-02-02,S-PAR-01,P-ICE-001,30,150.0
2352527,2026-02-02,S-PAR-01,P-ICE-002,23,138.0
1531577,2026-02-02,S-PAR-01,P-ICE-003,21,105.0
8986040,2026-02-02,S-PAR-01,P-ICE-006,8,144.0
3875339,2026-02-02,S-PAR-01,P-ICE-007,26,91.0
6557798,2026-02-02,S-BER-01,P-ICE-001,24,120.0
2599906,2026-02-02,S-BER-01,P-ICE-002,19,114.0
8977571,2026-02-02,S-BER-01,P-ICE-007,31,108.5
5703878,2026-02-02,S-AMS-01,P-ICE-001,23,115.0
6276177,2026-02-02,S-AMS-01,P-ICE-005,9,45.0
3419132,2026-02-02,S-AMS-01,P-ICE-007,21,73.5
7682298,2026-02-02,S-AMS-01,P-ICE-008,23,80.5
7528964,2026-02-02,S-BRU-01,P-ICE-002,14,84.0
7439870,2026-02-02,S-BRU-01,P-ICE-004,11,66.0
2315798,2026-02-02,S-BRU-01,P-ICE-005,8,40.0
1900876,2026-02-02,S-BRU-01,P-ICE-008,22,77.0
2275374,2026-02-02,S-MIL-01,P-ICE-001,21,105.0
7655572,2026-02-02,S-MIL-01,P-ICE-003,18,90.0
8558977,2026-02-02,S-MIL-01,P-ICE-006,8,144.0
7298619,2026-02-02,S-MIL-01,P-ICE-008,24,84.0
7376562,2026-02-03,S-PAR-01,P-ICE-001,27,135.0
5134741,2026-02-03,S-PAR-01,P-ICE-002,21,126.0
3587398,2026-02-03,S-PAR-01,P-ICE-003,15,75.0
3588336,2026-02-03,S-PAR-01,P-ICE-006,10,180.0
2787627,2026-02-03,S-PAR-01,P-ICE-007,30,105.0
8461429,2026-02-03,S-BER-01,P-ICE-001,25,125.0
3223098,2026-02-03,S-BER-01,P-ICE-002,15,90.0
9597330,2026-02-03,S-BER-01,P-ICE-004,13,78.0
6937696,2026-02-03,S-BER-01,P-ICE-006,6,108.0
6443037,2026-02-03,S-BER-01,P-ICE-007,28,98.0
2421022,2026-02-03,S-AMS-01,P-ICE-003,13,65.0
5072543,2026-02-03,S-AMS-01,P-ICE-005,11,55.0
7387623,2026-02-03,S-AMS-01,P-ICE-007,21,73.5
5503118,2026-02-03,S-AMS-01,P-ICE-008,19,66.5
8292657,2026-02-03,S-BRU-01,P-ICE-001,14,70.0
2290526,2026-02-03,S-BRU-01,P-ICE-002,12,72.0
9318184,2026-02-03,S-BRU-01,P-ICE-004,13,78.0
2794698,2026-02-03,S-BRU-01,P-ICE-005,9,45.0
7638609,2026-02-03,S-BRU-01,P-ICE-008,15,52.5
6528792,2026-02-03,S-MIL-01,P-ICE-001,25,125.0
3283789,2026-02-03,S-MIL-01,P-ICE-003,16,80.0
4369728,2026-02-03,S-MIL-01,P-ICE-005,14,70.0
7681351,2026-02-03,S-MIL-01,P-ICE-006,7,126.0
9237735,2026-02-04,S-PAR-01,P-ICE-001,27,135.0
5702656,2026-02-04,S-PAR-01,P-ICE-003,17,85.0
2910720,2026-02-04,S-PAR-01,P-ICE-006,8,144.0
4018677,2026-02-04,S-BER-01,P-ICE-001,26,130.0
8744735,2026-02-04,S-BER-01,P-ICE-002,17,102.0
2160289,2026-02-04,S-BER-01,P-ICE-006,8,144.0
7864256,2026-02-04,S-BER-01,P-ICE-007,30,105.0
6080688,2026-02-04,S-AMS-01,P-ICE-001,17,85.0
8098909,2026-02-04,S-AMS-01,P-ICE-003,15,75.0
9040224,2026-02-04,S-AMS-01,P-ICE-005,9,45.0
8017921,2026-02-04,S-AMS-01,P-ICE-007,25,87.5
7031903,2026-02-04,S-AMS-01,P-ICE-008,23,80.5
2425760,2026-02-04,S-BRU-01,P-ICE-001,20,100.0
6956059,2026-02-04,S-BRU-01,P-ICE-002,12,72.0
7704473,2026-02-04,S-BRU-01,P-ICE-004,12,72.0
2777454,2026-02-04,S-BRU-01,P-ICE-008,21,73.5
9567725,2026-02-04,S-MIL-01,P-ICE-001,21,105.0
4708297,2026-02-04,S-MIL-01,P-ICE-003,17,85.0
9396422,2026-02-04,S-MIL-01,P-ICE-005,13,65.0
9099554,2026-02-04,S-MIL-01,P-ICE-006,10,180.0
2440404,2026-02-04,S-MIL-01,P-ICE-008,24,84.0
3376915,2026-02-05,S-PAR-01,P-ICE-001,30,150.0
4470657,2026-02-05,S-PAR-01,P-ICE-002,19,114.0
2637842,2026-02-05,S-PAR-01,P-ICE-003,17,85.0
6350413,2026-02-05,S-PAR-01,P-ICE-006,10,180.0
2930810,2026-02-05,S-PAR-01,P-ICE-007,26,91.0
2834801,2026-02-05,S-BER-01,P-ICE-001,20,100.0
5092180,2026-02-05,S-BER-01,P-ICE-002,14,84.0
6553084,2026-02-05,S-BER-01,P-ICE-004,14,84.0
4889890,2026-02-05,S-BER-01,P-ICE-006,9,162.0
4127053,2026-02-05,S-BER-01,P-ICE-007,28,98.0
1489765,2026-02-05,S-AMS-01,P-ICE-001,19,95.0
8542617,2026-02-05,S-AMS-01,P-ICE-003,16,80.0
4603680,2026-02-05,S-AMS-01,P-ICE-005,10,50.0
2049645,2026-02-05,S-AMS-01,P-ICE-007,27,94.5
4136665,2026-02-05,S-AMS-01,P-ICE-008,23,80.5
2911847,2026-02-05,S-BRU-01,P-ICE-001,15,75.0
9853588,2026-02-05,S-BRU-01,P-ICE-002,16,96.0
7585795,2026-02-05,S-BRU-01,P-ICE-005,9,45.0
8681625,2026-02-05,S-BRU-01,P-ICE-008,18,63.0
5990296,2026-02-05,S-MIL-01,P-ICE-001,26,130.0
6254384,2026-02-05,S-MIL-01,P-ICE-005,14,70.0
4070977,2026-02-05,S-MIL-01,P-ICE-006,7,126.0
7517332,2026-02-05,S-MIL-01,P-ICE-008,22,77.0
7437584,2026-02-06,S-PAR-01,P-ICE-001,22,110.0
3906397,2026-02-06,S-PAR-01,P-ICE-002,20,120.0
3353785,2026-02-06,S-PAR-01,P-ICE-003,18,90.0
1899447,2026-02-06,S-PAR-01,P-ICE-006,10,180.0
7441514,2026-02-06,S-BER-01,P-ICE-002,15,90.0
9249791,2026-02-06,S-BER-01,P-ICE-006,7,126.0
9199017,2026-02-06,S-BER-01,P-ICE-007,31,108.5
4699871,2026-02-06,S-AMS-01,P-ICE-001,20,100.0
5843084,2026-02-06,S-AMS-01,P-ICE-003,12,60.0
9309978,2026-02-06,S-AMS-01,P-ICE-005,11,55.0
2916069,2026-02-06,S-AMS-01,P-ICE-007,21,73.5
7154919,2026-02-06,S-AMS-01,P-ICE-008,21,73.5
8404902,2026-02-06,S-BRU-01,P-ICE-001,19,95.0
2718262,2026-02-06,S-BRU-01,P-ICE-002,16,96.0
5152891,2026-02-06,S-BRU-01,P-ICE-004,12,72.0
8545256,2026-02-06,S-BRU-01,P-ICE-005,12,60.0
2459332,2026-02-06,S-BRU-01,P-ICE-008,22,77.0
4975295,2026-02-06,S-MIL-01,P-ICE-001,28,140.0
6882609,2026-02-06,S-MIL-01,P-ICE-003,18,90.0
3335975,2026-02-06,S-MIL-01,P-ICE-006,8,144.0
1995859,2026-02-06,S-MIL-01,P-ICE-008,28,98.0
3824903,2026-02-07,S-PAR-01,P-ICE-001,32,160.0
5854206,2026-02-07,S-PAR-01,P-ICE-002,27,162.0
9630451,2026-02-07,S-PAR-01,P-ICE-003,27,135.0
7905438,2026-02-07,S-PAR-01,P-ICE-007,34,119.0
5188889,2026-02-07,S-BER-01,P-ICE-006,11,198.0
5153279,2026-02-07,S-BER-01,P-ICE-007,31,108.5
9211754,2026-02-07,S-AMS-01,P-ICE-001,26,130.0
7949543,2026-02-07,S-AMS-01,P-ICE-003,18,90.0
2561871,2026-02-07,S-AMS-01,P-ICE-005,11,55.0
7191986,2026-02-07,S-AMS-01,P-ICE-007,34,119.0
1041491,2026-02-07,S-AMS-01,P-ICE-008,26,91.0
8691502,2026-02-07,S-BRU-01,P-ICE-002,14,84.0
2062512,2026-02-07,S-BRU-01,P-ICE-004,15,90.0
8208215,2026-02-07,S-BRU-01,P-ICE-005,12,60.0
6416778,2026-02-07,S-BRU-01,P-ICE-008,24,84.0
3191007,2026-02-07,S-MIL-01,P-ICE-001,28,140.0
6766993,2026-02-07,S-MIL-01,P-ICE-003,21,105.0
8710502,2026-02-07,S-MIL-01,P-ICE-006,8,144.0
3650523,2026-02-07,S-MIL-01,P-ICE-008,37,129.5
8177281,2026-02-08,S-PAR-01,P-ICE-001,26,130.0
3213134,2026-02-08,S-PAR-01,P-ICE-002,27,162.0
5597283,2026-02-08,S-PAR-01,P-ICE-006,13,234.0
2382787,2026-02-08,S-PAR-01,P-ICE-007,38,133.0
3777050,2026-02-08,S-BER-01,P-ICE-001,32,160.0
4928281,2026-02-08,S-BER-01,P-ICE-002,22,132.0
2596917,2026-02-08,S-BER-01,P-ICE-004,14,84.0
3226333,2026-02-08,S-BER-01,P-ICE-006,9,162.0
8466983,2026-02-08,S-BER-01,P-ICE-007,34,119.0
3023227,2026-02-08,S-AMS-01,P-ICE-001,27,135.0
2188301,2026-02-08,S-AMS-01,P-ICE-005,12,60.0
2718442,2026-02-08,S-AMS-01,P-ICE-007,26,91.0
6020671,2026-02-08,S-AMS-01,P-ICE-008,25,87.5
3233823,2026-02-08,S-BRU-01,P-ICE-001,25,125.0
2147756,2026-02-08,S-BRU-01,P-ICE-002,18,108.0
3753418,2026-02-08,S-BRU-01,P-ICE-004,11,66.0
3539636,2026-02-08,S-BRU-01,P-ICE-005,14,70.0
4644760,2026-02-08,S-MIL-01,P-ICE-001,29,145.0
3066235,2026-02-08,S-MIL-01,P-ICE-003,18,90.0
8203947,2026-02-08,S-MIL-01,P-ICE-005,16,80.0
5646746,2026-02-08,S-MIL-01,P-ICE-006,9,162.0
5780177,2026-02-08,S-MIL-01,P-ICE-008,28,98.0
6060836,2026-02-09,S-PAR-01,P-ICE-001,28,140.0
4164963,2026-02-09,S-PAR-01,P-ICE-002,21,126.0
1915518,2026-02-09,S-PAR-01,P-ICE-003,17,85.0
5015476,2026-02-09,S-PAR-01,P-ICE-006,10,180.0
9381604,2026-02-09,S-PAR-01,P-ICE-007,27,94.5
1202450,2026-02-09,S-BER-01,P-ICE-001,18,90.0
8060918,2026-02-09,S-BER-01,P-ICE-006,9,162.0
8902314,2026-02-09,S-BER-01,P-ICE-007,29,101.5
2133008,2026-02-09,S-AMS-01,P-ICE-003,11,55.0
2014499,2026-02-09,S-AMS-01,P-ICE-005,10,50.0
9406206,2026-02-09,S-AMS-01,P-ICE-008,19,66.5
7749095,2026-02-09,S-BRU-01,P-ICE-001,17,85.0
3561552,2026-02-09,S-BRU-01,P-ICE-002,14,84.0
9578269,2026-02-09,S-BRU-01,P-ICE-004,10,60.0
2109227,2026-02-09,S-MIL-01,P-ICE-001,22,110.0
5003671,2026-02-09,S-MIL-01,P-ICE-003,16,80.0
8289425,2026-02-09,S-MIL-01,P-ICE-005,11,55.0
1923227,2026-02-09,S-MIL-01,P-ICE-006,8,144.0
3946849,2026-02-09,S-MIL-01,P-ICE-008,28,98.0
1190431,2026-02-10,S-PAR-01,P-ICE-001,28,140.0
9774573,2026-02-10,S-PAR-01,P-ICE-002,24,144.0
5349442,2026-02-10,S-PAR-01,P-ICE-003,21,105.0
5509119,2026-02-10,S-PAR-01,P-ICE-006,7,126.0
1492516,2026-02-10,S-PAR-01,P-ICE-007,27,94.5
9788815,2026-02-10,S-BER-01,P-ICE-001,21,105.0
2293020,2026-02-10,S-BER-01,P-ICE-002,18,108.0
1930113,2026-02-10,S-BER-01,P-ICE-004,14,84.0
7168777,2026-02-10,S-BER-01,P-ICE-006,8,144.0
2934976,2026-02-10,S-BER-01,P-ICE-007,30,105.0
1738833,2026-02-10,S-AMS-01,P-ICE-001,20,100.0
7106512,2026-02-10,S-AMS-01,P-ICE-005,9,45.0
1593302,2026-02-10,S-AMS-01,P-ICE-007,21,73.5
8035849,2026-02-10,S-AMS-01,P-ICE-008,25,87.5
6367620,2026-02-10,S-BRU-01,P-ICE-001,16,80.0
7254683,2026-02-10,S-BRU-01,P-ICE-002,11,66.0
1883692,2026-02-10,S-BRU-01,P-ICE-004,12,72.0
1770553,2026-02-10,S-BRU-01,P-ICE-005,11,55.0
5736323,2026-02-10,S-MIL-01,P-ICE-001,23,115.0
2449308,2026-02-10,S-MIL-01,P-ICE-003,15,75.0
4366703,2026-02-10,S-MIL-01,P-ICE-005,11,55.0
5069884,2026-02-10,S-MIL-01,P-ICE-006,9,162.0
9277218,2026-02-10,S-MIL-01,P-ICE-008,26,91.0
5112546,2026-02-11,S-PAR-01,P-ICE-002,22,132.0
1401147,2026-02-11,S-PAR-01,P-ICE-003,21,105.0
1160974,2026-02-11,S-PAR-01,P-ICE-006,8,144.0
6159172,2026-02-11,S-BER-01,P-ICE-001,23,115.0
4995789,2026-02-11,S-BER-01,P-ICE-002,17,102.0
3388630,2026-02-11,S-BER-01,P-ICE-004,16,96.0
4883465,2026-02-11,S-BER-01,P-ICE-006,6,108.0
7249378,2026-02-11,S-AMS-01,P-ICE-001,21,105.0
2603516,2026-02-11,S-AMS-01,P-ICE-003,15,75.0
7616116,2026-02-11,S-AMS-01,P-ICE-005,12,60.0
8297801,2026-02-11,S-AMS-01,P-ICE-007,25,87.5
5893511,2026-02-11,S-AMS-01,P-ICE-008,18,63.0
7592651,2026-02-11,S-BRU-01,P-ICE-001,16,80.0
6336123,2026-02-11,S-BRU-01,P-ICE-002,15,90.0
4400953,2026-02-11,S-BRU-01,P-ICE-004,10,60.0
2828260,2026-02-11,S-BRU-01,P-ICE-005,11,55.0
8819107,2026-02-11,S-BRU-01,P-ICE-008,16,56.0
7011065,2026-02-11,S-MIL-01,P-ICE-001,20,100.0
5446095,2026-02-11,S-MIL-01,P-ICE-005,12,60.0
6103880,2026-02-11,S-MIL-01,P-ICE-008,29,101.5
1676621,2026-02-12,S-PAR-01,P-ICE-001,28,140.0
3488460,2026-02-12,S-PAR-01,P-ICE-002,23,138.0
6968373,2026-02-12,S-PAR-01,P-ICE-003,16,80.0
6013715,2026-02-12,S-PAR-01,P-ICE-006,7,126.0
1521470,2026-02-12,S-PAR-01,P-ICE-007,39,136.5
2589226,2026-02-12,S-BER-01,P-ICE-004,14,84.0
3345338,2026-02-12,S-BER-01,P-ICE-006,8,144.0
4729376,2026-02-12,S-BER-01,P-ICE-007,22,77.0
7245146,2026-02-12,S-AMS-01,P-ICE-001,22,110.0
2409947,2026-02-12,S-AMS-01,P-ICE-003,16,80.0
2258076,2026-02-12,S-AMS-01,P-ICE-005,10,50.0
8439543,2026-02-12,S-AMS-01,P-ICE-007,20,70.0
6562484,2026-02-12,S-AMS-01,P-ICE-008,18,63.0
1849559,2026-02-12,S-BRU-01,P-ICE-001,21,105.0
7626978,2026-02-12,S-BRU-01,P-ICE-002,14,84.0
8158234,2026-02-12,S-BRU-01,P-ICE-004,11,66.0
4139874,2026-02-12,S-BRU-01,P-ICE-005,9,45.0
3493621,2026-02-12,S-BRU-01,P-ICE-008,19,66.5
5123584,2026-02-12,S-MIL-01,P-ICE-001,25,125.0
9036805,2026-02-12,S-MIL-01,P-ICE-003,17,85.0
3302438,2026-02-12,S-MIL-01,P-ICE-005,12,60.0
9821696,2026-02-12,S-MIL-01,P-ICE-006,9,162.0
1327658,2026-02-12,S-MIL-01,P-ICE-008,31,108.5
9131572,2026-02-13,S-PAR-01,P-ICE-002,19,114.0
6395626,2026-02-13,S-PAR-01,P-ICE-003,19,95.0
6349877,2026-02-13,S-PAR-01,P-ICE-006,8,144.0
5713268,2026-02-13,S-PAR-01,P-ICE-007,26,91.0
9882399,2026-02-13,S-BER-01,P-ICE-001,26,130.0
4905100,2026-02-13,S-BER-01,P-ICE-002,18,108.0
5471581,2026-02-13,S-BER-01,P-ICE-006,8,144.0
1937991,2026-02-13,S-BER-01,P-ICE-007,30,105.0
7516648,2026-02-13,S-AMS-01,P-ICE-001,23,115.0
3914404,2026-02-13,S-AMS-01,P-ICE-003,16,80.0
7019382,2026-02-13,S-AMS-01,P-ICE-005,11,55.0
3384080,2026-02-13,S-AMS-01,P-ICE-008,23,80.5
9258194,2026-02-13,S-BRU-01,P-ICE-001,15,75.0
1636925,2026-02-13,S-BRU-01,P-ICE-002,12,72.0
4671004,2026-02-13,S-BRU-01,P-ICE-004,10,60.0
6565572,2026-02-13,S-BRU-01,P-ICE-005,10,50.0
3977282,2026-02-13,S-MIL-01,P-ICE-001,20,100.0
1367637,2026-02-13,S-MIL-01,P-ICE-005,12,60.0
3376537,2026-02-13,S-MIL-01,P-ICE-006,9,162.0
7121835,2026-02-13,S-MIL-01,P-ICE-008,29,101.5
7636992,2026-02-14,S-PAR-01,P-ICE-002,30,180.0
6412383,2026-02-14,S-PAR-01,P-ICE-003,21,105.0
8329435,2026-02-14,S-PAR-01,P-ICE-006,10,180.0
6323132,2026-02-14,S-PAR-01,P-ICE-007,48,168.0
6986539,2026-02-14,S-BER-01,P-ICE-001,32,160.0
3941912,2026-02-14,S-BER-01,P-ICE-002,22,132.0
5941179,2026-02-14,S-BER-01,P-ICE-004,19,114.0
7569981,2026-02-14,S-BER-01,P-ICE-006,10,180.0
4054824,2026-02-14,S-AMS-01,P-ICE-001,25,125.0
4706007,2026-02-14,S-AMS-01,P-ICE-003,21,105.0
9324603,2026-02-14,S-AMS-01,P-ICE-005,12,60.0
4992909,2026-02-14,S-AMS-01,P-ICE-007,34,119.0
2488575,2026-02-14,S-AMS-01,P-ICE-008,25,87.5
6632941,2026-02-14,S-BRU-01,P-ICE-001,24,120.0
5186600,2026-02-14,S-BRU-01,P-ICE-002,16,96.0
2812519,2026-02-14,S-BRU-01,P-ICE-004,13,78.0
8352113,2026-02-14,S-BRU-01,P-ICE-005,10,50.0
7946088,2026-02-14,S-BRU-01,P-ICE-008,28,98.0
7297287,2026-02-14,S-MIL-01,P-ICE-001,28,140.0
4784650,2026-02-14,S-MIL-01,P-ICE-003,21,105.0
1560573,2026-02-14,S-MIL-01,P-ICE-005,14,70.0
2756994,2026-02-14,S-MIL-01,P-ICE-006,10,180.0
7299138,2026-02-14,S-MIL-01,P-ICE-008,28,98.0
2562037,2026-02-15,S-PAR-01,P-ICE-001,27,135.0
9098979,2026-02-15,S-PAR-01,P-ICE-002,30,180.0
3768193,2026-02-15,S-PAR-01,P-ICE-003,22,110.0
1898516,2026-02-15,S-PAR-01,P-ICE-006,11,198.0
4187406,2026-02-15,S-PAR-01,P-ICE-007,36,126.0
5450404,2026-02-15,S-BER-01,P-ICE-001,28,140.0
2609202,2026-02-15,S-BER-01,P-ICE-002,20,120.0
9236745,2026-02-15,S-BER-01,P-ICE-004,18,108.0
8174037,2026-02-15,S-BER-01,P-ICE-006,9,162.0
9058573,2026-02-15,S-BER-01,P-ICE-007,39,136.5
3866088,2026-02-15,S-AMS-01,P-ICE-001,20,100.0
8945197,2026-02-15,S-AMS-01,P-ICE-003,21,105.0
7668395,2026-02-15,S-AMS-01,P-ICE-005,13,65.0
5446036,2026-02-15,S-AMS-01,P-ICE-007,36,126.0
4101792,2026-02-15,S-AMS-01,P-ICE-008,27,94.5
4130342,2026-02-15,S-BRU-01,P-ICE-001,21,105.0
8802377,2026-02-15,S-BRU-01,P-ICE-002,16,96.0
2034137,2026-02-15,S-BRU-01,P-ICE-004,16,96.0
2622400,2026-02-15,S-BRU-01,P-ICE-005,14,70.0
7945543,2026-02-15,S-BRU-01,P-ICE-008,22,77.0
7494562,2026-02-15,S-MIL-01,P-ICE-003,22,110.0
9984440,2026-02-15,S-MIL-01,P-ICE-005,16,80.0
4953417,2026-02-15,S-MIL-01,P-ICE-006,12,216.0
1582647,2026-02-15,S-MIL-01,P-ICE-008,27,94.5
3473761,2026-02-16,S-PAR-01,P-ICE-001,30,150.0
3900427,2026-02-16,S-PAR-01,P-ICE-002,22,132.0
4233407,2026-02-16,S-PAR-01,P-ICE-006,8,144.0
8304686,2026-02-16,S-PAR-01,P-ICE-007,31,108.5
3480985,2026-02-16,S-BER-01,P-ICE-001,25,125.0
2124274,2026-02-16,S-BER-01,P-ICE-002,15,90.0
6471499,2026-02-16,S-BER-01,P-ICE-004,14,84.0
1207430,2026-02-16,S-BER-01,P-ICE-007,32,112.0
9767135,2026-02-16,S-AMS-01,P-ICE-001,21,105.0
3510581,2026-02-16,S-AMS-01,P-ICE-003,12,60.0
2681144,2026-02-16,S-AMS-01,P-ICE-005,11,55.0
5799841,2026-02-16,S-AMS-01,P-ICE-008,18,63.0
8936405,2026-02-16,S-BRU-01,P-ICE-005,11,55.0
3413447,2026-02-16,S-BRU-01,P-ICE-008,17,59.5
7739741,2026-02-16,S-MIL-01,P-ICE-001,26,130.0
6561547,2026-02-16,S-MIL-01,P-ICE-003,20,100.0
8972838,2026-02-16,S-MIL-01,P-ICE-005,11,55.0
6084418,2026-02-17,S-PAR-01,P-ICE-001,29,145.0
2647814,2026-02-17,S-PAR-01,P-ICE-002,23,138.0
8434162,2026-02-17,S-PAR-01,P-ICE-006,8,144.0
7992286,2026-02-17,S-PAR-01,P-ICE-007,30,105.0
8410774,2026-02-17,S-BER-01,P-ICE-001,18,90.0
9127895,2026-02-17,S-BER-01,P-ICE-002,19,114.0
1942977,2026-02-17,S-BER-01,P-ICE-004,16,96.0
6219779,2026-02-17,S-BER-01,P-ICE-006,6,108.0
9796063,2026-02-17,S-BER-01,P-ICE-007,26,91.0
4367636,2026-02-17,S-AMS-01,P-ICE-003,12,60.0
8657937,2026-02-17,S-AMS-01,P-ICE-005,10,50.0
4340507,2026-02-17,S-AMS-01,P-ICE-007,23,80.5
9474614,2026-02-17,S-AMS-01,P-ICE-008,24,84.0
1512765,2026-02-17,S-BRU-01,P-ICE-001,21,105.0
8484373,2026-02-17,S-BRU-01,P-ICE-002,14,84.0
6867997,2026-02-17,S-BRU-01,P-ICE-004,13,78.0
5339593,2026-02-17,S-BRU-01,P-ICE-005,11,55.0
5782670,2026-02-17,S-BRU-01,P-ICE-008,21,73.5
4595669,2026-02-17,S-MIL-01,P-ICE-001,19,95.0
5514473,2026-02-17,S-MIL-01,P-ICE-005,14,70.0
1149283,2026-02-17,S-MIL-01,P-ICE-006,8,144.0
3905824,2026-02-17,S-MIL-01,P-ICE-008,22,77.0
5234408,2026-02-18,S-PAR-01,P-ICE-001,21,105.0
5620085,2026-02-18,S-PAR-01,P-ICE-002,24,144.0
6850369,2026-02-18,S-PAR-01,P-ICE-003,17,85.0
6069153,2026-02-18,S-PAR-01,P-ICE-006,8,144.0
7663113,2026-02-18,S-PAR-01,P-ICE-007,37,129.5
7278533,2026-02-18,S-BER-01,P-ICE-001,17,85.0
5742531,2026-02-18,S-BER-01,P-ICE-002,18,108.0
2071008,2026-02-18,S-BER-01,P-ICE-004,12,72.0
6454894,2026-02-18,S-BER-01,P-ICE-006,7,126.0
6012883,2026-02-18,S-AMS-01,P-ICE-001,22,110.0
5031599,2026-02-18,S-AMS-01,P-ICE-003,14,70.0
7779646,2026-02-18,S-AMS-01,P-ICE-007,28,98.0
1427068,2026-02-18,S-AMS-01,P-ICE-008,23,80.5
5352450,2026-02-18,S-BRU-01,P-ICE-001,21,105.0
4186247,2026-02-18,S-BRU-01,P-ICE-004,12,72.0
9969688,2026-02-18,S-BRU-01,P-ICE-005,11,55.0
7014583,2026-02-18,S-BRU-01,P-ICE-008,19,66.5
4038955,2026-02-18,S-MIL-01,P-ICE-001,27,135.0
5339457,2026-02-18,S-MIL-01,P-ICE-003,17,85.0
4071377,2026-02-18,S-MIL-01,P-ICE-005,14,70.0
4746820,2026-02-19,S-PAR-01,P-ICE-001,23,115.0
6558579,2026-02-19,S-PAR-01,P-ICE-002,19,114.0
8780612,2026-02-19,S-PAR-01,P-ICE-003,19,95.0
2194801,2026-02-19,S-PAR-01,P-ICE-007,37,129.5
3010177,2026-02-19,S-BER-01,P-ICE-001,19,95.0
1907009,2026-02-19,S-BER-01,P-ICE-004,13,78.0
6749046,2026-02-19,S-BER-01,P-ICE-007,33,115.5
8676774,2026-02-19,S-AMS-01,P-ICE-001,20,100.0
4025884,2026-02-19,S-AMS-01,P-ICE-003,16,80.0
3966618,2026-02-19,S-AMS-01,P-ICE-005,11,55.0
8584194,2026-02-19,S-AMS-01,P-ICE-007,20,70.0
3828735,2026-02-19,S-AMS-01,P-ICE-008,24,84.0
2477088,2026-02-19,S-BRU-01,P-ICE-001,15,75.0
8204299,2026-02-19,S-BRU-01,P-ICE-002,13,78.0
7430982,2026-02-19,S-BRU-01,P-ICE-004,13,78.0
7259602,2026-02-19,S-BRU-01,P-ICE-005,10,50.0
1300582,2026-02-19,S-MIL-01,P-ICE-003,17,85.0
5174559,2026-02-19,S-MIL-01,P-ICE-005,14,70.0
6236039,2026-02-19,S-MIL-01,P-ICE-006,10,180.0
6135759,2026-02-19,S-MIL-01,P-ICE-008,24,84.0
6003003,2026-02-20,S-PAR-01,P-ICE-001,29,145.0
9793234,2026-02-20,S-PAR-01,P-ICE-003,19,95.0
3244614,2026-02-20,S-PAR-01,P-ICE-006,10,180.0
7027229,2026-02-20,S-PAR-01,P-ICE-007,38,133.0
7767788,2026-02-20,S-BER-01,P-ICE-001,19,95.0
3201267,2026-02-20,S-BER-01,P-ICE-002,15,90.0
9466346,2026-02-20,S-BER-01,P-ICE-004,11,66.0
1626854,2026-02-20,S-BER-01,P-ICE-006,7,126.0
9971338,2026-02-20,S-BER-01,P-ICE-007,29,101.5
1804641,2026-02-20,S-AMS-01,P-ICE-001,21,105.0
1331211,2026-02-20,S-AMS-01,P-ICE-003,15,75.0
8454356,2026-02-20,S-AMS-01,P-ICE-005,9,45.0
8959049,2026-02-20,S-AMS-01,P-ICE-007,25,87.5
1156104,2026-02-20,S-AMS-01,P-ICE-008,19,66.5
9729340,2026-02-20,S-BRU-01,P-ICE-001,19,95.0
3301222,2026-02-20,S-BRU-01,P-ICE-002,15,90.0
9582968,2026-02-20,S-BRU-01,P-ICE-004,13,78.0
2912813,2026-02-20,S-BRU-01,P-ICE-005,8,40.0
4351238,2026-02-20,S-BRU-01,P-ICE-008,19,66.5
4383514,2026-02-20,S-MIL-01,P-ICE-001,27,135.0
3690622,2026-02-20,S-MIL-01,P-ICE-003,16,80.0
4484526,2026-02-20,S-MIL-01,P-ICE-005,13,65.0
4934345,2026-02-20,S-MIL-01,P-ICE-006,8,144.0
2852723,2026-02-20,S-MIL-01,P-ICE-008,27,94.5
3502229,2026-02-21,S-PAR-01,P-ICE-001,35,175.0
2699372,2026-02-21,S-PAR-01,P-ICE-003,19,95.0
5966428,2026-02-21,S-PAR-01,P-ICE-007,40,140.0
3931009,2026-02-21,S-BER-01,P-ICE-001,22,110.0
8147013,2026-02-21,S-BER-01,P-ICE-006,10,180.0
1769891,2026-02-21,S-BER-01,P-ICE-007,29,101.5
3860721,2026-02-21,S-AMS-01,P-ICE-001,21,105.0
5501484,2026-02-21,S-AMS-01,P-ICE-003,21,105.0
4068039,2026-02-21,S-AMS-01,P-ICE-007,35,122.5
8659448,2026-02-21,S-AMS-01,P-ICE-008,26,91.0
9023619,2026-02-21,S-BRU-01,P-ICE-001,21,105.0
3798082,2026-02-21,S-BRU-01,P-ICE-002,19,114.0
1983923,2026-02-21,S-BRU-01,P-ICE-004,15,90.0
9097940,2026-02-21,S-BRU-01,P-ICE-008,20,70.0
4041047,2026-02-21,S-MIL-01,P-ICE-001,32,160.0
1483456,2026-02-21,S-MIL-01,P-ICE-003,24,120.0
9104731,2026-02-21,S-MIL-01,P-ICE-008,37,129.5
1771287,2026-02-22,S-PAR-01,P-ICE-002,25,150.0
1207369,2026-02-22,S-PAR-01,P-ICE-003,25,125.0
4757843,2026-02-22,S-PAR-01,P-ICE-006,12,216.0
9776214,2026-02-22,S-BER-01,P-ICE-001,26,130.0
8261982,2026-02-22,S-BER-01,P-ICE-002,23,138.0
6800713,2026-02-22,S-BER-01,P-ICE-004,16,96.0
3494007,2026-02-22,S-BER-01,P-ICE-006,10,180.0
1915467,2026-02-22,S-BER-01,P-ICE-007,35,122.5
9482016,2026-02-22,S-AMS-01,P-ICE-001,29,145.0
3775016,2026-02-22,S-AMS-01,P-ICE-003,20,100.0
5041494,2026-02-22,S-AMS-01,P-ICE-005,14,70.0
9504862,2026-02-22,S-AMS-01,P-ICE-007,29,101.5
7765865,2026-02-22,S-AMS-01,P-ICE-008,28,98.0
8452252,2026-02-22,S-BRU-01,P-ICE-001,19,95.0
9362706,2026-02-22,S-BRU-01,P-ICE-002,17,102.0
9344540,2026-02-22,S-BRU-01,P-ICE-004,12,72.0
7768594,2026-02-22,S-BRU-01,P-ICE-005,10,50.0
1002847,2026-02-22,S-BRU-01,P-ICE-008,25,87.5
6110305,2026-02-22,S-MIL-01,P-ICE-001,34,170.0
8653898,2026-02-22,S-MIL-01,P-ICE-005,18,90.0
4739945,2026-02-22,S-MIL-01,P-ICE-008,26,91.0
8937865,2026-02-23,S-PAR-01,P-ICE-001,24,120.0
8592234,2026-02-23,S-PAR-01,P-ICE-002,19,114.0
4720299,2026-02-23,S-PAR-01,P-ICE-003,20,100.0
5898671,2026-02-23,S-PAR-01,P-ICE-006,8,144.0
2783791,2026-02-23,S-PAR-01,P-ICE-007,31,108.5
3356346,2026-02-23,S-BER-01,P-ICE-001,19,95.0
7865417,2026-02-23,S-BER-01,P-ICE-002,19,114.0
4146456,2026-02-23,S-BER-01,P-ICE-004,15,90.0
4616991,2026-02-23,S-BER-01,P-ICE-006,9,162.0
6669584,2026-02-23,S-BER-01,P-ICE-007,31,108.5
3067274,2026-02-23,S-AMS-01,P-ICE-001,19,95.0
9459031,2026-02-23,S-AMS-01,P-ICE-003,14,70.0
9898037,2026-02-23,S-AMS-01,P-ICE-005,11,55.0
8261353,2026-02-23,S-AMS-01,P-ICE-007,26,91.0
9528410,2026-02-23,S-AMS-01,P-ICE-008,21,73.5
3913368,2026-02-23,S-BRU-01,P-ICE-001,21,105.0
7499587,2026-02-23,S-BRU-01,P-ICE-002,12,72.0
6399642,2026-02-23,S-BRU-01,P-ICE-004,12,72.0
5164755,2026-02-23,S-BRU-01,P-ICE-005,10,50.0
5935413,2026-02-23,S-BRU-01,P-ICE-008,23,80.5
7924719,2026-02-23,S-MIL-01,P-ICE-001,20,100.0
9594877,2026-02-23,S-MIL-01,P-ICE-003,20,100.0
6266549,2026-02-23,S-MIL-01,P-ICE-005,15,75.0
4646403,2026-02-23,S-MIL-01,P-ICE-006,10,180.0
5875114,2026-02-23,S-MIL-01,P-ICE-008,27,94.5
3225862,2026-02-24,S-PAR-01,P-ICE-001,31,155.0
9453929,2026-02-24,S-PAR-01,P-ICE-003,22,110.0
2936178,2026-02-24,S-PAR-01,P-ICE-006,10,180.0
8004117,2026-02-24,S-PAR-01,P-ICE-007,34,119.0
9957402,2026-02-24,S-BER-01,P-ICE-001,26,130.0
1214253,2026-02-24,S-BER-01,P-ICE-002,20,120.0
3438177,2026-02-24,S-BER-01,P-ICE-004,11,66.0
5479152,2026-02-24,S-BER-01,P-ICE-006,6,108.0
5808610,2026-02-24,S-BER-01,P-ICE-007,24,84.0
2040738,2026-02-24,S-AMS-01,P-ICE-001,17,85.0
1542011,2026-02-24,S-AMS-01,P-ICE-003,13,65.0
4763253,2026-02-24,S-AMS-01,P-ICE-005,11,55.0
4986190,2026-02-24,S-AMS-01,P-ICE-007,26,91.0
5825775,2026-02-24,S-AMS-01,P-ICE-008,24,84.0
7401894,2026-02-24,S-BRU-01,P-ICE-001,15,75.0
6245463,2026-02-24,S-BRU-01,P-ICE-002,17,102.0
4407238,2026-02-24,S-BRU-01,P-ICE-005,11,55.0
8433377,2026-02-24,S-BRU-01,P-ICE-008,21,73.5
7169672,2026-02-24,S-MIL-01,P-ICE-001,28,140.0
4296204,2026-02-24,S-MIL-01,P-ICE-003,17,85.0
5935483,2026-02-24,S-MIL-01,P-ICE-005,16,80.0
2249382,2026-02-24,S-MIL-01,P-ICE-006,10,180.0
9620919,2026-02-24,S-MIL-01,P-ICE-008,22,77.0
5682726,2026-02-25,S-PAR-01,P-ICE-001,21,105.0
5278461,2026-02-25,S-PAR-01,P-ICE-002,17,102.0
3597208,2026-02-25,S-PAR-01,P-ICE-003,18,90.0
1853212,2026-02-25,S-PAR-01,P-ICE-006,11,198.0
6052539,2026-02-25,S-PAR-01,P-ICE-007,35,122.5
7007679,2026-02-25,S-BER-01,P-ICE-001,23,115.0
9814666,2026-02-25,S-BER-01,P-ICE-002,19,114.0
2143811,2026-02-25,S-BER-01,P-ICE-004,12,72.0
7768215,2026-02-25,S-BER-01,P-ICE-006,6,108.0
4579482,2026-02-25,S-BER-01,P-ICE-007,25,87.5
5925360,2026-02-25,S-AMS-01,P-ICE-001,19,95.0
9900294,2026-02-25,S-AMS-01,P-ICE-003,16,80.0
1147701,2026-02-25,S-AMS-01,P-ICE-005,12,60.0
5032368,2026-02-25,S-AMS-01,P-ICE-007,24,84.0
1669029,2026-02-25,S-BRU-01,P-ICE-001,19,95.0
2902100,2026-02-25,S-BRU-01,P-ICE-002,13,78.0
5745083,2026-02-25,S-BRU-01,P-ICE-004,12,72.0
7290752,2026-02-25,S-BRU-01,P-ICE-005,10,50.0
9167227,2026-02-25,S-BRU-01,P-ICE-008,19,66.5
4229821,2026-02-25,S-MIL-01,P-ICE-001,28,140.0
2609881,2026-02-25,S-MIL-01,P-ICE-003,14,70.0
9945709,2026-02-25,S-MIL-01,P-ICE-005,16,80.0
4576485,2026-02-25,S-MIL-01,P-ICE-006,7,126.0
8302077,2026-02-26,S-PAR-01,P-ICE-001,22,110.0
3579573,2026-02-26,S-PAR-01,P-ICE-002,24,144.0
1635626,2026-02-26,S-PAR-01,P-ICE-003,20,100.0
5226314,2026-02-26,S-PAR-01,P-ICE-006,7,126.0
4819259,2026-02-26,S-PAR-01,P-ICE-007,34,119.0
7785511,2026-02-26,S-BER-01,P-ICE-002,17,102.0
2984841,2026-02-26,S-BER-01,P-ICE-004,11,66.0
2060950,2026-02-26,S-BER-01,P-ICE-006,8,144.0
2217848,2026-02-26,S-BER-01,P-ICE-007,29,101.5
5862651,2026-02-26,S-AMS-01,P-ICE-001,20,100.0
2451316,2026-02-26,S-AMS-01,P-ICE-003,13,65.0
7399057,2026-02-26,S-AMS-01,P-ICE-005,13,65.0
8952193,2026-02-26,S-AMS-01,P-ICE-007,27,94.5
7559766,2026-02-26,S-AMS-01,P-ICE-008,19,66.5
5948917,2026-02-26,S-BRU-01,P-ICE-001,21,105.0
7260091,2026-02-26,S-BRU-01,P-ICE-004,12,72.0
3371859,2026-02-26,S-BRU-01,P-ICE-008,22,77.0
7611593,2026-02-26,S-MIL-01,P-ICE-001,19,95.0
6111869,2026-02-26,S-MIL-01,P-ICE-003,20,100.0
6768873,2026-02-26,S-MIL-01,P-ICE-005,15,75.0
9599207,2026-02-26,S-MIL-01,P-ICE-006,10,180.0
5240303,2026-02-26,S-MIL-01,P-ICE-008,23,80.5
1912484,2026-02-27,S-PAR-01,P-ICE-001,23,115.0
5876342,2026-02-27,S-PAR-01,P-ICE-007,34,119.0
4312117,2026-02-27,S-BER-01,P-ICE-001,20,100.0
6550757,2026-02-27,S-BER-01,P-ICE-002,17,102.0
4934808,2026-02-27,S-BER-01,P-ICE-004,15,90.0
4246367,2026-02-27,S-BER-01,P-ICE-006,8,144.0
6128383,2026-02-27,S-BER-01,P-ICE-007,27,94.5
7115185,2026-02-27,S-AMS-01,P-ICE-001,17,85.0
3829301,2026-02-27,S-AMS-01,P-ICE-003,17,85.0
4716584,2026-02-27,S-AMS-01,P-ICE-005,10,50.0
5641917,2026-02-27,S-AMS-01,P-ICE-007,27,94.5
6562703,2026-02-27,S-AMS-01,P-ICE-008,18,63.0
6124966,2026-02-27,S-BRU-01,P-ICE-002,13,78.0
2375290,2026-02-27,S-BRU-01,P-ICE-004,10,60.0
3348838,2026-02-27,S-BRU-01,P-ICE-005,12,60.0
2282825,2026-02-27,S-MIL-01,P-ICE-001,27,135.0
9509040,2026-02-27,S-MIL-01,P-ICE-003,20,100.0
7797028,2026-02-27,S-MIL-01,P-ICE-005,15,75.0
1614990,2026-02-27,S-MIL-01,P-ICE-006,7,126.0
8920589,2026-02-27,S-MIL-01,P-ICE-008,26,91.0
7585029,2026-02-28,S-PAR-01,P-ICE-001,28,140.0
5882155,2026-02-28,S-PAR-01,P-ICE-002,29,174.0
2519244,2026-02-28,S-PAR-01,P-ICE-003,23,115.0
5007754,2026-02-28,S-PAR-01,P-ICE-006,11,198.0
3782393,2026-02-28,S-PAR-01,P-ICE-007,47,164.5
3671308,2026-02-28,S-BER-01,P-ICE-001,24,120.0
3452813,2026-02-28,S-BER-01,P-ICE-002,26,156.0
7019590,2026-02-28,S-BER-01,P-ICE-004,18,108.0
4888118,2026-02-28,S-BER-01,P-ICE-006,11,198.0
1718206,2026-02-28,S-BER-01,P-ICE-007,33,115.5
7060792,2026-02-28,S-AMS-01,P-ICE-001,25,125.0
1779091,2026-02-28,S-AMS-01,P-ICE-003,21,105.0
2731828,2026-02-28,S-AMS-01,P-ICE-005,15,75.0
5588489,2026-02-28,S-AMS-01,P-ICE-007,32,112.0
3916715,2026-02-28,S-AMS-01,P-ICE-008,25,87.5
2305896,2026-02-28,S-BRU-01,P-ICE-001,22,110.0
4739628,2026-02-28,S-BRU-01,P-ICE-002,17,102.0
6788681,2026-02-28,S-BRU-01,P-ICE-004,14,84.0
1110690,2026-02-28,S-BRU-01,P-ICE-005,13,65.0
3778404,2026-02-28,S-BRU-01,P-ICE-008,21,73.5
5711201,2026-02-28,S-MIL-01,P-ICE-001,31,155.0
7077092,2026-02-28,S-MIL-01,P-ICE-003,19,95.0
4864570,2026-02-28,S-MIL-01,P-ICE-005,19,95.0
2901507,2026-02-28,S-MIL-01,P-ICE-006,10,180.0
4535025,2026-02-28,S-MIL-01,P-ICE-008,32,112.0
7893744,2026-03-01,S-PAR-01,P-ICE-001,35,175.0
3703298,2026-03-01,S-PAR-01,P-ICE-002,21,126.0
3463987,2026-03-01,S-PAR-01,P-ICE-003,24,120.0
4020528,2026-03-01,S-PAR-01,P-ICE-006,10,180.0
1312392,2026-03-01,S-PAR-01,P-ICE-007,40,140.0
2438621,2026-03-01,S-BER-01,P-ICE-002,25,150.0
8909005,2026-03-01,S-BER-01,P-ICE-004,19,114.0
3394312,2026-03-01,S-BER-01,P-ICE-007,40,140.0
4051509,2026-03-01,S-AMS-01,P-ICE-001,29,145.0
3813903,2026-03-01,S-AMS-01,P-ICE-003,18,90.0
8607966,2026-03-01,S-AMS-01,P-ICE-005,13,65.0
7345333,2026-03-01,S-AMS-01,P-ICE-007,26,91.0
4394845,2026-03-01,S-AMS-01,P-ICE-008,23,80.5
8042991,2026-03-01,S-BRU-01,P-ICE-001,27,135.0
3976650,2026-03-01,S-BRU-01,P-ICE-002,19,114.0
1654924,2026-03-01,S-BRU-01,P-ICE-004,15,90.0
2563468,2026-03-01,S-BRU-01,P-ICE-008,27,94.5
1020136,2026-03-01,S-MIL-01,P-ICE-001,26,130.0
9758448,2026-03-01,S-MIL-01,P-ICE-005,18,90.0
9888846,2026-03-01,S-MIL-01,P-ICE-006,12,216.0
9088689,2026-03-01,S-MIL-01,P-ICE-008,39,136.5
2639417,2026-03-02,S-PAR-01,P-ICE-001,25,125.0
4900918,2026-03-02,S-PAR-01,P-ICE-002,19,114.0
7855954,2026-03-02,S-PAR-01,P-ICE-006,9,162.0
1119354,2026-03-02,S-PAR-01,P-ICE-007,26,91.0
1120696,2026-03-02,S-BER-01,P-ICE-001,19,95.0
6299951,2026-03-02,S-BER-01,P-ICE-002,15,90.0
8148295,2026-03-02,S-BER-01,P-ICE-004,12,72.0
9994347,2026-03-02,S-BER-01,P-ICE-006,7,126.0
5623138,2026-03-02,S-BER-01,P-ICE-007,26,91.0
9094465,2026-03-02,S-AMS-01,P-ICE-003,13,65.0
9116148,2026-03-02,S-AMS-01,P-ICE-005,12,60.0
6777340,2026-03-02,S-AMS-01,P-ICE-007,23,80.5
3316405,2026-03-02,S-AMS-01,P-ICE-008,21,73.5
8492618,2026-03-02,S-BRU-01,P-ICE-002,16,96.0
2682396,2026-03-02,S-BRU-01,P-ICE-004,14,84.0
6678044,2026-03-02,S-BRU-01,P-ICE-005,10,50.0
1873301,2026-03-02,S-BRU-01,P-ICE-008,20,70.0
1088762,2026-03-02,S-MIL-01,P-ICE-001,29,145.0
8913286,2026-03-02,S-MIL-01,P-ICE-003,20,100.0
4720687,2026-03-02,S-MIL-01,P-ICE-006,7,126.0
7447920,2026-03-02,S-MIL-01,P-ICE-008,27,94.5
5806156,2026-03-03,S-PAR-01,P-ICE-002,22,132.0
3940561,2026-03-03,S-PAR-01,P-ICE-003,20,100.0
4384085,2026-03-03,S-PAR-01,P-ICE-006,9,162.0
9565571,2026-03-03,S-BER-01,P-ICE-002,15,90.0
3843451,2026-03-03,S-BER-01,P-ICE-004,13,78.0
1004819,2026-03-03,S-BER-01,P-ICE-006,7,126.0
7701385,2026-03-03,S-AMS-01,P-ICE-001,18,90.0
4360650,2026-03-03,S-AMS-01,P-ICE-003,14,70.0
2151205,2026-03-03,S-AMS-01,P-ICE-005,12,60.0
6840069,2026-03-03,S-AMS-01,P-ICE-008,24,84.0
4796608,2026-03-03,S-BRU-01,P-ICE-001,21,105.0
7777264,2026-03-03,S-BRU-01,P-ICE-002,12,72.0
7830585,2026-03-03,S-BRU-01,P-ICE-004,10,60.0
9441777,2026-03-03,S-BRU-01,P-ICE-005,10,50.0
9611521,2026-03-03,S-BRU-01,P-ICE-008,23,80.5
8428425,2026-03-03,S-MIL-01,P-ICE-005,14,70.0
6698561,2026-03-03,S-MIL-01,P-ICE-008,29,101.5
1458868,2026-03-04,S-PAR-01,P-ICE-002,20,120.0
7420191,2026-03-04,S-PAR-01,P-ICE-003,17,85.0
4857587,2026-03-04,S-PAR-01,P-ICE-006,11,198.0
6923972,2026-03-04,S-PAR-01,P-ICE-007,32,112.0
5418274,2026-03-04,S-BER-01,P-ICE-001,18,90.0
6737688,2026-03-04,S-BER-01,P-ICE-002,15,90.0
8995273,2026-03-04,S-BER-01,P-ICE-004,17,102.0
5514342,2026-03-04,S-BER-01,P-ICE-006,7,126.0
4190481,2026-03-04,S-BER-01,P-ICE-007,31,108.5
5061034,2026-03-04,S-AMS-01,P-ICE-001,18,90.0
5189194,2026-03-04,S-AMS-01,P-ICE-005,10,50.0
2789949,2026-03-04,S-AMS-01,P-ICE-007,24,84.0
9265544,2026-03-04,S-AMS-01,P-ICE-008,18,63.0
1709057,2026-03-04,S-BRU-01,P-ICE-001,20,100.0
6291817,2026-03-04,S-BRU-01,P-ICE-002,13,78.0
5609255,2026-03-04,S-BRU-01,P-ICE-004,14,84.0
9575399,2026-03-04,S-BRU-01,P-ICE-005,12,60.0
3151610,2026-03-04,S-BRU-01,P-ICE-008,17,59.5
9024879,2026-03-04,S-MIL-01,P-ICE-001,27,135.0
3932663,2026-03-04,S-MIL-01,P-ICE-005,13,65.0
9694039,2026-03-04,S-MIL-01,P-ICE-006,7,126.0
1198306,2026-03-04,S-MIL-01,P-ICE-008,28,98.0
2690268,2026-03-05,S-PAR-01,P-ICE-001,25,125.0
5357055,2026-03-05,S-PAR-01,P-ICE-002,22,132.0
5519920,2026-03-05,S-PAR-01,P-ICE-003,17,85.0
7139188,2026-03-05,S-PAR-01,P-ICE-006,10,180.0
8031212,2026-03-05,S-PAR-01,P-ICE-007,32,112.0
7720828,2026-03-05,S-BER-01,P-ICE-001,21,105.0
3200150,2026-03-05,S-BER-01,P-ICE-002,15,90.0
5528994,2026-03-05,S-BER-01,P-ICE-006,9,162.0
7390162,2026-03-05,S-BER-01,P-ICE-007,29,101.5
3509000,2026-03-05,S-AMS-01,P-ICE-001,23,115.0
8071943,2026-03-05,S-AMS-01,P-ICE-003,11,55.0
9673937,2026-03-05,S-AMS-01,P-ICE-005,14,70.0
9164132,2026-03-05,S-AMS-01,P-ICE-007,24,84.0
1800429,2026-03-05,S-AMS-01,P-ICE-008,22,77.0
2007243,2026-03-05,S-BRU-01,P-ICE-001,20,100.0
2615677,2026-03-05,S-BRU-01,P-ICE-002,13,78.0
7055937,2026-03-05,S-BRU-01,P-ICE-004,11,66.0
5323737,2026-03-05,S-BRU-01,P-ICE-005,10,50.0
6890320,2026-03-05,S-BRU-01,P-ICE-008,19,66.5
3928275,2026-03-05,S-MIL-01,P-ICE-005,14,70.0
9563838,2026-03-05,S-MIL-01,P-ICE-008,24,84.0
2315459,2026-03-06,S-PAR-01,P-ICE-001,29,145.0
3430151,2026-03-06,S-PAR-01,P-ICE-002,19,114.0
8076906,2026-03-06,S-PAR-01,P-ICE-006,11,198.0
2196955,2026-03-06,S-PAR-01,P-ICE-007,34,119.0
6259356,2026-03-06,S-BER-01,P-ICE-001,21,105.0
5487442,2026-03-06,S-BER-01,P-ICE-002,16,96.0
8464156,2026-03-06,S-BER-01,P-ICE-004,14,84.0
9739850,2026-03-06,S-BER-01,P-ICE-006,9,162.0
1387572,2026-03-06,S-AMS-01,P-ICE-001,18,90.0
5221936,2026-03-06,S-AMS-01,P-ICE-003,13,65.0
3800292,2026-03-06,S-AMS-01,P-ICE-007,21,73.5
8938740,2026-03-06,S-AMS-01,P-ICE-008,18,63.0
7660764,2026-03-06,S-BRU-01,P-ICE-001,15,75.0
2743629,2026-03-06,S-BRU-01,P-ICE-002,17,102.0
7540534,2026-03-06,S-BRU-01,P-ICE-004,10,60.0
5767670,2026-03-06,S-BRU-01,P-ICE-005,9,45.0
9837269,2026-03-06,S-BRU-01,P-ICE-008,17,59.5
6986802,2026-03-06,S-MIL-01,P-ICE-001,20,100.0
5570355,2026-03-06,S-MIL-01,P-ICE-005,14,70.0
3970181,2026-03-06,S-MIL-01,P-ICE-006,7,126.0
8297709,2026-03-06,S-MIL-01,P-ICE-008,26,91.0
6195254,2026-03-07,S-PAR-01,P-ICE-001,35,175.0
2502467,2026-03-07,S-PAR-01,P-ICE-003,21,105.0
5358838,2026-03-07,S-PAR-01,P-ICE-006,11,198.0
9779789,2026-03-07,S-PAR-01,P-ICE-007,34,119.0
6769431,2026-03-07,S-BER-01,P-ICE-001,32,160.0
9253243,2026-03-07,S-BER-01,P-ICE-002,22,132.0
8221506,2026-03-07,S-BER-01,P-ICE-006,8,144.0
1121097,2026-03-07,S-BER-01,P-ICE-007,37,129.5
8333427,2026-03-07,S-AMS-01,P-ICE-001,22,110.0
7538471,2026-03-07,S-AMS-01,P-ICE-003,16,80.0
2328918,2026-03-07,S-AMS-01,P-ICE-005,13,65.0
5561139,2026-03-07,S-AMS-01,P-ICE-007,29,101.5
5510085,2026-03-07,S-AMS-01,P-ICE-008,30,105.0
4060284,2026-03-07,S-BRU-01,P-ICE-001,26,130.0
8639388,2026-03-07,S-BRU-01,P-ICE-002,15,90.0
9254323,2026-03-07,S-BRU-01,P-ICE-004,13,78.0
1832687,2026-03-07,S-BRU-01,P-ICE-005,10,50.0
5733096,2026-03-07,S-MIL-01,P-ICE-001,37,185.0
1137641,2026-03-07,S-MIL-01,P-ICE-003,24,120.0
9280890,2026-03-07,S-MIL-01,P-ICE-005,15,75.0
9361693,2026-03-07,S-MIL-01,P-ICE-006,10,180.0
6540652,2026-03-08,S-PAR-01,P-ICE-001,37,185.0
3450947,2026-03-08,S-PAR-01,P-ICE-002,29,174.0
2197636,2026-03-08,S-PAR-01,P-ICE-003,26,130.0
5195637,2026-03-08,S-PAR-01,P-ICE-006,10,180.0
3046175,2026-03-08,S-PAR-01,P-ICE-007,48,168.0
8431651,2026-03-08,S-BER-01,P-ICE-002,21,126.0
4341683,2026-03-08,S-BER-01,P-ICE-004,22,132.0
9743263,2026-03-08,S-BER-01,P-ICE-006,11,198.0
7528399,2026-03-08,S-BER-01,P-ICE-007,31,108.5
6420100,2026-03-08,S-AMS-01,P-ICE-001,24,120.0
9739692,2026-03-08,S-AMS-01,P-ICE-003,20,100.0
6013251,2026-03-08,S-AMS-01,P-ICE-005,14,70.0
4653880,2026-03-08,S-AMS-01,P-ICE-007,37,129.5
1252794,2026-03-08,S-BRU-01,P-ICE-001,22,110.0
3007387,2026-03-08,S-BRU-01,P-ICE-002,16,96.0
1704531,2026-03-08,S-BRU-01,P-ICE-004,13,78.0
3600333,2026-03-08,S-BRU-01,P-ICE-005,14,70.0
3645741,2026-03-08,S-BRU-01,P-ICE-008,21,73.5
6677780,2026-03-08,S-MIL-01,P-ICE-001,33,165.0
3582322,2026-03-08,S-MIL-01,P-ICE-006,9,162.0
3111034,2026-03-08,S-MIL-01,P-ICE-008,37,129.5
6827024,2026-03-09,S-PAR-01,P-ICE-001,25,125.0
4237420,2026-03-09,S-PAR-01,P-ICE-002,20,120.0
3260430,2026-03-09,S-PAR-01,P-ICE-003,18,90.0
8340032,2026-03-09,S-PAR-01,P-ICE-006,7,126.0
9222379,2026-03-09,S-PAR-01,P-ICE-007,34,119.0
6832845,2026-03-09,S-BER-01,P-ICE-001,20,100.0
3690116,2026-03-09,S-BER-01,P-ICE-002,17,102.0
5960564,2026-03-09,S-BER-01,P-ICE-004,12,72.0
8618181,2026-03-09,S-BER-01,P-ICE-006,8,144.0
7359295,2026-03-09,S-BER-01,P-ICE-007,30,105.0
7108168,2026-03-09,S-AMS-01,P-ICE-001,24,120.0
2062698,2026-03-09,S-AMS-01,P-ICE-003,13,65.0
7501017,2026-03-09,S-AMS-01,P-ICE-005,12,60.0
3585897,2026-03-09,S-AMS-01,P-ICE-007,28,98.0
6402667,2026-03-09,S-AMS-01,P-ICE-008,20,70.0
2118702,2026-03-09,S-BRU-01,P-ICE-001,19,95.0
3997061,2026-03-09,S-BRU-01,P-ICE-002,17,102.0
2656810,2026-03-09,S-BRU-01,P-ICE-005,10,50.0
7519606,2026-03-09,S-BRU-01,P-ICE-008,21,73.5
5293936,2026-03-09,S-MIL-01,P-ICE-001,25,125.0
2189067,2026-03-09,S-MIL-01,P-ICE-003,15,75.0
9244416,2026-03-09,S-MIL-01,P-ICE-005,16,80.0
2018380,2026-03-09,S-MIL-01,P-ICE-008,26,91.0
7978536,2026-03-10,S-PAR-01,P-ICE-001,29,145.0
1978112,2026-03-10,S-PAR-01,P-ICE-002,23,138.0
1682046,2026-03-10,S-PAR-01,P-ICE-003,17,85.0
2307538,2026-03-10,S-PAR-01,P-ICE-006,11,198.0
9919792,2026-03-10,S-BER-01,P-ICE-002,19,114.0
5173551,2026-03-10,S-BER-01,P-ICE-004,13,78.0
7965641,2026-03-10,S-BER-01,P-ICE-006,9,162.0
7005628,2026-03-10,S-BER-01,P-ICE-007,31,108.5
8165129,2026-03-10,S-AMS-01,P-ICE-001,22,110.0
7737011,2026-03-10,S-AMS-01,P-ICE-005,10,50.0
9957363,2026-03-10,S-AMS-01,P-ICE-007,27,94.5
6287423,2026-03-10,S-BRU-01,P-ICE-001,17,85.0
7236418,2026-03-10,S-BRU-01,P-ICE-002,17,102.0
6426605,2026-03-10,S-BRU-01,P-ICE-004,12,72.0
4589118,2026-03-10,S-BRU-01,P-ICE-005,11,55.0
5262908,2026-03-10,S-BRU-01,P-ICE-008,20,70.0
7662074,2026-03-10,S-MIL-01,P-ICE-001,24,120.0
5772818,2026-03-10,S-MIL-01,P-ICE-003,14,70.0
6064062,2026-03-10,S-MIL-01,P-ICE-005,14,70.0
4604128,2026-03-10,S-MIL-01,P-ICE-006,10,180.0
5629792,2026-03-11,S-PAR-01,P-ICE-001,30,150.0
3595683,2026-03-11,S-PAR-01,P-ICE-003,20,100.0
3619042,2026-03-11,S-PAR-01,P-ICE-006,9,162.0
5191903,2026-03-11,S-PAR-01,P-ICE-007,32,112.0
2541912,2026-03-11,S-BER-01,P-ICE-001,26,130.0
4647992,2026-03-11,S-BER-01,P-ICE-002,18,108.0
9095563,2026-03-11,S-BER-01,P-ICE-004,16,96.0
2599943,2026-03-11,S-BER-01,P-ICE-006,9,162.0
7401281,2026-03-11,S-BER-01,P-ICE-007,26,91.0
6610127,2026-03-11,S-AMS-01,P-ICE-001,17,85.0
7988074,2026-03-11,S-AMS-01,P-ICE-003,16,80.0
1191837,2026-03-11,S-AMS-01,P-ICE-007,29,101.5
1908116,2026-03-11,S-AMS-01,P-ICE-008,23,80.5
3509536,2026-03-11,S-BRU-01,P-ICE-001,15,75.0
3570227,2026-03-11,S-BRU-01,P-ICE-002,16,96.0
7591477,2026-03-11,S-BRU-01,P-ICE-004,13,78.0
2511341,2026-03-11,S-BRU-01,P-ICE-008,20,70.0
7615632,2026-03-11,S-MIL-01,P-ICE-001,23,115.0
8983516,2026-03-11,S-MIL-01,P-ICE-003,16,80.0
7697318,2026-03-11,S-MIL-01,P-ICE-005,11,55.0
8289551,2026-03-11,S-MIL-01,P-ICE-006,8,144.0
3262755,2026-03-11,S-MIL-01,P-ICE-008,23,80.5
7632348,2026-03-12,S-PAR-01,P-ICE-001,24,120.0
9795418,2026-03-12,S-PAR-01,P-ICE-002,18,108.0
8215305,2026-03-12,S-PAR-01,P-ICE-003,16,80.0
2503148,2026-03-12,S-PAR-01,P-ICE-006,11,198.0
7128174,2026-03-12,S-PAR-01,P-ICE-007,33,115.5
1406123,2026-03-12,S-BER-01,P-ICE-001,21,105.0
6867267,2026-03-12,S-BER-01,P-ICE-002,15,90.0
8419054,2026-03-12,S-BER-01,P-ICE-004,17,102.0
4917305,2026-03-12,S-BER-01,P-ICE-006,8,144.0
2439727,2026-03-12,S-BER-01,P-ICE-007,27,94.5
3477610,2026-03-12,S-AMS-01,P-ICE-001,17,85.0
2866934,2026-03-12,S-AMS-01,P-ICE-005,9,45.0
6567967,2026-03-12,S-AMS-01,P-ICE-007,26,91.0
4419219,2026-03-12,S-AMS-01,P-ICE-008,22,77.0
9103837,2026-03-12,S-BRU-01,P-ICE-001,20,100.0
1308508,2026-03-12,S-BRU-01,P-ICE-002,17,102.0
9838222,2026-03-12,S-BRU-01,P-ICE-004,14,84.0
5764956,2026-03-12,S-BRU-01,P-ICE-005,9,45.0
5551347,2026-03-12,S-BRU-01,P-ICE-008,21,73.5
1139824,2026-03-12,S-MIL-01,P-ICE-001,26,130.0
7043474,2026-03-12,S-MIL-01,P-ICE-003,19,95.0
7484783,2026-03-12,S-MIL-01,P-ICE-006,10,180.0
2671072,2026-03-12,S-MIL-01,P-ICE-008,25,87.5
2476741,2026-03-13,S-PAR-01,P-ICE-002,22,132.0
8683734,2026-03-13,S-PAR-01,P-ICE-003,19,95.0
1666934,2026-03-13,S-PAR-01,P-ICE-006,10,180.0
6596369,2026-03-13,S-PAR-01,P-ICE-007,34,119.0
1308234,2026-03-13,S-BER-01,P-ICE-001,25,125.0
6072192,2026-03-13,S-BER-01,P-ICE-002,17,102.0
9409604,2026-03-13,S-BER-01,P-ICE-004,17,102.0
5323142,2026-03-13,S-BER-01,P-ICE-006,6,108.0
5700872,2026-03-13,S-AMS-01,P-ICE-003,12,60.0
7590872,2026-03-13,S-AMS-01,P-ICE-005,11,55.0
7412371,2026-03-13,S-AMS-01,P-ICE-007,22,77.0
4815608,2026-03-13,S-AMS-01,P-ICE-008,24,84.0
8154895,2026-03-13,S-BRU-01,P-ICE-001,19,95.0
4468811,2026-03-13,S-BRU-01,P-ICE-005,11,55.0
4394202,2026-03-13,S-BRU-01,P-ICE-008,21,73.5
9787997,2026-03-13,S-MIL-01,P-ICE-003,19,95.0
3435253,2026-03-13,S-MIL-01,P-ICE-006,10,180.0
3651604,2026-03-13,S-MIL-01,P-ICE-008,27,94.5
2986209,2026-03-14,S-PAR-01,P-ICE-001,35,175.0
3441467,2026-03-14,S-PAR-01,P-ICE-002,30,180.0
7946441,2026-03-14,S-PAR-01,P-ICE-003,27,135.0
5593537,2026-03-14,S-PAR-01,P-ICE-007,47,164.5
3206973,2026-03-14,S-BER-01,P-ICE-001,25,125.0
5477211,2026-03-14,S-BER-01,P-ICE-002,25,150.0
4895376,2026-03-14,S-BER-01,P-ICE-004,19,114.0
2333376,2026-03-14,S-BER-01,P-ICE-006,8,144.0
9427608,2026-03-14,S-BER-01,P-ICE-007,36,126.0
7273997,2026-03-14,S-AMS-01,P-ICE-001,26,130.0
8949832,2026-03-14,S-AMS-01,P-ICE-003,18,90.0
1540722,2026-03-14,S-AMS-01,P-ICE-005,13,65.0
5527477,2026-03-14,S-AMS-01,P-ICE-007,39,136.5
4402982,2026-03-14,S-BRU-01,P-ICE-001,25,125.0
8369982,2026-03-14,S-BRU-01,P-ICE-002,15,90.0
8676330,2026-03-14,S-BRU-01,P-ICE-005,12,60.0
7381619,2026-03-14,S-MIL-01,P-ICE-001,35,175.0
9995261,2026-03-14,S-MIL-01,P-ICE-003,21,105.0
1646123,2026-03-14,S-MIL-01,P-ICE-005,20,100.0
1711620,2026-03-14,S-MIL-01,P-ICE-006,11,198.0
1658532,2026-03-15,S-PAR-01,P-ICE-001,34,170.0
1827040,2026-03-15,S-PAR-01,P-ICE-002,27,162.0
6109570,2026-03-15,S-PAR-01,P-ICE-003,24,120.0
3793181,2026-03-15,S-PAR-01,P-ICE-006,11,198.0
1915141,2026-03-15,S-PAR-01,P-ICE-007,45,157.5
8777564,2026-03-15,S-BER-01,P-ICE-001,33,165.0
9399643,2026-03-15,S-BER-01,P-ICE-002,22,132.0
3270069,2026-03-15,S-BER-01,P-ICE-004,20,120.0
1417955,2026-03-15,S-BER-01,P-ICE-006,9,162.0
4387856,2026-03-15,S-BER-01,P-ICE-007,37,129.5
3751363,2026-03-15,S-AMS-01,P-ICE-003,17,85.0
2915369,2026-03-15,S-AMS-01,P-ICE-005,12,60.0
2431206,2026-03-15,S-AMS-01,P-ICE-007,34,119.0
9584338,2026-03-15,S-AMS-01,P-ICE-008,27,94.5
7385526,2026-03-15,S-BRU-01,P-ICE-001,20,100.0
6623607,2026-03-15,S-BRU-01,P-ICE-002,16,96.0
3518087,2026-03-15,S-BRU-01,P-ICE-004,16,96.0
1860847,2026-03-15,S-BRU-01,P-ICE-005,11,55.0
8486970,2026-03-15,S-BRU-01,P-ICE-008,23,80.5
3207395,2026-03-15,S-MIL-01,P-ICE-001,27,135.0
1204812,2026-03-15,S-MIL-01,P-ICE-005,20,100.0
1096478,2026-03-15,S-MIL-01,P-ICE-006,12,216.0
4638539,2026-03-15,S-MIL-01,P-ICE-008,33,115.5
7881198,2026-03-16,S-PAR-01,P-ICE-001,27,135.0
1110277,2026-03-16,S-PAR-01,P-ICE-002,22,132.0
4483580,2026-03-16,S-PAR-01,P-ICE-003,20,100.0
6855581,2026-03-16,S-PAR-01,P-ICE-006,8,144.0
6007018,2026-03-16,S-PAR-01,P-ICE-007,39,136.5
2826831,2026-03-16,S-BER-01,P-ICE-001,19,95.0
5771113,2026-03-16,S-BER-01,P-ICE-002,16,96.0
3976601,2026-03-16,S-BER-01,P-ICE-004,16,96.0
1601296,2026-03-16,S-BER-01,P-ICE-007,27,94.5
7183568,2026-03-16,S-AMS-01,P-ICE-001,19,95.0
2089275,2026-03-16,S-AMS-01,P-ICE-005,13,65.0
5603979,2026-03-16,S-AMS-01,P-ICE-007,22,77.0
4520621,2026-03-16,S-AMS-01,P-ICE-008,21,73.5
2833787,2026-03-16,S-BRU-01,P-ICE-001,19,95.0
9874251,2026-03-16,S-BRU-01,P-ICE-002,17,102.0
5818203,2026-03-16,S-BRU-01,P-ICE-005,11,55.0
5356372,2026-03-16,S-BRU-01,P-ICE-008,23,80.5
6936673,2026-03-16,S-MIL-01,P-ICE-001,30,150.0
9350710,2026-03-16,S-MIL-01,P-ICE-005,14,70.0
4904421,2026-03-16,S-MIL-01,P-ICE-006,7,126.0
1026523,2026-03-16,S-MIL-01,P-ICE-008,32,112.0
2978465,2026-03-17,S-PAR-01,P-ICE-001,27,135.0
7956372,2026-03-17,S-PAR-01,P-ICE-002,19,114.0
4562439,2026-03-17,S-PAR-01,P-ICE-003,18,90.0
5724912,2026-03-17,S-PAR-01,P-ICE-006,8,144.0
6037929,2026-03-17,S-PAR-01,P-ICE-007,28,98.0
1102865,2026-03-17,S-BER-01,P-ICE-001,21,105.0
7644605,2026-03-17,S-BER-01,P-ICE-002,17,102.0
1488508,2026-03-17,S-BER-01,P-ICE-004,15,90.0
6669639,2026-03-17,S-BER-01,P-ICE-006,7,126.0
1596568,2026-03-17,S-AMS-01,P-ICE-001,21,105.0
8727886,2026-03-17,S-AMS-01,P-ICE-003,15,75.0
7944979,2026-03-17,S-AMS-01,P-ICE-007,24,84.0
6293259,2026-03-17,S-BRU-01,P-ICE-001,19,95.0
6565326,2026-03-17,S-BRU-01,P-ICE-002,12,72.0
6932348,2026-03-17,S-BRU-01,P-ICE-004,14,84.0
1522998,2026-03-17,S-BRU-01,P-ICE-005,9,45.0
9963616,2026-03-17,S-BRU-01,P-ICE-008,19,66.5
7535837,2026-03-17,S-MIL-01,P-ICE-001,26,130.0
6172103,2026-03-17,S-MIL-01,P-ICE-003,15,75.0
1530633,2026-03-17,S-MIL-01,P-ICE-005,13,65.0
4986975,2026-03-17,S-MIL-01,P-ICE-006,7,126.0
6077267,2026-03-17,S-MIL-01,P-ICE-008,30,105.0
2882928,2026-03-18,S-PAR-01,P-ICE-001,25,125.0
4390648,2026-03-18,S-PAR-01,P-ICE-002,17,102.0
9097744,2026-03-18,S-PAR-01,P-ICE-006,8,144.0
9111313,2026-03-18,S-BER-01,P-ICE-001,21,105.0
6491819,2026-03-18,S-BER-01,P-ICE-002,18,108.0
9659503,2026-03-18,S-BER-01,P-ICE-004,17,102.0
1613249,2026-03-18,S-BER-01,P-ICE-006,7,126.0
9763492,2026-03-18,S-BER-01,P-ICE-007,31,108.5
1738700,2026-03-18,S-AMS-01,P-ICE-001,19,95.0
2460891,2026-03-18,S-AMS-01,P-ICE-003,15,75.0
2729778,2026-03-18,S-AMS-01,P-ICE-005,14,70.0
6242557,2026-03-18,S-AMS-01,P-ICE-007,28,98.0
4520626,2026-03-18,S-AMS-01,P-ICE-008,25,87.5
5641409,2026-03-18,S-BRU-01,P-ICE-001,16,80.0
2973853,2026-03-18,S-BRU-01,P-ICE-002,16,96.0
2920326,2026-03-18,S-BRU-01,P-ICE-004,10,60.0
9624506,2026-03-18,S-BRU-01,P-ICE-005,11,55.0
6343290,2026-03-18,S-BRU-01,P-ICE-008,20,70.0
5752443,2026-03-18,S-MIL-01,P-ICE-001,30,150.0
6224048,2026-03-18,S-MIL-01,P-ICE-003,15,75.0
8443172,2026-03-18,S-MIL-01,P-ICE-005,13,65.0
1846511,2026-03-18,S-MIL-01,P-ICE-006,7,126.0
8154907,2026-03-18,S-MIL-01,P-ICE-008,22,77.0
8479891,2026-03-19,S-PAR-01,P-ICE-001,30,150.0
4324357,2026-03-19,S-PAR-01,P-ICE-002,20,120.0
9950391,2026-03-19,S-PAR-01,P-ICE-003,21,105.0
8813071,2026-03-19,S-PAR-01,P-ICE-006,11,198.0
8856366,2026-03-19,S-PAR-01,P-ICE-007,29,101.5
8808058,2026-03-19,S-BER-01,P-ICE-001,21,105.0
3411249,2026-03-19,S-BER-01,P-ICE-002,21,126.0
7577959,2026-03-19,S-BER-01,P-ICE-006,9,162.0
6541983,2026-03-19,S-BER-01,P-ICE-007,34,119.0
8604827,2026-03-19,S-AMS-01,P-ICE-001,24,120.0
2893930,2026-03-19,S-AMS-01,P-ICE-003,12,60.0
3865574,2026-03-19,S-AMS-01,P-ICE-005,12,60.0
3137316,2026-03-19,S-AMS-01,P-ICE-007,25,87.5
2794848,2026-03-19,S-AMS-01,P-ICE-008,22,77.0
6068701,2026-03-19,S-BRU-01,P-ICE-001,20,100.0
7936404,2026-03-19,S-BRU-01,P-ICE-002,14,84.0
3667917,2026-03-19,S-BRU-01,P-ICE-004,11,66.0
8233471,2026-03-19,S-BRU-01,P-ICE-008,19,66.5
6741177,2026-03-19,S-MIL-01,P-ICE-001,24,120.0
2306851,2026-03-19,S-MIL-01,P-ICE-003,16,80.0
9164301,2026-03-19,S-MIL-01,P-ICE-005,15,75.0
6458938,2026-03-19,S-MIL-01,P-ICE-006,9,162.0
3955709,2026-03-19,S-MIL-01,P-ICE-008,31,108.5
2824432,2026-03-20,S-PAR-01,P-ICE-001,26,130.0
7357071,2026-03-20,S-PAR-01,P-ICE-002,22,132.0
2031500,2026-03-20,S-PAR-01,P-ICE-003,21,105.0
1003092,2026-03-20,S-PAR-01,P-ICE-006,11,198.0
8599649,2026-03-20,S-PAR-01,P-ICE-007,37,129.5
8502096,2026-03-20,S-BER-01,P-ICE-001,22,110.0
6311628,2026-03-20,S-BER-01,P-ICE-002,19,114.0
6109503,2026-03-20,S-BER-01,P-ICE-004,16,96.0
2497994,2026-03-20,S-AMS-01,P-ICE-001,24,120.0
9563491,2026-03-20,S-AMS-01,P-ICE-003,15,75.0
5935599,2026-03-20,S-AMS-01,P-ICE-005,10,50.0
1891328,2026-03-20,S-AMS-01,P-ICE-007,31,108.5
7027124,2026-03-20,S-AMS-01,P-ICE-008,23,80.5
1523193,2026-03-20,S-BRU-01,P-ICE-001,17,85.0
7614724,2026-03-20,S-BRU-01,P-ICE-002,16,96.0
7812097,2026-03-20,S-BRU-01,P-ICE-004,13,78.0
3909338,2026-03-20,S-BRU-01,P-ICE-005,11,55.0
7452434,2026-03-20,S-BRU-01,P-ICE-008,18,63.0
8000050,2026-03-20,S-MIL-01,P-ICE-001,24,120.0
3106365,2026-03-20,S-MIL-01,P-ICE-003,22,110.0
1263533,2026-03-20,S-MIL-01,P-ICE-005,12,60.0
8327199,2026-03-20,S-MIL-01,P-ICE-006,10,180.0
7976896,2026-03-21,S-PAR-01,P-ICE-001,29,145.0
4016499,2026-03-21,S-PAR-01,P-ICE-006,14,252.0
8550515,2026-03-21,S-PAR-01,P-ICE-007,42,147.0
8126489,2026-03-21,S-BER-01,P-ICE-001,26,130.0
4972005,2026-03-21,S-BER-01,P-ICE-002,23,138.0
7156735,2026-03-21,S-BER-01,P-ICE-004,17,102.0
9107893,2026-03-21,S-BER-01,P-ICE-006,8,144.0
9078781,2026-03-21,S-BER-01,P-ICE-007,31,108.5
9831661,2026-03-21,S-AMS-01,P-ICE-003,20,100.0
2312558,2026-03-21,S-AMS-01,P-ICE-008,28,98.0
5114298,2026-03-21,S-BRU-01,P-ICE-001,25,125.0
2309997,2026-03-21,S-BRU-01,P-ICE-002,20,120.0
6242875,2026-03-21,S-BRU-01,P-ICE-004,15,90.0
9976368,2026-03-21,S-BRU-01,P-ICE-005,16,80.0
9601059,2026-03-21,S-BRU-01,P-ICE-008,25,87.5
6920923,2026-03-21,S-MIL-01,P-ICE-003,21,105.0
1592675,2026-03-21,S-MIL-01,P-ICE-006,10,180.0
6101462,2026-03-21,S-MIL-01,P-ICE-008,35,122.5
2030419,2026-03-22,S-PAR-01,P-ICE-001,35,175.0
1866037,2026-03-22,S-PAR-01,P-ICE-002,28,168.0
1457985,2026-03-22,S-PAR-01,P-ICE-003,22,110.0
9482495,2026-03-22,S-PAR-01,P-ICE-006,10,180.0
5228713,2026-03-22,S-PAR-01,P-ICE-007,48,168.0
5311001,2026-03-22,S-BER-01,P-ICE-001,26,130.0
3929534,2026-03-22,S-BER-01,P-ICE-002,19,114.0
7203657,2026-03-22,S-BER-01,P-ICE-006,11,198.0
4962709,2026-03-22,S-BER-01,P-ICE-007,33,115.5
1555166,2026-03-22,S-AMS-01,P-ICE-001,30,150.0
3433874,2026-03-22,S-AMS-01,P-ICE-003,16,80.0
9320631,2026-03-22,S-AMS-01,P-ICE-005,17,85.0
7428475,2026-03-22,S-AMS-01,P-ICE-007,32,112.0
3806547,2026-03-22,S-AMS-01,P-ICE-008,28,98.0
6789409,2026-03-22,S-BRU-01,P-ICE-001,26,130.0
2946062,2026-03-22,S-BRU-01,P-ICE-002,17,102.0
8989846,2026-03-22,S-BRU-01,P-ICE-004,15,90.0
9934217,2026-03-22,S-BRU-01,P-ICE-005,15,75.0
7544296,2026-03-22,S-BRU-01,P-ICE-008,27,94.5
8293631,2026-03-22,S-MIL-01,P-ICE-001,27,135.0
8529960,2026-03-22,S-MIL-01,P-ICE-003,26,130.0
9896176,2026-03-22,S-MIL-01,P-ICE-005,17,85.0
9913623,2026-03-22,S-MIL-01,P-ICE-006,9,162.0
8244164,2026-03-22,S-MIL-01,P-ICE-008,40,140.0
5573311,2026-03-23,S-PAR-01,P-ICE-001,29,145.0
2648810,2026-03-23,S-PAR-01,P-ICE-002,19,114.0
8736118,2026-03-23,S-PAR-01,P-ICE-003,20,100.0
4270310,2026-03-23,S-PAR-01,P-ICE-006,11,198.0
4018500,2026-03-23,S-PAR-01,P-ICE-007,37,129.5
1142206,2026-03-23,S-BER-01,P-ICE-001,19,95.0
2639113,2026-03-23,S-BER-01,P-ICE-002,14,84.0
6897466,2026-03-23,S-BER-01,P-ICE-004,16,96.0
4239337,2026-03-23,S-BER-01,P-ICE-006,7,126.0
1954320,2026-03-23,S-BER-01,P-ICE-007,31,108.5
3043299,2026-03-23,S-AMS-01,P-ICE-003,17,85.0
3179482,2026-03-23,S-AMS-01,P-ICE-005,10,50.0
4099902,2026-03-23,S-AMS-01,P-ICE-007,29,101.5
8834214,2026-03-23,S-BRU-01,P-ICE-001,17,85.0
8607523,2026-03-23,S-BRU-01,P-ICE-002,12,72.0
6425820,2026-03-23,S-BRU-01,P-ICE-005,10,50.0
5652111,2026-03-23,S-BRU-01,P-ICE-008,23,80.5
6581020,2026-03-23,S-MIL-01,P-ICE-001,24,120.0
3985161,2026-03-23,S-MIL-01,P-ICE-005,16,80.0
4366669,2026-03-23,S-MIL-01,P-ICE-006,9,162.0
9255351,2026-03-23,S-MIL-01,P-ICE-008,24,84.0
8235234,2026-03-24,S-PAR-01,P-ICE-001,28,140.0
8408511,2026-03-24,S-PAR-01,P-ICE-002,23,138.0
2223386,2026-03-24,S-PAR-01,P-ICE-003,16,80.0
8480659,2026-03-24,S-PAR-01,P-ICE-006,10,180.0
1014556,2026-03-24,S-PAR-01,P-ICE-007,35,122.5
6533643,2026-03-24,S-BER-01,P-ICE-002,16,96.0
9232235,2026-03-24,S-BER-01,P-ICE-006,8,144.0
2176077,2026-03-24,S-BER-01,P-ICE-007,28,98.0
9087731,2026-03-24,S-AMS-01,P-ICE-001,17,85.0
7021650,2026-03-24,S-AMS-01,P-ICE-003,15,75.0
1926012,2026-03-24,S-AMS-01,P-ICE-005,11,55.0
2521139,2026-03-24,S-AMS-01,P-ICE-007,31,108.5
6705306,2026-03-24,S-AMS-01,P-ICE-008,26,91.0
5864699,2026-03-24,S-BRU-01,P-ICE-001,19,95.0
1659867,2026-03-24,S-BRU-01,P-ICE-002,13,78.0
7544871,2026-03-24,S-BRU-01,P-ICE-005,10,50.0
2423756,2026-03-24,S-MIL-01,P-ICE-001,24,120.0
1598917,2026-03-24,S-MIL-01,P-ICE-005,12,60.0
5001116,2026-03-24,S-MIL-01,P-ICE-006,10,180.0
6162867,2026-03-24,S-MIL-01,P-ICE-008,22,77.0
8538125,2026-03-25,S-PAR-01,P-ICE-001,33,165.0
6665977,2026-03-25,S-PAR-01,P-ICE-003,18,90.0
2982850,2026-03-25,S-PAR-01,P-ICE-006,8,144.0
9776491,2026-03-25,S-PAR-01,P-ICE-007,37,129.5
3499027,2026-03-25,S-BER-01,P-ICE-001,25,125.0
2208521,2026-03-25,S-BER-01,P-ICE-002,16,96.0
1319824,2026-03-25,S-BER-01,P-ICE-004,13,78.0
1768424,2026-03-25,S-BER-01,P-ICE-006,9,162.0
1241008,2026-03-25,S-BER-01,P-ICE-007,31,108.5
6156264,2026-03-25,S-AMS-01,P-ICE-001,17,85.0
3863692,2026-03-25,S-AMS-01,P-ICE-003,12,60.0
2783941,2026-03-25,S-AMS-01,P-ICE-005,10,50.0
4700592,2026-03-25,S-AMS-01,P-ICE-007,28,98.0
6659678,2026-03-25,S-AMS-01,P-ICE-008,20,70.0
7744585,2026-03-25,S-BRU-01,P-ICE-001,23,115.0
3304005,2026-03-25,S-BRU-01,P-ICE-002,18,108.0
4577436,2026-03-25,S-BRU-01,P-ICE-004,14,84.0
6628818,2026-03-25,S-BRU-01,P-ICE-005,11,55.0
7965133,2026-03-25,S-BRU-01,P-ICE-008,18,63.0
3768343,2026-03-25,S-MIL-01,P-ICE-001,24,120.0
1682814,2026-03-25,S-MIL-01,P-ICE-003,21,105.0
7310431,2026-03-25,S-MIL-01,P-ICE-005,16,80.0
9169958,2026-03-25,S-MIL-01,P-ICE-006,7,126.0
2495541,2026-03-25,S-MIL-01,P-ICE-008,22,77.0
5760225,2026-03-26,S-PAR-01,P-ICE-001,29,145.0
8986164,2026-03-26,S-PAR-01,P-ICE-002,24,144.0
5545782,2026-03-26,S-PAR-01,P-ICE-003,17,85.0
3928445,2026-03-26,S-PAR-01,P-ICE-006,9,162.0
4019906,2026-03-26,S-PAR-01,P-ICE-007,28,98.0
2476750,2026-03-26,S-BER-01,P-ICE-001,24,120.0
6836014,2026-03-26,S-BER-01,P-ICE-002,20,120.0
4219595,2026-03-26,S-BER-01,P-ICE-004,15,90.0
2605308,2026-03-26,S-BER-01,P-ICE-006,8,144.0
9515120,2026-03-26,S-BER-01,P-ICE-007,34,119.0
4491484,2026-03-26,S-AMS-01,P-ICE-001,24,120.0
3503452,2026-03-26,S-AMS-01,P-ICE-003,13,65.0
8959326,2026-03-26,S-AMS-01,P-ICE-005,14,70.0
1723359,2026-03-26,S-AMS-01,P-ICE-007,23,80.5
4516332,2026-03-26,S-AMS-01,P-ICE-008,21,73.5
8602555,2026-03-26,S-BRU-01,P-ICE-001,18,90.0
3950904,2026-03-26,S-BRU-01,P-ICE-002,16,96.0
9638650,2026-03-26,S-BRU-01,P-ICE-004,10,60.0
8462856,2026-03-26,S-BRU-01,P-ICE-005,12,60.0
4334495,2026-03-26,S-BRU-01,P-ICE-008,19,66.5
4859820,2026-03-26,S-MIL-01,P-ICE-001,30,150.0
2645243,2026-03-26,S-MIL-01,P-ICE-003,17,85.0
4354702,2026-03-26,S-MIL-01,P-ICE-005,14,70.0
8901905,2026-03-26,S-MIL-01,P-ICE-006,8,144.0
8312602,2026-03-26,S-MIL-01,P-ICE-008,22,77.0
8633480,2026-03-27,S-PAR-01,P-ICE-001,33,165.0
8679606,2026-03-27,S-PAR-01,P-ICE-002,21,126.0
5524723,2026-03-27,S-PAR-01,P-ICE-003,21,105.0
2000789,2026-03-27,S-PAR-01,P-ICE-006,8,144.0
8810369,2026-03-27,S-PAR-01,P-ICE-007,29,101.5
6764248,2026-03-27,S-BER-01,P-ICE-001,20,100.0
3630468,2026-03-27,S-BER-01,P-ICE-002,17,102.0
3851044,2026-03-27,S-BER-01,P-ICE-004,16,96.0
4853765,2026-03-27,S-BER-01,P-ICE-006,8,144.0
9207638,2026-03-27,S-BER-01,P-ICE-007,34,119.0
8763873,2026-03-27,S-AMS-01,P-ICE-003,15,75.0
5138170,2026-03-27,S-AMS-01,P-ICE-005,13,65.0
4731363,2026-03-27,S-AMS-01,P-ICE-007,26,91.0
1085187,2026-03-27,S-BRU-01,P-ICE-001,16,80.0
8896240,2026-03-27,S-BRU-01,P-ICE-002,12,72.0
8142021,2026-03-27,S-BRU-01,P-ICE-004,12,72.0
2644153,2026-03-27,S-BRU-01,P-ICE-005,11,55.0
1208423,2026-03-27,S-BRU-01,P-ICE-008,18,63.0
4657541,2026-03-27,S-MIL-01,P-ICE-001,25,125.0
2522188,2026-03-27,S-MIL-01,P-ICE-003,17,85.0
3714601,2026-03-27,S-MIL-01,P-ICE-005,15,75.0
1409590,2026-03-27,S-MIL-01,P-ICE-006,10,180.0
7800818,2026-03-28,S-PAR-01,P-ICE-001,30,150.0
8789590,2026-03-28,S-PAR-01,P-ICE-002,31,186.0
2186125,2026-03-28,S-PAR-01,P-ICE-003,20,100.0
9907365,2026-03-28,S-PAR-01,P-ICE-006,13,234.0
5526314,2026-03-28,S-PAR-01,P-ICE-007,42,147.0
4475340,2026-03-28,S-BER-01,P-ICE-001,31,155.0
6632022,2026-03-28,S-BER-01,P-ICE-002,19,114.0
7106747,2026-03-28,S-BER-01,P-ICE-004,15,90.0
1685757,2026-03-28,S-BER-01,P-ICE-007,35,122.5
2124172,2026-03-28,S-AMS-01,P-ICE-001,23,115.0
3322064,2026-03-28,S-AMS-01,P-ICE-003,21,105.0
9027788,2026-03-28,S-AMS-01,P-ICE-007,28,98.0
4519758,2026-03-28,S-AMS-01,P-ICE-008,32,112.0
6376490,2026-03-28,S-BRU-01,P-ICE-001,27,135.0
8095573,2026-03-28,S-BRU-01,P-ICE-002,17,102.0
6791940,2026-03-28,S-BRU-01,P-ICE-004,13,78.0
3058722,2026-03-28,S-BRU-01,P-ICE-005,14,70.0
9939831,2026-03-28,S-BRU-01,P-ICE-008,26,91.0
2101048,2026-03-28,S-MIL-01,P-ICE-003,22,110.0
2464797,2026-03-28,S-MIL-01,P-ICE-005,21,105.0
5838090,2026-03-28,S-MIL-01,P-ICE-006,13,234.0
2879460,2026-03-29,S-PAR-01,P-ICE-001,30,150.0
4426849,2026-03-29,S-PAR-01,P-ICE-002,27,162.0
5918567,2026-03-29,S-PAR-01,P-ICE-003,26,130.0
3215051,2026-03-29,S-PAR-01,P-ICE-006,13,234.0
1360413,2026-03-29,S-PAR-01,P-ICE-007,42,147.0
4897818,2026-03-29,S-BER-01,P-ICE-001,24,120.0
6635087,2026-03-29,S-BER-01,P-ICE-002,23,138.0
6474513,2026-03-29,S-BER-01,P-ICE-004,18,108.0
9894713,2026-03-29,S-BER-01,P-ICE-006,11,198.0
6101655,2026-03-29,S-BER-01,P-ICE-007,36,126.0
6142132,2026-03-29,S-AMS-01,P-ICE-001,31,155.0
9124251,2026-03-29,S-AMS-01,P-ICE-003,17,85.0
1793880,2026-03-29,S-AMS-01,P-ICE-005,14,70.0
3791109,2026-03-29,S-AMS-01,P-ICE-007,31,108.5
9981123,2026-03-29,S-AMS-01,P-ICE-008,25,87.5
3575047,2026-03-29,S-BRU-01,P-ICE-001,29,145.0
6312100,2026-03-29,S-BRU-01,P-ICE-002,16,96.0
7202069,2026-03-29,S-BRU-01,P-ICE-004,15,90.0
1581986,2026-03-29,S-BRU-01,P-ICE-005,14,70.0
3482092,2026-03-29,S-BRU-01,P-ICE-008,31,108.5
3727935,2026-03-29,S-MIL-01,P-ICE-001,33,165.0
1418175,2026-03-29,S-MIL-01,P-ICE-003,19,95.0
3439136,2026-03-29,S-MIL-01,P-ICE-005,18,90.0
9512910,2026-03-30,S-PAR-01,P-ICE-001,33,165.0
8950901,2026-03-30,S-PAR-01,P-ICE-002,24,144.0
3467651,2026-03-30,S-PAR-01,P-ICE-007,42,147.0
8417300,2026-03-30,S-BER-01,P-ICE-001,26,130.0
9035971,2026-03-30,S-BER-01,P-ICE-002,15,90.0
6168761,2026-03-30,S-BER-01,P-ICE-006,8,144.0
4697107,2026-03-30,S-BER-01,P-ICE-007,31,108.5
1923311,2026-03-30,S-AMS-01,P-ICE-001,18,90.0
9832094,2026-03-30,S-AMS-01,P-ICE-003,13,65.0
5662844,2026-03-30,S-AMS-01,P-ICE-005,14,70.0
8473546,2026-03-30,S-AMS-01,P-ICE-007,22,77.0
9586369,2026-03-30,S-AMS-01,P-ICE-008,27,94.5
9582482,2026-03-30,S-BRU-01,P-ICE-001,19,95.0
8174616,2026-03-30,S-BRU-01,P-ICE-005,9,45.0
5775640,2026-03-30,S-BRU-01,P-ICE-008,20,70.0
8475525,2026-03-30,S-MIL-01,P-ICE-001,24,120.0
8452780,2026-03-30,S-MIL-01,P-ICE-005,16,80.0
8423991,2026-03-30,S-MIL-01,P-ICE-006,9,162.0
8110724,2026-03-30,S-MIL-01,P-ICE-008,31,108.5
2444148,2026-03-31,S-PAR-01,P-ICE-001,27,135.0
9813089,2026-03-31,S-PAR-01,P-ICE-002,20,120.0
7304414,2026-03-31,S-PAR-01,P-ICE-006,12,216.0
5585697,2026-03-31,S-PAR-01,P-ICE-007,34,119.0
3297254,2026-03-31,S-BER-01,P-ICE-001,24,120.0
5856386,2026-03-31,S-BER-01,P-ICE-002,21,126.0
6066600,2026-03-31,S-BER-01,P-ICE-004,12,72.0
8775431,2026-03-31,S-BER-01,P-ICE-006,7,126.0
3584093,2026-03-31,S-BER-01,P-ICE-007,33,115.5
8927925,2026-03-31,S-AMS-01,P-ICE-001,25,125.0
5826621,2026-03-31,S-AMS-01,P-ICE-003,16,80.0
5106228,2026-03-31,S-AMS-01,P-ICE-005,12,60.0
9272010,2026-03-31,S-AMS-01,P-ICE-007,30,105.0
9061215,2026-03-31,S-BRU-01,P-ICE-001,21,105.0
8986637,2026-03-31,S-BRU-01,P-ICE-002,17,102.0
1294357,2026-03-31,S-BRU-01,P-ICE-005,10,50.0
1981641,2026-03-31,S-BRU-01,P-ICE-008,18,63.0
3273269,2026-03-31,S-MIL-01,P-ICE-001,25,125.0
7059317,2026-03-31,S-MIL-01,P-ICE-003,15,75.0
6972425,2026-03-31,S-MIL-01,P-ICE-005,17,85.0
2288937,2026-03-31,S-MIL-01,P-ICE-006,8,144.0
4074382,2026-03-31,S-MIL-01,P-ICE-008,31,108.5
3804075,2026-04-01,S-PAR-01,P-ICE-001,29,145.0
6051155,2026-04-01,S-PAR-01,P-ICE-002,25,150.0
7082121,2026-04-01,S-PAR-01,P-ICE-003,22,110.0
3411179,2026-04-01,S-PAR-01,P-ICE-006,10,180.0
7258139,2026-04-01,S-PAR-01,P-ICE-007,36,126.0
3735175,2026-04-01,S-BER-01,P-ICE-001,23,115.0
4709668,2026-04-01,S-BER-01,P-ICE-002,16,96.0
9818990,2026-04-01,S-BER-01,P-ICE-004,17,102.0
2912044,2026-04-01,S-BER-01,P-ICE-006,9,162.0
2955647,2026-04-01,S-BER-01,P-ICE-007,35,122.5
9044980,2026-04-01,S-AMS-01,P-ICE-001,25,125.0
3332267,2026-04-01,S-AMS-01,P-ICE-003,16,80.0
9776515,2026-04-01,S-AMS-01,P-ICE-005,14,70.0
6111753,2026-04-01,S-AMS-01,P-ICE-007,25,87.5
4730545,2026-04-01,S-AMS-01,P-ICE-008,26,91.0
4801288,2026-04-01,S-BRU-01,P-ICE-001,21,105.0
2318772,2026-04-01,S-BRU-01,P-ICE-002,13,78.0
2874387,2026-04-01,S-BRU-01,P-ICE-004,14,84.0
8235132,2026-04-01,S-BRU-01,P-ICE-005,12,60.0
9614751,2026-04-01,S-BRU-01,P-ICE-008,17,59.5
5244844,2026-04-01,S-MIL-01,P-ICE-001,26,130.0
1172342,2026-04-01,S-MIL-01,P-ICE-003,17,85.0
4446060,2026-04-01,S-MIL-01,P-ICE-005,16,80.0
6897756,2026-04-01,S-MIL-01,P-ICE-006,8,144.0
5653591,2026-04-01,S-MIL-01,P-ICE-008,24,84.0
9399251,2026-04-02,S-PAR-01,P-ICE-002,19,114.0
9470971,2026-04-02,S-PAR-01,P-ICE-003,21,105.0
1234617,2026-04-02,S-PAR-01,P-ICE-006,8,144.0
5728772,2026-04-02,S-PAR-01,P-ICE-007,38,133.0
1072627,2026-04-02,S-BER-01,P-ICE-001,26,130.0
9458992,2026-04-02,S-BER-01,P-ICE-004,13,78.0
4105895,2026-04-02,S-BER-01,P-ICE-007,32,112.0
4034134,2026-04-02,S-AMS-01,P-ICE-001,26,130.0
8115080,2026-04-02,S-AMS-01,P-ICE-003,18,90.0
2893232,2026-04-02,S-AMS-01,P-ICE-005,11,55.0
8816533,2026-04-02,S-AMS-01,P-ICE-007,25,87.5
7060776,2026-04-02,S-AMS-01,P-ICE-008,20,70.0
1681298,2026-04-02,S-BRU-01,P-ICE-001,20,100.0
7455555,2026-04-02,S-BRU-01,P-ICE-002,15,90.0
6234607,2026-04-02,S-BRU-01,P-ICE-004,13,78.0
4789527,2026-04-02,S-BRU-01,P-ICE-005,12,60.0
8180005,2026-04-02,S-BRU-01,P-ICE-008,19,66.5
8980532,2026-04-02,S-MIL-01,P-ICE-001,21,105.0
9248490,2026-04-02,S-MIL-01,P-ICE-005,12,60.0
9768819,2026-04-02,S-MIL-01,P-ICE-006,9,162.0
3405308,2026-04-02,S-MIL-01,P-ICE-008,23,80.5
2706614,2026-04-03,S-PAR-01,P-ICE-001,30,150.0
3830705,2026-04-03,S-PAR-01,P-ICE-002,26,156.0
6681296,2026-04-03,S-PAR-01,P-ICE-003,24,120.0
7782844,2026-04-03,S-PAR-01,P-ICE-006,11,198.0
9373678,2026-04-03,S-PAR-01,P-ICE-007,40,140.0
5579723,2026-04-03,S-BER-01,P-ICE-001,26,130.0
7714837,2026-04-03,S-BER-01,P-ICE-002,21,126.0
7785437,2026-04-03,S-BER-01,P-ICE-004,16,96.0
8627505,2026-04-03,S-BER-01,P-ICE-007,26,91.0
9342869,2026-04-03,S-AMS-01,P-ICE-001,19,95.0
1498677,2026-04-03,S-AMS-01,P-ICE-003,18,90.0
2144687,2026-04-03,S-AMS-01,P-ICE-005,10,50.0
4004727,2026-04-03,S-AMS-01,P-ICE-007,22,77.0
3562495,2026-04-03,S-AMS-01,P-ICE-008,25,87.5
2283746,2026-04-03,S-BRU-01,P-ICE-001,20,100.0
9257536,2026-04-03,S-BRU-01,P-ICE-002,15,90.0
9353359,2026-04-03,S-BRU-01,P-ICE-004,11,66.0
6764913,2026-04-03,S-BRU-01,P-ICE-005,10,50.0
1296459,2026-04-03,S-BRU-01,P-ICE-008,21,73.5
2998738,2026-04-03,S-MIL-01,P-ICE-003,18,90.0
7313879,2026-04-03,S-MIL-01,P-ICE-005,14,70.0
3967372,2026-04-03,S-MIL-01,P-ICE-006,7,126.0
6084244,2026-04-03,S-MIL-01,P-ICE-008,32,112.0
6242203,2026-04-04,S-PAR-01,P-ICE-002,27,162.0
2835125,2026-04-04,S-PAR-01,P-ICE-003,25,125.0
8882244,2026-04-04,S-PAR-01,P-ICE-006,12,216.0
9500764,2026-04-04,S-PAR-01,P-ICE-007,51,178.5
7338393,2026-04-04,S-BER-01,P-ICE-001,27,135.0
5772070,2026-04-04,S-BER-01,P-ICE-002,22,132.0
1756962,2026-04-04,S-BER-01,P-ICE-004,15,90.0
1451304,2026-04-04,S-BER-01,P-ICE-006,10,180.0
7384961,2026-04-04,S-BER-01,P-ICE-007,39,136.5
6995607,2026-04-04,S-AMS-01,P-ICE-001,25,125.0
5097480,2026-04-04,S-AMS-01,P-ICE-003,16,80.0
2425085,2026-04-04,S-AMS-01,P-ICE-005,16,80.0
6663891,2026-04-04,S-AMS-01,P-ICE-008,27,94.5
1627092,2026-04-04,S-BRU-01,P-ICE-001,25,125.0
9636236,2026-04-04,S-BRU-01,P-ICE-002,22,132.0
1373065,2026-04-04,S-BRU-01,P-ICE-005,15,75.0
2639564,2026-04-04,S-MIL-01,P-ICE-001,31,155.0
4454568,2026-04-04,S-MIL-01,P-ICE-003,19,95.0
6696526,2026-04-04,S-MIL-01,P-ICE-005,19,95.0
8314717,2026-04-04,S-MIL-01,P-ICE-006,10,180.0
2263679,2026-04-04,S-MIL-01,P-ICE-008,37,129.5
5821026,2026-04-05,S-PAR-01,P-ICE-001,36,180.0
7744899,2026-04-05,S-PAR-01,P-ICE-002,26,156.0
2542796,2026-04-05,S-PAR-01,P-ICE-003,27,135.0
6651204,2026-04-05,S-PAR-01,P-ICE-006,13,234.0
9909769,2026-04-05,S-PAR-01,P-ICE-007,46,161.0
2286168,2026-04-05,S-BER-01,P-ICE-001,26,130.0
6031638,2026-04-05,S-BER-01,P-ICE-002,22,132.0
4356734,2026-04-05,S-BER-01,P-ICE-004,19,114.0
9646460,2026-04-05,S-BER-01,P-ICE-006,9,162.0
4029979,2026-04-05,S-BER-01,P-ICE-007,42,147.0
4129604,2026-04-05,S-AMS-01,P-ICE-003,19,95.0
8839914,2026-04-05,S-AMS-01,P-ICE-005,14,70.0
8276689,2026-04-05,S-AMS-01,P-ICE-007,36,126.0
4366315,2026-04-05,S-BRU-01,P-ICE-001,20,100.0
3524512,2026-04-05,S-BRU-01,P-ICE-002,16,96.0
8304611,2026-04-05,S-BRU-01,P-ICE-004,17,102.0
2080914,2026-04-05,S-BRU-01,P-ICE-005,16,80.0
5478422,2026-04-05,S-BRU-01,P-ICE-008,30,105.0
5302460,2026-04-05,S-MIL-01,P-ICE-001,35,175.0
5001087,2026-04-05,S-MIL-01,P-ICE-003,21,105.0
5120259,2026-04-05,S-MIL-01,P-ICE-005,16,80.0
9143364,2026-04-05,S-MIL-01,P-ICE-006,10,180.0
1620819,2026-04-05,S-MIL-01,P-ICE-008,34,119.0
1488919,2026-04-06,S-PAR-01,P-ICE-001,26,130.0
3952542,2026-04-06,S-PAR-01,P-ICE-002,25,150.0
9151075,2026-04-06,S-PAR-01,P-ICE-003,16,80.0
2408104,2026-04-06,S-PAR-01,P-ICE-006,8,144.0
2066723,2026-04-06,S-PAR-01,P-ICE-007,33,115.5
2515088,2026-04-06,S-BER-01,P-ICE-002,18,108.0
3358208,2026-04-06,S-BER-01,P-ICE-004,17,102.0
9392777,2026-04-06,S-BER-01,P-ICE-006,8,144.0
9812402,2026-04-06,S-AMS-01,P-ICE-001,25,125.0
4994266,2026-04-06,S-AMS-01,P-ICE-003,18,90.0
6258152,2026-04-06,S-AMS-01,P-ICE-005,14,70.0
7542286,2026-04-06,S-AMS-01,P-ICE-007,28,98.0
8094564,2026-04-06,S-AMS-01,P-ICE-008,26,91.0
4592146,2026-04-06,S-BRU-01,P-ICE-001,16,80.0
1938272,2026-04-06,S-BRU-01,P-ICE-004,11,66.0
2895176,2026-04-06,S-BRU-01,P-ICE-005,10,50.0
5133011,2026-04-06,S-BRU-01,P-ICE-008,20,70.0
6170258,2026-04-06,S-MIL-01,P-ICE-006,10,180.0
1584005,2026-04-06,S-MIL-01,P-ICE-008,33,115.5
1917249,2026-04-07,S-PAR-01,P-ICE-001,30,150.0
5021093,2026-04-07,S-PAR-01,P-ICE-002,25,150.0
7087698,2026-04-07,S-PAR-01,P-ICE-003,19,95.0
4965830,2026-04-07,S-PAR-01,P-ICE-007,36,126.0
7593035,2026-04-07,S-BER-01,P-ICE-002,22,132.0
4950370,2026-04-07,S-BER-01,P-ICE-007,36,126.0
3688166,2026-04-07,S-AMS-01,P-ICE-001,25,125.0
7816395,2026-04-07,S-AMS-01,P-ICE-005,14,70.0
2343763,2026-04-07,S-AMS-01,P-ICE-007,25,87.5
8903600,2026-04-07,S-AMS-01,P-ICE-008,28,98.0
6582152,2026-04-07,S-BRU-01,P-ICE-001,23,115.0
2684358,2026-04-07,S-BRU-01,P-ICE-002,18,108.0
9494883,2026-04-07,S-BRU-01,P-ICE-004,13,78.0
6482263,2026-04-07,S-BRU-01,P-ICE-005,11,55.0
1874073,2026-04-07,S-BRU-01,P-ICE-008,17,59.5
8439100,2026-04-07,S-MIL-01,P-ICE-001,23,115.0
7721990,2026-04-07,S-MIL-01,P-ICE-003,16,80.0
2379624,2026-04-07,S-MIL-01,P-ICE-005,14,70.0
3182597,2026-04-07,S-MIL-01,P-ICE-006,8,144.0
6358628,2026-04-07,S-MIL-01,P-ICE-008,30,105.0
3239922,2026-04-08,S-PAR-01,P-ICE-001,33,165.0
6495887,2026-04-08,S-PAR-01,P-ICE-002,24,144.0
7954096,2026-04-08,S-PAR-01,P-ICE-003,18,90.0
7330379,2026-04-08,S-PAR-01,P-ICE-006,9,162.0
4837070,2026-04-08,S-BER-01,P-ICE-002,22,132.0
3831255,2026-04-08,S-BER-01,P-ICE-007,33,115.5
5364723,2026-04-08,S-AMS-01,P-ICE-001,23,115.0
3854188,2026-04-08,S-AMS-01,P-ICE-003,18,90.0
8300752,2026-04-08,S-AMS-01,P-ICE-007,30,105.0
9290445,2026-04-08,S-AMS-01,P-ICE-008,28,98.0
4196800,2026-04-08,S-BRU-01,P-ICE-001,21,105.0
9290765,2026-04-08,S-BRU-01,P-ICE-004,11,66.0
4466272,2026-04-08,S-BRU-01,P-ICE-005,11,55.0
5747402,2026-04-08,S-BRU-01,P-ICE-008,25,87.5
4026104,2026-04-08,S-MIL-01,P-ICE-001,23,115.0
5868629,2026-04-08,S-MIL-01,P-ICE-003,16,80.0
5166084,2026-04-08,S-MIL-01,P-ICE-006,9,162.0
8686718,2026-04-08,S-MIL-01,P-ICE-008,30,105.0
6423167,2026-04-09,S-PAR-01,P-ICE-001,28,140.0
7433986,2026-04-09,S-PAR-01,P-ICE-003,18,90.0
5298752,2026-04-09,S-PAR-01,P-ICE-006,11,198.0
1874304,2026-04-09,S-PAR-01,P-ICE-007,37,129.5
6944195,2026-04-09,S-BER-01,P-ICE-001,22,110.0
1763562,2026-04-09,S-BER-01,P-ICE-007,33,115.5
7391073,2026-04-09,S-AMS-01,P-ICE-001,22,110.0
7222689,2026-04-09,S-AMS-01,P-ICE-003,15,75.0
1689962,2026-04-09,S-AMS-01,P-ICE-005,14,70.0
9451467,2026-04-09,S-AMS-01,P-ICE-007,25,87.5
8853160,2026-04-09,S-AMS-01,P-ICE-008,22,77.0
9899034,2026-04-09,S-BRU-01,P-ICE-001,18,90.0
6255791,2026-04-09,S-BRU-01,P-ICE-002,14,84.0
5714408,2026-04-09,S-BRU-01,P-ICE-004,11,66.0
5746702,2026-04-09,S-BRU-01,P-ICE-005,13,65.0
5425123,2026-04-09,S-MIL-01,P-ICE-001,30,150.0
3767969,2026-04-09,S-MIL-01,P-ICE-003,18,90.0
3537801,2026-04-09,S-MIL-01,P-ICE-005,18,90.0
8381800,2026-04-09,S-MIL-01,P-ICE-006,11,198.0
4856420,2026-04-09,S-MIL-01,P-ICE-008,24,84.0
3743996,2026-04-10,S-PAR-01,P-ICE-001,28,140.0
9303225,2026-04-10,S-PAR-01,P-ICE-002,22,132.0
9140297,2026-04-10,S-PAR-01,P-ICE-003,19,95.0
3483929,2026-04-10,S-PAR-01,P-ICE-006,8,144.0
5766683,2026-04-10,S-PAR-01,P-ICE-007,30,105.0
9535203,2026-04-10,S-BER-01,P-ICE-001,21,105.0
4563416,2026-04-10,S-BER-01,P-ICE-002,19,114.0
9825074,2026-04-10,S-BER-01,P-ICE-004,18,108.0
2289085,2026-04-10,S-BER-01,P-ICE-006,7,126.0
2582179,2026-04-10,S-BER-01,P-ICE-007,30,105.0
3046668,2026-04-10,S-AMS-01,P-ICE-003,17,85.0
2779557,2026-04-10,S-AMS-01,P-ICE-005,13,65.0
2360015,2026-04-10,S-AMS-01,P-ICE-007,24,84.0
9050632,2026-04-10,S-AMS-01,P-ICE-008,26,91.0
1097397,2026-04-10,S-BRU-01,P-ICE-001,23,115.0
8601790,2026-04-10,S-BRU-01,P-ICE-002,12,72.0
3169632,2026-04-10,S-BRU-01,P-ICE-004,14,84.0
5747180,2026-04-10,S-BRU-01,P-ICE-005,9,45.0
2186553,2026-04-10,S-BRU-01,P-ICE-008,17,59.5
2552748,2026-04-10,S-MIL-01,P-ICE-001,28,140.0
7692721,2026-04-10,S-MIL-01,P-ICE-003,16,80.0
3733691,2026-04-10,S-MIL-01,P-ICE-005,17,85.0
3585950,2026-04-10,S-MIL-01,P-ICE-006,9,162.0
8253770,2026-04-10,S-MIL-01,P-ICE-008,28,98.0
3202624,2026-04-11,S-PAR-01,P-ICE-001,42,210.0
7164902,2026-04-11,S-PAR-01,P-ICE-002,24,144.0
7511061,2026-04-11,S-PAR-01,P-ICE-003,26,130.0
8097946,2026-04-11,S-PAR-01,P-ICE-006,13,234.0
7177975,2026-04-11,S-PAR-01,P-ICE-007,44,154.0
8147380,2026-04-11,S-BER-01,P-ICE-001,30,150.0
8776656,2026-04-11,S-BER-01,P-ICE-002,24,144.0
3601637,2026-04-11,S-BER-01,P-ICE-004,21,126.0
2408784,2026-04-11,S-BER-01,P-ICE-007,40,140.0
9012989,2026-04-11,S-AMS-01,P-ICE-001,27,135.0
6040020,2026-04-11,S-AMS-01,P-ICE-003,24,120.0
5957359,2026-04-11,S-AMS-01,P-ICE-005,16,80.0
1756566,2026-04-11,S-AMS-01,P-ICE-007,35,122.5
7929315,2026-04-11,S-AMS-01,P-ICE-008,30,105.0
5251016,2026-04-11,S-BRU-01,P-ICE-001,26,130.0
9446398,2026-04-11,S-BRU-01,P-ICE-002,20,120.0
8765820,2026-04-11,S-BRU-01,P-ICE-004,17,102.0
7592730,2026-04-11,S-BRU-01,P-ICE-005,12,60.0
5993696,2026-04-11,S-BRU-01,P-ICE-008,26,91.0
8548873,2026-04-11,S-MIL-01,P-ICE-001,36,180.0
4140556,2026-04-11,S-MIL-01,P-ICE-003,21,105.0
5350628,2026-04-11,S-MIL-01,P-ICE-005,16,80.0
1098097,2026-04-11,S-MIL-01,P-ICE-008,36,126.0
9004743,2026-04-12,S-PAR-01,P-ICE-001,29,145.0
9165848,2026-04-12,S-PAR-01,P-ICE-002,27,162.0
7052024,2026-04-12,S-PAR-01,P-ICE-003,29,145.0
7626953,2026-04-12,S-PAR-01,P-ICE-006,15,270.0
3266835,2026-04-12,S-PAR-01,P-ICE-007,38,133.0
1266510,2026-04-12,S-BER-01,P-ICE-001,26,130.0
1449886,2026-04-12,S-BER-01,P-ICE-002,21,126.0
5056398,2026-04-12,S-BER-01,P-ICE-004,21,126.0
4203013,2026-04-12,S-BER-01,P-ICE-006,11,198.0
3485807,2026-04-12,S-BER-01,P-ICE-007,42,147.0
3786787,2026-04-12,S-AMS-01,P-ICE-001,22,110.0
9137735,2026-04-12,S-AMS-01,P-ICE-005,15,75.0
5070650,2026-04-12,S-AMS-01,P-ICE-007,40,140.0
7572195,2026-04-12,S-AMS-01,P-ICE-008,31,108.5
8244199,2026-04-12,S-BRU-01,P-ICE-001,20,100.0
5878387,2026-04-12,S-BRU-01,P-ICE-004,17,102.0
9612679,2026-04-12,S-BRU-01,P-ICE-005,13,65.0
9185628,2026-04-12,S-BRU-01,P-ICE-008,28,98.0
1319096,2026-04-12,S-MIL-01,P-ICE-001,27,135.0
2065530,2026-04-12,S-MIL-01,P-ICE-003,22,110.0
8941293,2026-04-12,S-MIL-01,P-ICE-005,20,100.0
6817736,2026-04-12,S-MIL-01,P-ICE-006,12,216.0
3706725,2026-04-12,S-MIL-01,P-ICE-008,35,122.5
6768801,2026-04-13,S-PAR-01,P-ICE-001,25,125.0
6690043,2026-04-13,S-PAR-01,P-ICE-002,23,138.0
5922335,2026-04-13,S-PAR-01,P-ICE-007,36,126.0
7993768,2026-04-13,S-BER-01,P-ICE-001,23,115.0
7044085,2026-04-13,S-BER-01,P-ICE-002,20,120.0
3718341,2026-04-13,S-BER-01,P-ICE-004,17,102.0
2446060,2026-04-13,S-BER-01,P-ICE-006,8,144.0
4346789,2026-04-13,S-BER-01,P-ICE-007,26,91.0
7979059,2026-04-13,S-AMS-01,P-ICE-001,22,110.0
1789356,2026-04-13,S-AMS-01,P-ICE-005,11,55.0
3660958,2026-04-13,S-AMS-01,P-ICE-008,21,73.5
9446974,2026-04-13,S-BRU-01,P-ICE-001,23,115.0
8224612,2026-04-13,S-BRU-01,P-ICE-002,13,78.0
4759700,2026-04-13,S-BRU-01,P-ICE-004,11,66.0
6959954,2026-04-13,S-BRU-01,P-ICE-005,13,65.0
5487758,2026-04-13,S-BRU-01,P-ICE-008,24,84.0
1845941,2026-04-13,S-MIL-01,P-ICE-006,8,144.0
2861110,2026-04-14,S-PAR-01,P-ICE-001,28,140.0
2709062,2026-04-14,S-PAR-01,P-ICE-003,21,105.0
2768504,2026-04-14,S-PAR-01,P-ICE-006,8,144.0
4445809,2026-04-14,S-PAR-01,P-ICE-007,31,108.5
8407441,2026-04-14,S-BER-01,P-ICE-002,17,102.0
2665880,2026-04-14,S-BER-01,P-ICE-004,16,96.0
3311438,2026-04-14,S-BER-01,P-ICE-006,8,144.0
7975124,2026-04-14,S-BER-01,P-ICE-007,27,94.5
8946752,2026-04-14,S-AMS-01,P-ICE-001,18,90.0
2429986,2026-04-14,S-AMS-01,P-ICE-003,16,80.0
7962689,2026-04-14,S-AMS-01,P-ICE-005,14,70.0
3543614,2026-04-14,S-AMS-01,P-ICE-007,30,105.0
4828258,2026-04-14,S-AMS-01,P-ICE-008,24,84.0
7867070,2026-04-14,S-BRU-01,P-ICE-001,19,95.0
1499339,2026-04-14,S-BRU-01,P-ICE-005,12,60.0
9679670,2026-04-14,S-BRU-01,P-ICE-008,24,84.0
3756910,2026-04-14,S-MIL-01,P-ICE-003,18,90.0
1622329,2026-04-14,S-MIL-01,P-ICE-005,14,70.0
1969887,2026-04-14,S-MIL-01,P-ICE-006,10,180.0
5961432,2026-04-15,S-PAR-01,P-ICE-002,26,156.0
6105693,2026-04-15,S-PAR-01,P-ICE-003,24,120.0
6774002,2026-04-15,S-PAR-01,P-ICE-006,9,162.0
9854875,2026-04-15,S-PAR-01,P-ICE-007,33,115.5
7776956,2026-04-15,S-BER-01,P-ICE-001,21,105.0
8417942,2026-04-15,S-BER-01,P-ICE-002,17,102.0
7786479,2026-04-15,S-BER-01,P-ICE-004,18,108.0
2413999,2026-04-15,S-BER-01,P-ICE-006,10,180.0
3114023,2026-04-15,S-BER-01,P-ICE-007,29,101.5
4585870,2026-04-15,S-AMS-01,P-ICE-001,23,115.0
9746564,2026-04-15,S-AMS-01,P-ICE-003,16,80.0
1392951,2026-04-15,S-AMS-01,P-ICE-005,13,65.0
5340101,2026-04-15,S-AMS-01,P-ICE-007,31,108.5
8092498,2026-04-15,S-AMS-01,P-ICE-008,27,94.5
7257547,2026-04-15,S-BRU-01,P-ICE-002,13,78.0
3077237,2026-04-15,S-BRU-01,P-ICE-004,13,78.0
3092954,2026-04-15,S-BRU-01,P-ICE-005,12,60.0
1087466,2026-04-15,S-BRU-01,P-ICE-008,22,77.0
9947098,2026-04-15,S-MIL-01,P-ICE-001,32,160.0
6019770,2026-04-15,S-MIL-01,P-ICE-003,17,85.0
3348331,2026-04-15,S-MIL-01,P-ICE-005,17,85.0
5154597,2026-04-15,S-MIL-01,P-ICE-006,9,162.0
4230541,2026-04-15,S-MIL-01,P-ICE-008,29,101.5
2643963,2026-04-16,S-PAR-01,P-ICE-001,27,135.0
7913101,2026-04-16,S-PAR-01,P-ICE-002,22,132.0
3182100,2026-04-16,S-PAR-01,P-ICE-003,17,85.0
7195728,2026-04-16,S-PAR-01,P-ICE-006,10,180.0
9706452,2026-04-16,S-PAR-01,P-ICE-007,35,122.5
9368933,2026-04-16,S-BER-01,P-ICE-001,28,140.0
9213136,2026-04-16,S-BER-01,P-ICE-002,23,138.0
3732048,2026-04-16,S-BER-01,P-ICE-004,15,90.0
8679146,2026-04-16,S-BER-01,P-ICE-006,7,126.0
9877514,2026-04-16,S-BER-01,P-ICE-007,33,115.5
8941588,2026-04-16,S-AMS-01,P-ICE-001,20,100.0
7196363,2026-04-16,S-AMS-01,P-ICE-003,14,70.0
2851133,2026-04-16,S-AMS-01,P-ICE-007,32,112.0
1675822,2026-04-16,S-AMS-01,P-ICE-008,25,87.5
6115785,2026-04-16,S-BRU-01,P-ICE-001,17,85.0
3396950,2026-04-16,S-BRU-01,P-ICE-004,13,78.0
1816229,2026-04-16,S-BRU-01,P-ICE-005,12,60.0
4071524,2026-04-16,S-MIL-01,P-ICE-001,24,120.0
3052321,2026-04-16,S-MIL-01,P-ICE-003,19,95.0
1749647,2026-04-16,S-MIL-01,P-ICE-005,12,60.0
8589583,2026-04-16,S-MIL-01,P-ICE-006,10,180.0
3228175,2026-04-17,S-PAR-01,P-ICE-001,29,145.0
8733225,2026-04-17,S-PAR-01,P-ICE-002,23,138.0
3499513,2026-04-17,S-PAR-01,P-ICE-003,22,110.0
7872422,2026-04-17,S-PAR-01,P-ICE-007,41,143.5
6687440,2026-04-17,S-BER-01,P-ICE-001,29,145.0
8433920,2026-04-17,S-BER-01,P-ICE-002,23,138.0
3778554,2026-04-17,S-BER-01,P-ICE-004,17,102.0
6181610,2026-04-17,S-BER-01,P-ICE-006,9,162.0
2428614,2026-04-17,S-BER-01,P-ICE-007,26,91.0
1887084,2026-04-17,S-AMS-01,P-ICE-001,23,115.0
9432879,2026-04-17,S-AMS-01,P-ICE-005,14,70.0
4015593,2026-04-17,S-AMS-01,P-ICE-008,28,98.0
8452933,2026-04-17,S-BRU-01,P-ICE-002,14,84.0
6375942,2026-04-17,S-BRU-01,P-ICE-004,13,78.0
1390292,2026-04-17,S-BRU-01,P-ICE-005,9,45.0
1403608,2026-04-17,S-BRU-01,P-ICE-008,19,66.5
2923417,2026-04-17,S-MIL-01,P-ICE-003,17,85.0
4064676,2026-04-17,S-MIL-01,P-ICE-006,8,144.0
6147152,2026-04-17,S-MIL-01,P-ICE-008,24,84.0
6457472,2026-04-18,S-PAR-01,P-ICE-002,24,144.0
6000018,2026-04-18,S-PAR-01,P-ICE-003,28,140.0
7926017,2026-04-18,S-PAR-01,P-ICE-006,12,216.0
3029477,2026-04-18,S-BER-01,P-ICE-001,37,185.0
4967662,2026-04-18,S-BER-01,P-ICE-002,22,132.0
7460044,2026-04-18,S-BER-01,P-ICE-004,22,132.0
7829609,2026-04-18,S-BER-01,P-ICE-007,36,126.0
4921514,2026-04-18,S-AMS-01,P-ICE-001,23,115.0
2703045,2026-04-18,S-AMS-01,P-ICE-005,16,80.0
3106737,2026-04-18,S-AMS-01,P-ICE-007,36,126.0
2407748,2026-04-18,S-AMS-01,P-ICE-008,29,101.5
3388522,2026-04-18,S-BRU-01,P-ICE-001,25,125.0
5113127,2026-04-18,S-BRU-01,P-ICE-002,24,144.0
8578973,2026-04-18,S-BRU-01,P-ICE-004,16,96.0
5852800,2026-04-18,S-BRU-01,P-ICE-005,16,80.0
2009569,2026-04-18,S-BRU-01,P-ICE-008,23,80.5
7377917,2026-04-18,S-MIL-01,P-ICE-003,25,125.0
9561890,2026-04-18,S-MIL-01,P-ICE-006,10,180.0
9960531,2026-04-18,S-MIL-01,P-ICE-008,31,108.5
7632115,2026-04-19,S-PAR-01,P-ICE-001,34,170.0
5688532,2026-04-19,S-PAR-01,P-ICE-002,33,198.0
6340253,2026-04-19,S-PAR-01,P-ICE-006,13,234.0
8595349,2026-04-19,S-BER-01,P-ICE-002,29,174.0
6396194,2026-04-19,S-BER-01,P-ICE-004,21,126.0
6510598,2026-04-19,S-BER-01,P-ICE-006,11,198.0
1034351,2026-04-19,S-BER-01,P-ICE-007,42,147.0
1160702,2026-04-19,S-AMS-01,P-ICE-001,23,115.0
9203667,2026-04-19,S-AMS-01,P-ICE-003,19,95.0
2300622,2026-04-19,S-AMS-01,P-ICE-005,16,80.0
8468826,2026-04-19,S-AMS-01,P-ICE-007,41,143.5
7314548,2026-04-19,S-AMS-01,P-ICE-008,28,98.0
3972698,2026-04-19,S-BRU-01,P-ICE-001,24,120.0
1141455,2026-04-19,S-BRU-01,P-ICE-002,22,132.0
4237849,2026-04-19,S-BRU-01,P-ICE-004,15,90.0
1331881,2026-04-19,S-BRU-01,P-ICE-005,13,65.0
7003240,2026-04-19,S-BRU-01,P-ICE-008,29,101.5
6086491,2026-04-19,S-MIL-01,P-ICE-001,38,190.0
9284734,2026-04-19,S-MIL-01,P-ICE-003,21,105.0
4507886,2026-04-19,S-MIL-01,P-ICE-006,12,216.0
7645223,2026-04-19,S-MIL-01,P-ICE-008,44,154.0
9394071,2026-04-20,S-PAR-01,P-ICE-001,27,135.0
3944885,2026-04-20,S-PAR-01,P-ICE-002,24,144.0
2091346,2026-04-20,S-PAR-01,P-ICE-003,18,90.0
4824620,2026-04-20,S-PAR-01,P-ICE-006,12,216.0
1387847,2026-04-20,S-BER-01,P-ICE-001,23,115.0
5243311,2026-04-20,S-BER-01,P-ICE-004,16,96.0
1032798,2026-04-20,S-BER-01,P-ICE-006,10,180.0
1870113,2026-04-20,S-AMS-01,P-ICE-001,27,135.0
7826244,2026-04-20,S-AMS-01,P-ICE-005,14,70.0
8828026,2026-04-20,S-AMS-01,P-ICE-007,30,105.0
1729216,2026-04-20,S-AMS-01,P-ICE-008,24,84.0
8047472,2026-04-20,S-BRU-01,P-ICE-002,14,84.0
7574301,2026-04-20,S-BRU-01,P-ICE-004,12,72.0
1425670,2026-04-20,S-BRU-01,P-ICE-005,9,45.0
2248902,2026-04-20,S-MIL-01,P-ICE-001,29,145.0
2054349,2026-04-20,S-MIL-01,P-ICE-005,14,70.0
9052500,2026-04-20,S-MIL-01,P-ICE-006,8,144.0
6608665,2026-04-20,S-MIL-01,P-ICE-008,23,80.5
8945295,2026-04-21,S-PAR-01,P-ICE-001,26,130.0
1913231,2026-04-21,S-PAR-01,P-ICE-002,22,132.0
4971899,2026-04-21,S-PAR-01,P-ICE-003,21,105.0
2605088,2026-04-21,S-PAR-01,P-ICE-007,39,136.5
2435034,2026-04-21,S-BER-01,P-ICE-001,26,130.0
2090992,2026-04-21,S-BER-01,P-ICE-006,10,180.0
8414160,2026-04-21,S-BER-01,P-ICE-007,26,91.0
8245056,2026-04-21,S-AMS-01,P-ICE-001,24,120.0
1875823,2026-04-21,S-AMS-01,P-ICE-003,17,85.0
2607764,2026-04-21,S-AMS-01,P-ICE-005,12,60.0
1177948,2026-04-21,S-AMS-01,P-ICE-007,27,94.5
8182422,2026-04-21,S-AMS-01,P-ICE-008,24,84.0
1435739,2026-04-21,S-BRU-01,P-ICE-002,15,90.0
4229300,2026-04-21,S-BRU-01,P-ICE-004,12,72.0
2133208,2026-04-21,S-BRU-01,P-ICE-005,9,45.0
3113620,2026-04-21,S-BRU-01,P-ICE-008,25,87.5
8063325,2026-04-21,S-MIL-01,P-ICE-001,25,125.0
4119277,2026-04-21,S-MIL-01,P-ICE-003,20,100.0
2014873,2026-04-21,S-MIL-01,P-ICE-005,17,85.0
9608821,2026-04-21,S-MIL-01,P-ICE-006,10,180.0
3443176,2026-04-22,S-PAR-01,P-ICE-001,27,135.0
6752912,2026-04-22,S-PAR-01,P-ICE-002,21,126.0
9685239,2026-04-22,S-PAR-01,P-ICE-003,25,125.0
1961630,2026-04-22,S-PAR-01,P-ICE-006,11,198.0
1916158,2026-04-22,S-PAR-01,P-ICE-007,42,147.0
4361682,2026-04-22,S-BER-01,P-ICE-001,22,110.0
2147624,2026-04-22,S-BER-01,P-ICE-002,17,102.0
8841710,2026-04-22,S-BER-01,P-ICE-004,17,102.0
6631448,2026-04-22,S-BER-01,P-ICE-006,8,144.0
3722606,2026-04-22,S-BER-01,P-ICE-007,30,105.0
1707866,2026-04-22,S-AMS-01,P-ICE-001,26,130.0
4741740,2026-04-22,S-AMS-01,P-ICE-003,19,95.0
4575870,2026-04-22,S-AMS-01,P-ICE-005,13,65.0
6561900,2026-04-22,S-AMS-01,P-ICE-007,31,108.5
7716130,2026-04-22,S-AMS-01,P-ICE-008,23,80.5
7087061,2026-04-22,S-BRU-01,P-ICE-001,24,120.0
2932555,2026-04-22,S-BRU-01,P-ICE-002,15,90.0
7038275,2026-04-22,S-BRU-01,P-ICE-004,13,78.0
4318952,2026-04-22,S-BRU-01,P-ICE-005,9,45.0
5395611,2026-04-22,S-BRU-01,P-ICE-008,19,66.5
5126595,2026-04-22,S-MIL-01,P-ICE-001,26,130.0
5392083,2026-04-22,S-MIL-01,P-ICE-003,16,80.0
7357268,2026-04-22,S-MIL-01,P-ICE-006,10,180.0
6677129,2026-04-22,S-MIL-01,P-ICE-008,34,119.0
7247000,2026-04-23,S-PAR-01,P-ICE-002,21,126.0
8276581,2026-04-23,S-PAR-01,P-ICE-003,25,125.0
3194370,2026-04-23,S-PAR-01,P-ICE-007,32,112.0
7345068,2026-04-23,S-BER-01,P-ICE-001,22,110.0
8206488,2026-04-23,S-BER-01,P-ICE-002,18,108.0
4172607,2026-04-23,S-BER-01,P-ICE-006,7,126.0
5146852,2026-04-23,S-AMS-01,P-ICE-001,19,95.0
3121622,2026-04-23,S-AMS-01,P-ICE-003,18,90.0
8896486,2026-04-23,S-BRU-01,P-ICE-001,17,85.0
3809068,2026-04-23,S-BRU-01,P-ICE-002,17,102.0
9542262,2026-04-23,S-BRU-01,P-ICE-004,14,84.0
4003096,2026-04-23,S-BRU-01,P-ICE-005,12,60.0
9108379,2026-04-23,S-BRU-01,P-ICE-008,21,73.5
5501921,2026-04-23,S-MIL-01,P-ICE-001,27,135.0
1614121,2026-04-23,S-MIL-01,P-ICE-003,20,100.0
8584644,2026-04-23,S-MIL-01,P-ICE-005,18,90.0
7326402,2026-04-23,S-MIL-01,P-ICE-008,27,94.5
7276479,2026-04-24,S-PAR-01,P-ICE-001,35,175.0
2409758,2026-04-24,S-PAR-01,P-ICE-002,19,114.0
4861738,2026-04-24,S-PAR-01,P-ICE-003,21,105.0
6643418,2026-04-24,S-PAR-01,P-ICE-006,10,180.0
7861089,2026-04-24,S-PAR-01,P-ICE-007,37,129.5
5580506,2026-04-24,S-BER-01,P-ICE-001,25,125.0
4922352,2026-04-24,S-BER-01,P-ICE-002,17,102.0
2382753,2026-04-24,S-BER-01,P-ICE-004,13,78.0
2311290,2026-04-24,S-BER-01,P-ICE-006,9,162.0
2651030,2026-04-24,S-BER-01,P-ICE-007,37,129.5
4360587,2026-04-24,S-AMS-01,P-ICE-001,21,105.0
5194700,2026-04-24,S-AMS-01,P-ICE-003,17,85.0
5604751,2026-04-24,S-AMS-01,P-ICE-005,14,70.0
3312992,2026-04-24,S-AMS-01,P-ICE-007,30,105.0
5381125,2026-04-24,S-BRU-01,P-ICE-001,22,110.0
6815525,2026-04-24,S-BRU-01,P-ICE-002,15,90.0
7807497,2026-04-24,S-BRU-01,P-ICE-004,12,72.0
1199493,2026-04-24,S-BRU-01,P-ICE-005,13,65.0
3504521,2026-04-24,S-BRU-01,P-ICE-008,22,77.0
4521118,2026-04-24,S-MIL-01,P-ICE-003,21,105.0
8864124,2026-04-24,S-MIL-01,P-ICE-005,16,80.0
2440757,2026-04-24,S-MIL-01,P-ICE-006,9,162.0
8007639,2026-04-24,S-MIL-01,P-ICE-008,26,91.0
1505062,2026-04-25,S-PAR-01,P-ICE-001,37,185.0
3153282,2026-04-25,S-PAR-01,P-ICE-002,30,180.0
9385256,2026-04-25,S-PAR-01,P-ICE-003,29,145.0
6701271,2026-04-25,S-PAR-01,P-ICE-006,15,270.0
7767404,2026-04-25,S-PAR-01,P-ICE-007,45,157.5
6027078,2026-04-25,S-BER-01,P-ICE-001,34,170.0
1540377,2026-04-25,S-BER-01,P-ICE-002,20,120.0
6540684,2026-04-25,S-BER-01,P-ICE-006,13,234.0
7557976,2026-04-25,S-BER-01,P-ICE-007,44,154.0
9967263,2026-04-25,S-AMS-01,P-ICE-003,19,95.0
6517042,2026-04-25,S-AMS-01,P-ICE-005,16,80.0
6111102,2026-04-25,S-AMS-01,P-ICE-007,35,122.5
3980239,2026-04-25,S-AMS-01,P-ICE-008,26,91.0
9197571,2026-04-25,S-BRU-01,P-ICE-001,28,140.0
7474228,2026-04-25,S-BRU-01,P-ICE-002,18,108.0
9797899,2026-04-25,S-BRU-01,P-ICE-004,15,90.0
9699518,2026-04-25,S-BRU-01,P-ICE-005,12,60.0
7893107,2026-04-25,S-BRU-01,P-ICE-008,26,91.0
3166570,2026-04-25,S-MIL-01,P-ICE-001,41,205.0
2153651,2026-04-25,S-MIL-01,P-ICE-003,24,120.0
4464154,2026-04-25,S-MIL-01,P-ICE-005,23,115.0
8251124,2026-04-25,S-MIL-01,P-ICE-006,11,198.0
3663907,2026-04-25,S-MIL-01,P-ICE-008,39,136.5
4405319,2026-04-26,S-PAR-01,P-ICE-001,44,220.0
5621132,2026-04-26,S-PAR-01,P-ICE-002,32,192.0
8478135,2026-04-26,S-PAR-01,P-ICE-003,32,160.0
5141290,2026-04-26,S-PAR-01,P-ICE-006,13,234.0
9236918,2026-04-26,S-PAR-01,P-ICE-007,55,192.5
2528449,2026-04-26,S-BER-01,P-ICE-001,33,165.0
8655554,2026-04-26,S-BER-01,P-ICE-002,29,174.0
5990361,2026-04-26,S-BER-01,P-ICE-004,23,138.0
3938131,2026-04-26,S-BER-01,P-ICE-006,12,216.0
8249042,2026-04-26,S-BER-01,P-ICE-007,35,122.5
4077684,2026-04-26,S-AMS-01,P-ICE-001,34,170.0
1732568,2026-04-26,S-AMS-01,P-ICE-003,17,85.0
5593203,2026-04-26,S-AMS-01,P-ICE-005,19,95.0
2119776,2026-04-26,S-AMS-01,P-ICE-008,33,115.5
4644931,2026-04-26,S-BRU-01,P-ICE-001,28,140.0
3033912,2026-04-26,S-BRU-01,P-ICE-004,18,108.0
6469592,2026-04-26,S-BRU-01,P-ICE-008,23,80.5
4479126,2026-04-26,S-MIL-01,P-ICE-001,30,150.0
2228016,2026-04-26,S-MIL-01,P-ICE-003,24,120.0
8749462,2026-04-26,S-MIL-01,P-ICE-005,21,105.0
4261550,2026-04-26,S-MIL-01,P-ICE-006,13,234.0
2924056,2026-04-26,S-MIL-01,P-ICE-008,30,105.0
8788747,2026-04-27,S-PAR-01,P-ICE-001,26,130.0
5065012,2026-04-27,S-PAR-01,P-ICE-002,19,114.0
8898507,2026-04-27,S-PAR-01,P-ICE-003,21,105.0
3862010,2026-04-27,S-PAR-01,P-ICE-006,12,216.0
3973536,2026-04-27,S-PAR-01,P-ICE-007,39,136.5
7557366,2026-04-27,S-BER-01,P-ICE-001,26,130.0
1188082,2026-04-27,S-BER-01,P-ICE-002,21,126.0
7007702,2026-04-27,S-BER-01,P-ICE-004,14,84.0
9930492,2026-04-27,S-BER-01,P-ICE-006,10,180.0
9772377,2026-04-27,S-BER-01,P-ICE-007,34,119.0
2724585,2026-04-27,S-AMS-01,P-ICE-001,25,125.0
1879382,2026-04-27,S-AMS-01,P-ICE-003,15,75.0
7331646,2026-04-27,S-AMS-01,P-ICE-005,10,50.0
7285495,2026-04-27,S-AMS-01,P-ICE-007,34,119.0
1468825,2026-04-27,S-BRU-01,P-ICE-001,17,85.0
2059841,2026-04-27,S-BRU-01,P-ICE-004,11,66.0
3816607,2026-04-27,S-BRU-01,P-ICE-005,13,65.0
9598324,2026-04-27,S-BRU-01,P-ICE-008,18,63.0
4180079,2026-04-27,S-MIL-01,P-ICE-001,26,130.0
7628072,2026-04-27,S-MIL-01,P-ICE-003,23,115.0
6982358,2026-04-27,S-MIL-01,P-ICE-006,8,144.0
6305630,2026-04-27,S-MIL-01,P-ICE-008,24,84.0
4692601,2026-04-28,S-PAR-01,P-ICE-001,27,135.0
7190456,2026-04-28,S-PAR-01,P-ICE-002,27,162.0
7897060,2026-04-28,S-PAR-01,P-ICE-003,25,125.0
2708148,2026-04-28,S-PAR-01,P-ICE-006,11,198.0
3876606,2026-04-28,S-PAR-01,P-ICE-007,42,147.0
6441761,2026-04-28,S-BER-01,P-ICE-001,21,105.0
3230219,2026-04-28,S-BER-01,P-ICE-004,17,102.0
6334600,2026-04-28,S-BER-01,P-ICE-006,9,162.0
1296097,2026-04-28,S-AMS-01,P-ICE-001,19,95.0
7415127,2026-04-28,S-AMS-01,P-ICE-003,17,85.0
9445986,2026-04-28,S-AMS-01,P-ICE-005,14,70.0
4902479,2026-04-28,S-AMS-01,P-ICE-007,35,122.5
3081317,2026-04-28,S-AMS-01,P-ICE-008,27,94.5
5086019,2026-04-28,S-BRU-01,P-ICE-001,23,115.0
7283463,2026-04-28,S-BRU-01,P-ICE-002,13,78.0
7304004,2026-04-28,S-BRU-01,P-ICE-004,11,66.0
8444490,2026-04-28,S-BRU-01,P-ICE-005,9,45.0
5666187,2026-04-28,S-BRU-01,P-ICE-008,21,73.5
1664503,2026-04-28,S-MIL-01,P-ICE-001,31,155.0
5839473,2026-04-28,S-MIL-01,P-ICE-003,24,120.0
6557792,2026-04-28,S-MIL-01,P-ICE-005,14,70.0
1907210,2026-04-28,S-MIL-01,P-ICE-006,8,144.0
4731991,2026-04-29,S-PAR-01,P-ICE-001,27,135.0
6396173,2026-04-29,S-PAR-01,P-ICE-002,22,132.0
2084091,2026-04-29,S-PAR-01,P-ICE-003,23,115.0
3374513,2026-04-29,S-PAR-01,P-ICE-007,33,115.5
4428815,2026-04-29,S-BER-01,P-ICE-002,17,102.0
8836205,2026-04-29,S-BER-01,P-ICE-004,13,78.0
5109158,2026-04-29,S-BER-01,P-ICE-006,10,180.0
6085186,2026-04-29,S-BER-01,P-ICE-007,33,115.5
4378948,2026-04-29,S-AMS-01,P-ICE-001,23,115.0
2342445,2026-04-29,S-AMS-01,P-ICE-003,18,90.0
8897261,2026-04-29,S-AMS-01,P-ICE-007,28,98.0
8271756,2026-04-29,S-AMS-01,P-ICE-008,25,87.5
9086630,2026-04-29,S-BRU-01,P-ICE-001,23,115.0
2396415,2026-04-29,S-BRU-01,P-ICE-002,15,90.0
3563536,2026-04-29,S-BRU-01,P-ICE-004,15,90.0
7382895,2026-04-29,S-BRU-01,P-ICE-005,10,50.0
7293920,2026-04-29,S-BRU-01,P-ICE-008,22,77.0
6590741,2026-04-29,S-MIL-01,P-ICE-001,28,140.0
3595845,2026-04-29,S-MIL-01,P-ICE-003,19,95.0
7279004,2026-04-29,S-MIL-01,P-ICE-006,11,198.0
7621123,2026-04-29,S-MIL-01,P-ICE-008,35,122.5
2195114,2026-04-30,S-PAR-01,P-ICE-002,24,144.0
3088386,2026-04-30,S-PAR-01,P-ICE-003,17,85.0
4258608,2026-04-30,S-PAR-01,P-ICE-006,11,198.0
6848179,2026-04-30,S-PAR-01,P-ICE-007,45,157.5
7177044,2026-04-30,S-BER-01,P-ICE-001,25,125.0
8114216,2026-04-30,S-BER-01,P-ICE-002,21,126.0
1578940,2026-04-30,S-BER-01,P-ICE-004,14,84.0
1474058,2026-04-30,S-BER-01,P-ICE-007,35,122.5
5384401,2026-04-30,S-AMS-01,P-ICE-001,25,125.0
3472414,2026-04-30,S-AMS-01,P-ICE-003,19,95.0
3708302,2026-04-30,S-AMS-01,P-ICE-005,14,70.0
7448284,2026-04-30,S-AMS-01,P-ICE-007,32,112.0
2348021,2026-04-30,S-AMS-01,P-ICE-008,26,91.0
8095837,2026-04-30,S-BRU-01,P-ICE-001,18,90.0
6070402,2026-04-30,S-BRU-01,P-ICE-002,16,96.0
7422127,2026-04-30,S-BRU-01,P-ICE-004,13,78.0
2491048,2026-04-30,S-BRU-01,P-ICE-005,13,65.0
6777952,2026-04-30,S-BRU-01,P-ICE-008,23,80.5
4515255,2026-04-30,S-MIL-01,P-ICE-001,25,125.0
3825261,2026-04-30,S-MIL-01,P-ICE-005,14,70.0
2171745,2026-04-30,S-MIL-01,P-ICE-006,8,144.0
7993453,2026-04-30,S-MIL-01,P-ICE-008,29,101.5
3862767,2026-05-01,S-PAR-01,P-ICE-001,33,165.0
3253718,2026-05-01,S-PAR-01,P-ICE-002,21,126.0
2849490,2026-05-01,S-PAR-01,P-ICE-003,19,95.0
4114489,2026-05-01,S-PAR-01,P-ICE-006,12,216.0
4219293,2026-05-01,S-PAR-01,P-ICE-007,42,147.0
7858398,2026-05-01,S-BER-01,P-ICE-001,30,150.0
2831995,2026-05-01,S-BER-01,P-ICE-002,23,138.0
7337233,2026-05-01,S-BER-01,P-ICE-006,8,144.0
1497723,2026-05-01,S-BER-01,P-ICE-007,26,91.0
2691296,2026-05-01,S-AMS-01,P-ICE-001,23,115.0
1121243,2026-05-01,S-AMS-01,P-ICE-003,15,75.0
1702283,2026-05-01,S-AMS-01,P-ICE-005,15,75.0
1121835,2026-05-01,S-AMS-01,P-ICE-007,29,101.5
5459984,2026-05-01,S-AMS-01,P-ICE-008,25,87.5
8205036,2026-05-01,S-BRU-01,P-ICE-002,15,90.0
6755884,2026-05-01,S-BRU-01,P-ICE-004,14,84.0
7685239,2026-05-01,S-BRU-01,P-ICE-008,26,91.0
6973179,2026-05-01,S-MIL-01,P-ICE-001,23,115.0
7741225,2026-05-01,S-MIL-01,P-ICE-005,13,65.0
3329735,2026-05-01,S-MIL-01,P-ICE-006,11,198.0
9902483,2026-05-01,S-MIL-01,P-ICE-008,25,87.5
5169769,2026-05-02,S-PAR-01,P-ICE-001,41,205.0
8972523,2026-05-02,S-PAR-01,P-ICE-002,31,186.0
1052497,2026-05-02,S-PAR-01,P-ICE-003,29,145.0
7043247,2026-05-02,S-BER-01,P-ICE-001,26,130.0
4918463,2026-05-02,S-BER-01,P-ICE-006,12,216.0
2365149,2026-05-02,S-BER-01,P-ICE-007,39,136.5
8988000,2026-05-02,S-AMS-01,P-ICE-001,34,170.0
4272848,2026-05-02,S-AMS-01,P-ICE-008,29,101.5
9466397,2026-05-02,S-BRU-01,P-ICE-001,30,150.0
2461125,2026-05-02,S-BRU-01,P-ICE-002,20,120.0
8831655,2026-05-02,S-BRU-01,P-ICE-004,18,108.0
2940765,2026-05-02,S-BRU-01,P-ICE-005,14,70.0
5082836,2026-05-02,S-BRU-01,P-ICE-008,29,101.5
2500416,2026-05-02,S-MIL-01,P-ICE-001,39,195.0
1490260,2026-05-02,S-MIL-01,P-ICE-003,30,150.0
7433891,2026-05-02,S-MIL-01,P-ICE-005,23,115.0
5322289,2026-05-02,S-MIL-01,P-ICE-006,11,198.0
3065243,2026-05-02,S-MIL-01,P-ICE-008,45,157.5
9253698,2026-05-03,S-PAR-01,P-ICE-001,45,225.0
4754845,2026-05-03,S-PAR-01,P-ICE-002,32,192.0
6758373,2026-05-03,S-PAR-01,P-ICE-006,14,252.0
7403032,2026-05-03,S-PAR-01,P-ICE-007,52,182.0
8331010,2026-05-03,S-BER-01,P-ICE-001,36,180.0
2940955,2026-05-03,S-BER-01,P-ICE-002,22,132.0
6708243,2026-05-03,S-BER-01,P-ICE-004,17,102.0
2947939,2026-05-03,S-BER-01,P-ICE-006,13,234.0
6257514,2026-05-03,S-BER-01,P-ICE-007,34,119.0
2038256,2026-05-03,S-AMS-01,P-ICE-003,17,85.0
7512001,2026-05-03,S-AMS-01,P-ICE-005,14,70.0
3119085,2026-05-03,S-AMS-01,P-ICE-008,30,105.0
4726916,2026-05-03,S-BRU-01,P-ICE-001,27,135.0
8727632,2026-05-03,S-BRU-01,P-ICE-002,16,96.0
5979872,2026-05-03,S-BRU-01,P-ICE-004,19,114.0
8646795,2026-05-03,S-BRU-01,P-ICE-005,15,75.0
1576194,2026-05-03,S-BRU-01,P-ICE-008,26,91.0
3071382,2026-05-03,S-MIL-01,P-ICE-001,32,160.0
9024252,2026-05-03,S-MIL-01,P-ICE-003,29,145.0
5890476,2026-05-03,S-MIL-01,P-ICE-005,18,90.0
6589238,2026-05-03,S-MIL-01,P-ICE-006,12,216.0
4776077,2026-05-03,S-MIL-01,P-ICE-008,41,143.5
4003461,2026-05-04,S-PAR-01,P-ICE-001,25,125.0
3670819,2026-05-04,S-PAR-01,P-ICE-003,20,100.0
8942696,2026-05-04,S-PAR-01,P-ICE-007,36,126.0
9855760,2026-05-04,S-BER-01,P-ICE-002,19,114.0
4273103,2026-05-04,S-BER-01,P-ICE-004,15,90.0
2632751,2026-05-04,S-BER-01,P-ICE-006,9,162.0
1908038,2026-05-04,S-BER-01,P-ICE-007,36,126.0
8676121,2026-05-04,S-AMS-01,P-ICE-001,25,125.0
8413578,2026-05-04,S-AMS-01,P-ICE-003,17,85.0
3429724,2026-05-04,S-AMS-01,P-ICE-005,12,60.0
4282547,2026-05-04,S-AMS-01,P-ICE-007,33,115.5
2710400,2026-05-04,S-AMS-01,P-ICE-008,20,70.0
3476408,2026-05-04,S-BRU-01,P-ICE-001,25,125.0
3822312,2026-05-04,S-BRU-01,P-ICE-002,20,120.0
4013739,2026-05-04,S-BRU-01,P-ICE-005,14,70.0
6678849,2026-05-04,S-MIL-01,P-ICE-001,28,140.0
7777894,2026-05-04,S-MIL-01,P-ICE-003,24,120.0
7654595,2026-05-04,S-MIL-01,P-ICE-005,13,65.0
3893851,2026-05-04,S-MIL-01,P-ICE-006,11,198.0
2503425,2026-05-04,S-MIL-01,P-ICE-008,29,101.5
7410589,2026-05-05,S-PAR-01,P-ICE-001,35,175.0
7162658,2026-05-05,S-PAR-01,P-ICE-002,25,150.0
3047685,2026-05-05,S-PAR-01,P-ICE-003,18,90.0
9552160,2026-05-05,S-PAR-01,P-ICE-006,11,198.0
9044647,2026-05-05,S-PAR-01,P-ICE-007,40,140.0
4038296,2026-05-05,S-BER-01,P-ICE-001,28,140.0
8275548,2026-05-05,S-BER-01,P-ICE-002,24,144.0
6456436,2026-05-05,S-BER-01,P-ICE-004,14,84.0
4101936,2026-05-05,S-BER-01,P-ICE-006,10,180.0
7606809,2026-05-05,S-BER-01,P-ICE-007,35,122.5
9893395,2026-05-05,S-AMS-01,P-ICE-001,24,120.0
3081873,2026-05-05,S-AMS-01,P-ICE-003,17,85.0
2968404,2026-05-05,S-AMS-01,P-ICE-005,12,60.0
4018851,2026-05-05,S-AMS-01,P-ICE-007,31,108.5
6273013,2026-05-05,S-AMS-01,P-ICE-008,25,87.5
4459963,2026-05-05,S-BRU-01,P-ICE-001,18,90.0
5307726,2026-05-05,S-BRU-01,P-ICE-002,14,84.0
9491759,2026-05-05,S-BRU-01,P-ICE-005,14,70.0
3879023,2026-05-05,S-BRU-01,P-ICE-008,27,94.5
1001435,2026-05-05,S-MIL-01,P-ICE-001,33,165.0
9714808,2026-05-05,S-MIL-01,P-ICE-003,16,80.0
3346378,2026-05-05,S-MIL-01,P-ICE-006,10,180.0
9768884,2026-05-05,S-MIL-01,P-ICE-008,33,115.5
2661097,2026-05-06,S-PAR-01,P-ICE-003,22,110.0
1616293,2026-05-06,S-PAR-01,P-ICE-006,9,162.0
4610673,2026-05-06,S-PAR-01,P-ICE-007,35,122.5
7024113,2026-05-06,S-BER-01,P-ICE-002,18,108.0
8080237,2026-05-06,S-BER-01,P-ICE-004,18,108.0
7405244,2026-05-06,S-BER-01,P-ICE-006,8,144.0
8651547,2026-05-06,S-BER-01,P-ICE-007,28,98.0
8136077,2026-05-06,S-AMS-01,P-ICE-001,21,105.0
5519776,2026-05-06,S-AMS-01,P-ICE-005,12,60.0
7243511,2026-05-06,S-AMS-01,P-ICE-008,22,77.0
9580328,2026-05-06,S-BRU-01,P-ICE-001,22,110.0
3575158,2026-05-06,S-BRU-01,P-ICE-002,16,96.0
7357590,2026-05-06,S-BRU-01,P-ICE-004,15,90.0
2300646,2026-05-06,S-BRU-01,P-ICE-005,12,60.0
7824657,2026-05-06,S-BRU-01,P-ICE-008,23,80.5
7087100,2026-05-06,S-MIL-01,P-ICE-001,30,150.0
4787716,2026-05-06,S-MIL-01,P-ICE-005,14,70.0
4728326,2026-05-06,S-MIL-01,P-ICE-006,8,144.0
3072044,2026-05-06,S-MIL-01,P-ICE-008,25,87.5
6143048,2026-05-07,S-PAR-01,P-ICE-001,34,170.0
2602904,2026-05-07,S-PAR-01,P-ICE-002,27,162.0
5731119,2026-05-07,S-PAR-01,P-ICE-003,24,120.0
1804690,2026-05-07,S-PAR-01,P-ICE-006,11,198.0
7535788,2026-05-07,S-PAR-01,P-ICE-007,46,161.0
9920146,2026-05-07,S-BER-01,P-ICE-001,29,145.0
7755367,2026-05-07,S-BER-01,P-ICE-002,23,138.0
1159341,2026-05-07,S-BER-01,P-ICE-004,14,84.0
3120109,2026-05-07,S-BER-01,P-ICE-006,10,180.0
5485722,2026-05-07,S-BER-01,P-ICE-007,33,115.5
7210098,2026-05-07,S-AMS-01,P-ICE-001,26,130.0
8016965,2026-05-07,S-AMS-01,P-ICE-003,15,75.0
6939158,2026-05-07,S-AMS-01,P-ICE-005,12,60.0
5627541,2026-05-07,S-AMS-01,P-ICE-007,30,105.0
4838024,2026-05-07,S-BRU-01,P-ICE-001,23,115.0
6128149,2026-05-07,S-BRU-01,P-ICE-002,19,114.0
2512308,2026-05-07,S-BRU-01,P-ICE-004,12,72.0
5027148,2026-05-07,S-BRU-01,P-ICE-005,10,50.0
5795781,2026-05-07,S-MIL-01,P-ICE-001,23,115.0
1179426,2026-05-07,S-MIL-01,P-ICE-003,20,100.0
3288888,2026-05-07,S-MIL-01,P-ICE-006,10,180.0
9932346,2026-05-07,S-MIL-01,P-ICE-008,31,108.5
4190758,2026-05-08,S-PAR-01,P-ICE-001,30,150.0
9964482,2026-05-08,S-PAR-01,P-ICE-003,24,120.0
9860239,2026-05-08,S-PAR-01,P-ICE-006,10,180.0
8527132,2026-05-08,S-PAR-01,P-ICE-007,32,112.0
9783147,2026-05-08,S-BER-01,P-ICE-002,24,144.0
3236718,2026-05-08,S-BER-01,P-ICE-006,8,144.0
8092102,2026-05-08,S-BER-01,P-ICE-007,39,136.5
2899743,2026-05-08,S-AMS-01,P-ICE-001,20,100.0
2977453,2026-05-08,S-AMS-01,P-ICE-003,18,90.0
5441781,2026-05-08,S-AMS-01,P-ICE-005,13,65.0
7603872,2026-05-08,S-AMS-01,P-ICE-007,33,115.5
9649141,2026-05-08,S-AMS-01,P-ICE-008,23,80.5
8768806,2026-05-08,S-BRU-01,P-ICE-001,17,85.0
1098836,2026-05-08,S-BRU-01,P-ICE-004,11,66.0
6937335,2026-05-08,S-BRU-01,P-ICE-005,11,55.0
4123208,2026-05-08,S-BRU-01,P-ICE-008,21,73.5
8227688,2026-05-08,S-MIL-01,P-ICE-001,23,115.0
9628834,2026-05-08,S-MIL-01,P-ICE-003,17,85.0
1115938,2026-05-08,S-MIL-01,P-ICE-006,12,216.0
4793248,2026-05-08,S-MIL-01,P-ICE-008,32,112.0
7115223,2026-05-09,S-PAR-01,P-ICE-001,37,185.0
5521152,2026-05-09,S-PAR-01,P-ICE-002,26,156.0
8371182,2026-05-09,S-PAR-01,P-ICE-003,27,135.0
8280643,2026-05-09,S-PAR-01,P-ICE-006,13,234.0
4329683,2026-05-09,S-PAR-01,P-ICE-007,56,196.0
3242783,2026-05-09,S-BER-01,P-ICE-001,30,150.0
1530269,2026-05-09,S-BER-01,P-ICE-002,28,168.0
9041235,2026-05-09,S-BER-01,P-ICE-004,18,108.0
9314244,2026-05-09,S-AMS-01,P-ICE-001,30,150.0
6450711,2026-05-09,S-AMS-01,P-ICE-003,23,115.0
7708806,2026-05-09,S-AMS-01,P-ICE-005,19,95.0
7523795,2026-05-09,S-AMS-01,P-ICE-007,44,154.0
1354875,2026-05-09,S-AMS-01,P-ICE-008,38,133.0
1228991,2026-05-09,S-BRU-01,P-ICE-001,25,125.0
6740173,2026-05-09,S-BRU-01,P-ICE-002,19,114.0
1134702,2026-05-09,S-BRU-01,P-ICE-004,18,108.0
9152539,2026-05-09,S-BRU-01,P-ICE-005,14,70.0
3558453,2026-05-09,S-BRU-01,P-ICE-008,28,98.0
5716726,2026-05-09,S-MIL-01,P-ICE-001,31,155.0
5149917,2026-05-09,S-MIL-01,P-ICE-003,29,145.0
8950602,2026-05-09,S-MIL-01,P-ICE-005,20,100.0
9427765,2026-05-09,S-MIL-01,P-ICE-006,14,252.0
3495209,2026-05-09,S-MIL-01,P-ICE-008,34,119.0
1643681,2026-05-10,S-PAR-01,P-ICE-001,33,165.0
3452982,2026-05-10,S-PAR-01,P-ICE-002,27,162.0
2525643,2026-05-10,S-PAR-01,P-ICE-003,29,145.0
4882711,2026-05-10,S-PAR-01,P-ICE-007,49,171.5
2029277,2026-05-10,S-BER-01,P-ICE-001,32,160.0
6105138,2026-05-10,S-BER-01,P-ICE-002,27,162.0
6889214,2026-05-10,S-BER-01,P-ICE-004,20,120.0
1797863,2026-05-10,S-BER-01,P-ICE-006,10,180.0
6396217,2026-05-10,S-BER-01,P-ICE-007,33,115.5
2690500,2026-05-10,S-AMS-01,P-ICE-001,29,145.0
9242417,2026-05-10,S-AMS-01,P-ICE-003,19,95.0
2625497,2026-05-10,S-AMS-01,P-ICE-005,15,75.0
3186206,2026-05-10,S-AMS-01,P-ICE-007,40,140.0
7063033,2026-05-10,S-AMS-01,P-ICE-008,35,122.5
7234284,2026-05-10,S-BRU-01,P-ICE-001,28,140.0
7443279,2026-05-10,S-BRU-01,P-ICE-002,19,114.0
3019210,2026-05-10,S-BRU-01,P-ICE-004,14,84.0
4194945,2026-05-10,S-BRU-01,P-ICE-005,18,90.0
2654861,2026-05-10,S-BRU-01,P-ICE-008,28,98.0
6752873,2026-05-10,S-MIL-01,P-ICE-001,37,185.0
4388982,2026-05-10,S-MIL-01,P-ICE-003,25,125.0
3144664,2026-05-10,S-MIL-01,P-ICE-005,17,85.0
5236674,2026-05-10,S-MIL-01,P-ICE-006,13,234.0
6827390,2026-05-11,S-PAR-01,P-ICE-001,36,180.0
8316976,2026-05-11,S-PAR-01,P-ICE-003,24,120.0
9453526,2026-05-11,S-PAR-01,P-ICE-006,10,180.0
5599450,2026-05-11,S-PAR-01,P-ICE-007,34,119.0
1762444,2026-05-11,S-BER-01,P-ICE-001,22,110.0
4190874,2026-05-11,S-BER-01,P-ICE-004,20,120.0
9933361,2026-05-11,S-BER-01,P-ICE-006,9,162.0
7444974,2026-05-11,S-AMS-01,P-ICE-003,19,95.0
5554916,2026-05-11,S-AMS-01,P-ICE-005,13,65.0
4654207,2026-05-11,S-AMS-01,P-ICE-007,24,84.0
9603283,2026-05-11,S-AMS-01,P-ICE-008,20,70.0
9809266,2026-05-11,S-BRU-01,P-ICE-001,23,115.0
5972157,2026-05-11,S-BRU-01,P-ICE-002,19,114.0
3870734,2026-05-11,S-BRU-01,P-ICE-004,14,84.0
5896318,2026-05-11,S-BRU-01,P-ICE-005,12,60.0
5659980,2026-05-11,S-BRU-01,P-ICE-008,20,70.0
5177662,2026-05-11,S-MIL-01,P-ICE-003,23,115.0
6829443,2026-05-11,S-MIL-01,P-ICE-006,8,144.0
6445244,2026-05-11,S-MIL-01,P-ICE-008,37,129.5
5429825,2026-05-12,S-PAR-01,P-ICE-001,34,170.0
5947522,2026-05-12,S-PAR-01,P-ICE-002,24,144.0
1174620,2026-05-12,S-PAR-01,P-ICE-003,18,90.0
5692416,2026-05-12,S-PAR-01,P-ICE-006,10,180.0
2785812,2026-05-12,S-PAR-01,P-ICE-007,47,164.5
5317535,2026-05-12,S-BER-01,P-ICE-001,28,140.0
8418631,2026-05-12,S-BER-01,P-ICE-004,17,102.0
7634775,2026-05-12,S-BER-01,P-ICE-006,8,144.0
8279693,2026-05-12,S-BER-01,P-ICE-007,29,101.5
2571875,2026-05-12,S-AMS-01,P-ICE-001,28,140.0
3954644,2026-05-12,S-AMS-01,P-ICE-003,17,85.0
4026721,2026-05-12,S-AMS-01,P-ICE-005,13,65.0
3733321,2026-05-12,S-AMS-01,P-ICE-007,24,84.0
4151566,2026-05-12,S-BRU-01,P-ICE-001,23,115.0
5114676,2026-05-12,S-BRU-01,P-ICE-002,14,84.0
7752901,2026-05-12,S-BRU-01,P-ICE-004,14,84.0
1197778,2026-05-12,S-BRU-01,P-ICE-005,12,60.0
1347555,2026-05-12,S-BRU-01,P-ICE-008,22,77.0
1733836,2026-05-12,S-MIL-01,P-ICE-001,23,115.0
5490530,2026-05-12,S-MIL-01,P-ICE-003,23,115.0
1226440,2026-05-12,S-MIL-01,P-ICE-005,17,85.0
2784071,2026-05-12,S-MIL-01,P-ICE-006,8,144.0
2425479,2026-05-12,S-MIL-01,P-ICE-008,35,122.5
8454556,2026-05-13,S-PAR-01,P-ICE-001,31,155.0
9034749,2026-05-13,S-PAR-01,P-ICE-002,23,138.0
5487177,2026-05-13,S-PAR-01,P-ICE-003,18,90.0
1747019,2026-05-13,S-PAR-01,P-ICE-006,9,162.0
9582257,2026-05-13,S-PAR-01,P-ICE-007,36,126.0
4763343,2026-05-13,S-BER-01,P-ICE-002,16,96.0
3472567,2026-05-13,S-BER-01,P-ICE-004,16,96.0
7454929,2026-05-13,S-BER-01,P-ICE-006,8,144.0
2885904,2026-05-13,S-BER-01,P-ICE-007,36,126.0
4766861,2026-05-13,S-AMS-01,P-ICE-001,29,145.0
6994631,2026-05-13,S-AMS-01,P-ICE-003,20,100.0
7048077,2026-05-13,S-AMS-01,P-ICE-005,13,65.0
9899988,2026-05-13,S-BRU-01,P-ICE-002,15,90.0
8134419,2026-05-13,S-BRU-01,P-ICE-004,12,72.0
6059400,2026-05-13,S-BRU-01,P-ICE-005,13,65.0
2743531,2026-05-13,S-BRU-01,P-ICE-008,21,73.5
7192680,2026-05-13,S-MIL-01,P-ICE-001,29,145.0
2281267,2026-05-13,S-MIL-01,P-ICE-005,18,90.0
3493814,2026-05-13,S-MIL-01,P-ICE-006,12,216.0
3479340,2026-05-13,S-MIL-01,P-ICE-008,27,94.5
9026757,2026-05-14,S-PAR-01,P-ICE-001,34,170.0
8171473,2026-05-14,S-PAR-01,P-ICE-002,21,126.0
3139694,2026-05-14,S-PAR-01,P-ICE-006,9,162.0
6357229,2026-05-14,S-PAR-01,P-ICE-007,38,133.0
7944833,2026-05-14,S-BER-01,P-ICE-001,26,130.0
3318968,2026-05-14,S-BER-01,P-ICE-002,22,132.0
5125653,2026-05-14,S-BER-01,P-ICE-004,18,108.0
9955185,2026-05-14,S-BER-01,P-ICE-006,9,162.0
4860680,2026-05-14,S-BER-01,P-ICE-007,34,119.0
8077313,2026-05-14,S-AMS-01,P-ICE-001,25,125.0
4679813,2026-05-14,S-AMS-01,P-ICE-003,19,95.0
1048085,2026-05-14,S-AMS-01,P-ICE-005,12,60.0
7080036,2026-05-14,S-AMS-01,P-ICE-007,34,119.0
2848116,2026-05-14,S-AMS-01,P-ICE-008,31,108.5
3337892,2026-05-14,S-BRU-01,P-ICE-001,20,100.0
8064499,2026-05-14,S-BRU-01,P-ICE-002,14,84.0
1937270,2026-05-14,S-BRU-01,P-ICE-004,16,96.0
3400426,2026-05-14,S-BRU-01,P-ICE-005,10,50.0
8125430,2026-05-14,S-BRU-01,P-ICE-008,19,66.5
2237660,2026-05-14,S-MIL-01,P-ICE-001,31,155.0
3653705,2026-05-14,S-MIL-01,P-ICE-003,21,105.0
2325287,2026-05-14,S-MIL-01,P-ICE-005,15,75.0
7987624,2026-05-14,S-MIL-01,P-ICE-006,8,144.0
3350695,2026-05-14,S-MIL-01,P-ICE-008,27,94.5
6024905,2026-05-15,S-PAR-01,P-ICE-001,34,170.0
8448641,2026-05-15,S-PAR-01,P-ICE-002,27,162.0
5811186,2026-05-15,S-PAR-01,P-ICE-003,24,120.0
1538869,2026-05-15,S-PAR-01,P-ICE-006,9,162.0
3690206,2026-05-15,S-PAR-01,P-ICE-007,34,119.0
8621830,2026-05-15,S-BER-01,P-ICE-001,30,150.0
9420022,2026-05-15,S-BER-01,P-ICE-002,24,144.0
3630678,2026-05-15,S-BER-01,P-ICE-004,15,90.0
7334410,2026-05-15,S-BER-01,P-ICE-006,8,144.0
1939470,2026-05-15,S-AMS-01,P-ICE-001,21,105.0
2295356,2026-05-15,S-AMS-01,P-ICE-003,15,75.0
6254450,2026-05-15,S-AMS-01,P-ICE-005,13,65.0
7383228,2026-05-15,S-AMS-01,P-ICE-007,29,101.5
8117262,2026-05-15,S-AMS-01,P-ICE-008,29,101.5
2305411,2026-05-15,S-BRU-01,P-ICE-001,18,90.0
6628280,2026-05-15,S-BRU-01,P-ICE-002,19,114.0
2786178,2026-05-15,S-BRU-01,P-ICE-004,12,72.0
6186174,2026-05-15,S-BRU-01,P-ICE-005,13,65.0
1543024,2026-05-15,S-BRU-01,P-ICE-008,20,70.0
1752869,2026-05-15,S-MIL-01,P-ICE-001,24,120.0
1766393,2026-05-15,S-MIL-01,P-ICE-003,23,115.0
6177530,2026-05-15,S-MIL-01,P-ICE-005,14,70.0
5737922,2026-05-15,S-MIL-01,P-ICE-006,9,162.0
7553873,2026-05-16,S-PAR-01,P-ICE-001,37,185.0
2633762,2026-05-16,S-PAR-01,P-ICE-002,37,222.0
9448643,2026-05-16,S-PAR-01,P-ICE-003,33,165.0
3519714,2026-05-16,S-PAR-01,P-ICE-006,16,288.0
9001944,2026-05-16,S-PAR-01,P-ICE-007,56,196.0
5867395,2026-05-16,S-BER-01,P-ICE-001,38,190.0
2321253,2026-05-16,S-BER-01,P-ICE-002,28,168.0
4617959,2026-05-16,S-BER-01,P-ICE-006,13,234.0
3701920,2026-05-16,S-BER-01,P-ICE-007,45,157.5
9779300,2026-05-16,S-AMS-01,P-ICE-003,26,130.0
6687823,2026-05-16,S-AMS-01,P-ICE-007,42,147.0
8229326,2026-05-16,S-AMS-01,P-ICE-008,34,119.0
7503423,2026-05-16,S-BRU-01,P-ICE-001,30,150.0
2258262,2026-05-16,S-BRU-01,P-ICE-002,26,156.0
2634202,2026-05-16,S-BRU-01,P-ICE-005,18,90.0
6193258,2026-05-16,S-BRU-01,P-ICE-008,25,87.5
2462431,2026-05-16,S-MIL-01,P-ICE-001,43,215.0
3847389,2026-05-16,S-MIL-01,P-ICE-003,25,125.0
7095636,2026-05-16,S-MIL-01,P-ICE-006,12,216.0
8729953,2026-05-16,S-MIL-01,P-ICE-008,32,112.0
5295408,2026-05-17,S-PAR-01,P-ICE-001,39,195.0
3356313,2026-05-17,S-PAR-01,P-ICE-002,30,180.0
5808770,2026-05-17,S-PAR-01,P-ICE-007,47,164.5
3163996,2026-05-17,S-BER-01,P-ICE-001,38,190.0
6262096,2026-05-17,S-BER-01,P-ICE-002,26,156.0
9488305,2026-05-17,S-BER-01,P-ICE-004,23,138.0
1715977,2026-05-17,S-BER-01,P-ICE-006,13,234.0
5107344,2026-05-17,S-BER-01,P-ICE-007,44,154.0
3593123,2026-05-17,S-AMS-01,P-ICE-001,31,155.0
7698813,2026-05-17,S-AMS-01,P-ICE-005,15,75.0
2568722,2026-05-17,S-AMS-01,P-ICE-008,38,133.0
9977752,2026-05-17,S-BRU-01,P-ICE-001,27,135.0
2817783,2026-05-17,S-BRU-01,P-ICE-004,14,84.0
6515017,2026-05-17,S-MIL-01,P-ICE-001,32,160.0
9158676,2026-05-17,S-MIL-01,P-ICE-003,24,120.0
2918079,2026-05-17,S-MIL-01,P-ICE-005,23,115.0
3612902,2026-05-17,S-MIL-01,P-ICE-006,10,180.0
1525516,2026-05-18,S-PAR-01,P-ICE-001,28,140.0
7064842,2026-05-18,S-PAR-01,P-ICE-003,18,90.0
4580607,2026-05-18,S-PAR-01,P-ICE-006,13,234.0
8095426,2026-05-18,S-PAR-01,P-ICE-007,46,161.0
2402429,2026-05-18,S-BER-01,P-ICE-001,28,140.0
2370851,2026-05-18,S-BER-01,P-ICE-002,19,114.0
8041764,2026-05-18,S-BER-01,P-ICE-004,19,114.0
5352802,2026-05-18,S-BER-01,P-ICE-006,10,180.0
8189612,2026-05-18,S-BER-01,P-ICE-007,28,98.0
3760410,2026-05-18,S-AMS-01,P-ICE-001,27,135.0
9080330,2026-05-18,S-AMS-01,P-ICE-003,20,100.0
3695916,2026-05-18,S-AMS-01,P-ICE-005,15,75.0
7528651,2026-05-18,S-AMS-01,P-ICE-008,30,105.0
4331283,2026-05-18,S-BRU-01,P-ICE-001,22,110.0
3426274,2026-05-18,S-BRU-01,P-ICE-002,18,108.0
6310245,2026-05-18,S-BRU-01,P-ICE-004,17,102.0
3474414,2026-05-18,S-BRU-01,P-ICE-005,14,70.0
7818036,2026-05-18,S-BRU-01,P-ICE-008,22,77.0
8559125,2026-05-18,S-MIL-01,P-ICE-001,32,160.0
2634873,2026-05-18,S-MIL-01,P-ICE-006,11,198.0
4148361,2026-05-18,S-MIL-01,P-ICE-008,35,122.5
3786712,2026-05-19,S-PAR-01,P-ICE-001,32,160.0
4519240,2026-05-19,S-PAR-01,P-ICE-002,22,132.0
7103458,2026-05-19,S-PAR-01,P-ICE-007,32,112.0
9423591,2026-05-19,S-BER-01,P-ICE-001,31,155.0
9374022,2026-05-19,S-BER-01,P-ICE-002,18,108.0
7885148,2026-05-19,S-BER-01,P-ICE-004,17,102.0
8144563,2026-05-19,S-BER-01,P-ICE-006,11,198.0
2902200,2026-05-19,S-BER-01,P-ICE-007,37,129.5
3728933,2026-05-19,S-AMS-01,P-ICE-003,16,80.0
8339925,2026-05-19,S-AMS-01,P-ICE-005,13,65.0
2664720,2026-05-19,S-AMS-01,P-ICE-007,33,115.5
1275590,2026-05-19,S-BRU-01,P-ICE-001,18,90.0
9328292,2026-05-19,S-BRU-01,P-ICE-002,16,96.0
2672723,2026-05-19,S-BRU-01,P-ICE-004,15,90.0
1547533,2026-05-19,S-BRU-01,P-ICE-005,12,60.0
4554607,2026-05-19,S-BRU-01,P-ICE-008,27,94.5
7393458,2026-05-19,S-MIL-01,P-ICE-001,29,145.0
3087766,2026-05-19,S-MIL-01,P-ICE-003,24,120.0
8783741,2026-05-19,S-MIL-01,P-ICE-005,19,95.0
7640565,2026-05-19,S-MIL-01,P-ICE-006,12,216.0
4757032,2026-05-19,S-MIL-01,P-ICE-008,30,105.0
5437558,2026-05-20,S-PAR-01,P-ICE-001,29,145.0
7957788,2026-05-20,S-PAR-01,P-ICE-002,29,174.0
7955106,2026-05-20,S-PAR-01,P-ICE-003,18,90.0
7281485,2026-05-20,S-PAR-01,P-ICE-006,9,162.0
6326278,2026-05-20,S-PAR-01,P-ICE-007,40,140.0
8214533,2026-05-20,S-BER-01,P-ICE-001,32,160.0
4232305,2026-05-20,S-BER-01,P-ICE-002,25,150.0
1865385,2026-05-20,S-BER-01,P-ICE-004,16,96.0
3162087,2026-05-20,S-BER-01,P-ICE-006,10,180.0
7763214,2026-05-20,S-AMS-01,P-ICE-001,27,135.0
2670640,2026-05-20,S-AMS-01,P-ICE-005,13,65.0
2985964,2026-05-20,S-AMS-01,P-ICE-007,26,91.0
5365936,2026-05-20,S-AMS-01,P-ICE-008,29,101.5
6409052,2026-05-20,S-BRU-01,P-ICE-001,19,95.0
8338707,2026-05-20,S-BRU-01,P-ICE-002,14,84.0
3567729,2026-05-20,S-BRU-01,P-ICE-004,15,90.0
2321583,2026-05-20,S-BRU-01,P-ICE-005,13,65.0
3190232,2026-05-20,S-BRU-01,P-ICE-008,19,66.5
4129876,2026-05-20,S-MIL-01,P-ICE-003,23,115.0
5981533,2026-05-20,S-MIL-01,P-ICE-005,19,95.0
7343582,2026-05-20,S-MIL-01,P-ICE-006,12,216.0
5613144,2026-05-20,S-MIL-01,P-ICE-008,34,119.0
1388238,2026-05-21,S-PAR-01,P-ICE-001,27,135.0
2735086,2026-05-21,S-PAR-01,P-ICE-002,26,156.0
3058301,2026-05-21,S-PAR-01,P-ICE-003,27,135.0
4030429,2026-05-21,S-PAR-01,P-ICE-006,10,180.0
7063240,2026-05-21,S-PAR-01,P-ICE-007,40,140.0
1368376,2026-05-21,S-BER-01,P-ICE-002,18,108.0
2280314,2026-05-21,S-BER-01,P-ICE-004,17,102.0
6261082,2026-05-21,S-BER-01,P-ICE-006,9,162.0
3702870,2026-05-21,S-BER-01,P-ICE-007,33,115.5
3997703,2026-05-21,S-AMS-01,P-ICE-001,20,100.0
1527651,2026-05-21,S-AMS-01,P-ICE-003,18,90.0
6818065,2026-05-21,S-AMS-01,P-ICE-005,13,65.0
1084130,2026-05-21,S-AMS-01,P-ICE-007,32,112.0
3040002,2026-05-21,S-AMS-01,P-ICE-008,29,101.5
1386516,2026-05-21,S-BRU-01,P-ICE-001,18,90.0
4629021,2026-05-21,S-BRU-01,P-ICE-002,19,114.0
6495204,2026-05-21,S-BRU-01,P-ICE-005,11,55.0
3123664,2026-05-21,S-BRU-01,P-ICE-008,20,70.0
2542997,2026-05-21,S-MIL-01,P-ICE-001,29,145.0
5937884,2026-05-21,S-MIL-01,P-ICE-003,21,105.0
8315906,2026-05-21,S-MIL-01,P-ICE-005,19,95.0
4238912,2026-05-21,S-MIL-01,P-ICE-006,10,180.0
5715786,2026-05-21,S-MIL-01,P-ICE-008,28,98.0
6227531,2026-05-22,S-PAR-01,P-ICE-002,28,168.0
9184459,2026-05-22,S-PAR-01,P-ICE-003,20,100.0
5557932,2026-05-22,S-PAR-01,P-ICE-006,11,198.0
7426442,2026-05-22,S-PAR-01,P-ICE-007,42,147.0
7274015,2026-05-22,S-BER-01,P-ICE-001,28,140.0
1566398,2026-05-22,S-BER-01,P-ICE-004,17,102.0
9900282,2026-05-22,S-BER-01,P-ICE-007,33,115.5
4018292,2026-05-22,S-AMS-01,P-ICE-001,20,100.0
4119134,2026-05-22,S-AMS-01,P-ICE-003,17,85.0
7235425,2026-05-22,S-AMS-01,P-ICE-005,11,55.0
3051914,2026-05-22,S-AMS-01,P-ICE-007,34,119.0
6517512,2026-05-22,S-AMS-01,P-ICE-008,28,98.0
6394902,2026-05-22,S-BRU-01,P-ICE-001,23,115.0
4559708,2026-05-22,S-BRU-01,P-ICE-004,13,78.0
5664879,2026-05-22,S-BRU-01,P-ICE-005,10,50.0
2255341,2026-05-22,S-BRU-01,P-ICE-008,28,98.0
8301537,2026-05-22,S-MIL-01,P-ICE-001,31,155.0
4307179,2026-05-22,S-MIL-01,P-ICE-003,19,95.0
1785036,2026-05-22,S-MIL-01,P-ICE-005,17,85.0
3871248,2026-05-22,S-MIL-01,P-ICE-008,27,94.5
4966501,2026-05-23,S-PAR-01,P-ICE-001,42,210.0
1077963,2026-05-23,S-PAR-01,P-ICE-002,29,174.0
7758043,2026-05-23,S-PAR-01,P-ICE-006,16,288.0
9850211,2026-05-23,S-PAR-01,P-ICE-007,51,178.5
2165246,2026-05-23,S-BER-01,P-ICE-001,36,180.0
7963867,2026-05-23,S-BER-01,P-ICE-002,30,180.0
6801971,2026-05-23,S-BER-01,P-ICE-004,20,120.0
6254198,2026-05-23,S-BER-01,P-ICE-006,12,216.0
6007056,2026-05-23,S-BER-01,P-ICE-007,35,122.5
3036971,2026-05-23,S-AMS-01,P-ICE-001,30,150.0
2723751,2026-05-23,S-AMS-01,P-ICE-003,26,130.0
1174416,2026-05-23,S-AMS-01,P-ICE-005,14,70.0
8309538,2026-05-23,S-AMS-01,P-ICE-007,47,164.5
7188771,2026-05-23,S-AMS-01,P-ICE-008,28,98.0
1082902,2026-05-23,S-BRU-01,P-ICE-001,28,140.0
2858975,2026-05-23,S-BRU-01,P-ICE-005,17,85.0
5424607,2026-05-23,S-BRU-01,P-ICE-008,27,94.5
7367900,2026-05-23,S-MIL-01,P-ICE-001,39,195.0
3311285,2026-05-23,S-MIL-01,P-ICE-003,23,115.0
6357513,2026-05-23,S-MIL-01,P-ICE-005,18,90.0
7933921,2026-05-23,S-MIL-01,P-ICE-008,46,161.0
9753742,2026-05-24,S-PAR-01,P-ICE-001,43,215.0
9222577,2026-05-24,S-PAR-01,P-ICE-002,33,198.0
4788807,2026-05-24,S-PAR-01,P-ICE-006,15,270.0
2389057,2026-05-24,S-PAR-01,P-ICE-007,56,196.0
5066398,2026-05-24,S-BER-01,P-ICE-001,39,195.0
4454281,2026-05-24,S-BER-01,P-ICE-002,29,174.0
9298107,2026-05-24,S-BER-01,P-ICE-004,18,108.0
4626151,2026-05-24,S-BER-01,P-ICE-006,9,162.0
9181335,2026-05-24,S-BER-01,P-ICE-007,41,143.5
9852408,2026-05-24,S-AMS-01,P-ICE-001,27,135.0
6231562,2026-05-24,S-AMS-01,P-ICE-003,20,100.0
9464296,2026-05-24,S-AMS-01,P-ICE-005,19,95.0
7100930,2026-05-24,S-AMS-01,P-ICE-007,33,115.5
9614497,2026-05-24,S-AMS-01,P-ICE-008,33,115.5
2151576,2026-05-24,S-BRU-01,P-ICE-001,27,135.0
6153067,2026-05-24,S-BRU-01,P-ICE-002,19,114.0
8733526,2026-05-24,S-BRU-01,P-ICE-005,13,65.0
8731726,2026-05-24,S-MIL-01,P-ICE-001,33,165.0
9906779,2026-05-24,S-MIL-01,P-ICE-003,21,105.0
2410406,2026-05-24,S-MIL-01,P-ICE-005,19,95.0
7659346,2026-05-24,S-MIL-01,P-ICE-006,11,198.0
1891827,2026-05-24,S-MIL-01,P-ICE-008,40,140.0
1824338,2026-05-25,S-PAR-01,P-ICE-001,31,155.0
8089856,2026-05-25,S-PAR-01,P-ICE-002,28,168.0
3963613,2026-05-25,S-PAR-01,P-ICE-003,20,100.0
9281506,2026-05-25,S-PAR-01,P-ICE-006,11,198.0
1836704,2026-05-25,S-PAR-01,P-ICE-007,34,119.0
4683937,2026-05-25,S-BER-01,P-ICE-001,32,160.0
5465729,2026-05-25,S-BER-01,P-ICE-002,25,150.0
5621443,2026-05-25,S-BER-01,P-ICE-004,18,108.0
7787380,2026-05-25,S-BER-01,P-ICE-006,10,180.0
5500772,2026-05-25,S-BER-01,P-ICE-007,29,101.5
4415429,2026-05-25,S-AMS-01,P-ICE-001,21,105.0
5831479,2026-05-25,S-AMS-01,P-ICE-003,16,80.0
9442968,2026-05-25,S-AMS-01,P-ICE-005,12,60.0
5003370,2026-05-25,S-AMS-01,P-ICE-008,29,101.5
3795846,2026-05-25,S-BRU-01,P-ICE-001,24,120.0
3379573,2026-05-25,S-BRU-01,P-ICE-002,20,120.0
1349416,2026-05-25,S-BRU-01,P-ICE-005,12,60.0
2291460,2026-05-25,S-BRU-01,P-ICE-008,22,77.0
1163307,2026-05-25,S-MIL-01,P-ICE-001,33,165.0
1016885,2026-05-25,S-MIL-01,P-ICE-003,25,125.0
2835192,2026-05-25,S-MIL-01,P-ICE-005,15,75.0
5876441,2026-05-25,S-MIL-01,P-ICE-006,8,144.0
3806907,2026-05-25,S-MIL-01,P-ICE-008,32,112.0
2677595,2026-05-26,S-PAR-01,P-ICE-001,36,180.0
8593642,2026-05-26,S-PAR-01,P-ICE-002,28,168.0
5317440,2026-05-26,S-PAR-01,P-ICE-003,22,110.0
8696560,2026-05-26,S-PAR-01,P-ICE-006,10,180.0
6599209,2026-05-26,S-PAR-01,P-ICE-007,38,133.0
9126125,2026-05-26,S-BER-01,P-ICE-002,25,150.0
1347746,2026-05-26,S-BER-01,P-ICE-004,19,114.0
4695275,2026-05-26,S-BER-01,P-ICE-006,9,162.0
9352238,2026-05-26,S-BER-01,P-ICE-007,29,101.5
8226291,2026-05-26,S-AMS-01,P-ICE-001,26,130.0
4252130,2026-05-26,S-AMS-01,P-ICE-003,19,95.0
5595680,2026-05-26,S-AMS-01,P-ICE-007,26,91.0
8537488,2026-05-26,S-BRU-01,P-ICE-001,26,130.0
6852648,2026-05-26,S-BRU-01,P-ICE-005,15,75.0
5634657,2026-05-26,S-MIL-01,P-ICE-001,29,145.0
9725456,2026-05-26,S-MIL-01,P-ICE-003,17,85.0
3062947,2026-05-26,S-MIL-01,P-ICE-005,19,95.0
6821657,2026-05-26,S-MIL-01,P-ICE-006,10,180.0
9370606,2026-05-26,S-MIL-01,P-ICE-008,38,133.0
9777607,2026-05-27,S-PAR-01,P-ICE-002,27,162.0
6094327,2026-05-27,S-PAR-01,P-ICE-006,12,216.0
5944694,2026-05-27,S-PAR-01,P-ICE-007,34,119.0
5748242,2026-05-27,S-BER-01,P-ICE-001,22,110.0
9193429,2026-05-27,S-BER-01,P-ICE-002,18,108.0
1010766,2026-05-27,S-BER-01,P-ICE-004,17,102.0
5752407,2026-05-27,S-BER-01,P-ICE-006,8,144.0
3601089,2026-05-27,S-BER-01,P-ICE-007,34,119.0
4300538,2026-05-27,S-AMS-01,P-ICE-003,15,75.0
5878848,2026-05-27,S-AMS-01,P-ICE-005,16,80.0
6949741,2026-05-27,S-AMS-01,P-ICE-007,31,108.5
7480045,2026-05-27,S-AMS-01,P-ICE-008,29,101.5
2646494,2026-05-27,S-BRU-01,P-ICE-001,27,135.0
8311783,2026-05-27,S-BRU-01,P-ICE-005,11,55.0
3334991,2026-05-27,S-BRU-01,P-ICE-008,22,77.0
3276513,2026-05-27,S-MIL-01,P-ICE-001,26,130.0
6116985,2026-05-27,S-MIL-01,P-ICE-003,19,95.0
8736886,2026-05-27,S-MIL-01,P-ICE-005,17,85.0
8329845,2026-05-27,S-MIL-01,P-ICE-006,10,180.0
6255638,2026-05-27,S-MIL-01,P-ICE-008,33,115.5
6998844,2026-05-28,S-PAR-01,P-ICE-001,35,175.0
8054914,2026-05-28,S-PAR-01,P-ICE-002,25,150.0
1443289,2026-05-28,S-PAR-01,P-ICE-006,13,234.0
6073262,2026-05-28,S-BER-01,P-ICE-001,30,150.0
7259766,2026-05-28,S-BER-01,P-ICE-002,22,132.0
5921482,2026-05-28,S-BER-01,P-ICE-004,18,108.0
3112852,2026-05-28,S-BER-01,P-ICE-006,11,198.0
9690736,2026-05-28,S-BER-01,P-ICE-007,28,98.0
1917592,2026-05-28,S-AMS-01,P-ICE-001,20,100.0
2795982,2026-05-28,S-AMS-01,P-ICE-003,21,105.0
5875071,2026-05-28,S-AMS-01,P-ICE-005,12,60.0
2021141,2026-05-28,S-AMS-01,P-ICE-007,34,119.0
9570152,2026-05-28,S-AMS-01,P-ICE-008,28,98.0
4440410,2026-05-28,S-BRU-01,P-ICE-001,18,90.0
9309833,2026-05-28,S-BRU-01,P-ICE-002,18,108.0
3596701,2026-05-28,S-BRU-01,P-ICE-004,17,102.0
1108226,2026-05-28,S-BRU-01,P-ICE-005,12,60.0
4367185,2026-05-28,S-BRU-01,P-ICE-008,25,87.5
3030620,2026-05-28,S-MIL-01,P-ICE-001,24,120.0
2738237,2026-05-28,S-MIL-01,P-ICE-003,19,95.0
8445994,2026-05-28,S-MIL-01,P-ICE-005,19,95.0
6031885,2026-05-28,S-MIL-01,P-ICE-006,12,216.0
4941435,2026-05-28,S-MIL-01,P-ICE-008,39,136.5
8367376,2026-05-29,S-PAR-01,P-ICE-001,33,165.0
1363358,2026-05-29,S-PAR-01,P-ICE-003,23,115.0
5037972,2026-05-29,S-PAR-01,P-ICE-006,13,234.0
4361332,2026-05-29,S-PAR-01,P-ICE-007,45,157.5
2678051,2026-05-29,S-BER-01,P-ICE-001,25,125.0
7563066,2026-05-29,S-BER-01,P-ICE-004,19,114.0
8784019,2026-05-29,S-BER-01,P-ICE-006,11,198.0
1469269,2026-05-29,S-BER-01,P-ICE-007,34,119.0
7533541,2026-05-29,S-AMS-01,P-ICE-001,21,105.0
8457126,2026-05-29,S-AMS-01,P-ICE-003,16,80.0
3337125,2026-05-29,S-AMS-01,P-ICE-005,16,80.0
5645678,2026-05-29,S-AMS-01,P-ICE-007,34,119.0
9399318,2026-05-29,S-AMS-01,P-ICE-008,23,80.5
9808972,2026-05-29,S-BRU-01,P-ICE-002,16,96.0
3540116,2026-05-29,S-BRU-01,P-ICE-004,12,72.0
6692359,2026-05-29,S-BRU-01,P-ICE-005,14,70.0
3349469,2026-05-29,S-BRU-01,P-ICE-008,28,98.0
6082320,2026-05-29,S-MIL-01,P-ICE-001,33,165.0
9115888,2026-05-29,S-MIL-01,P-ICE-005,19,95.0
4026182,2026-05-29,S-MIL-01,P-ICE-006,10,180.0
9815318,2026-05-29,S-MIL-01,P-ICE-008,38,133.0
6840068,2026-05-30,S-PAR-01,P-ICE-001,44,220.0
2133636,2026-05-30,S-PAR-01,P-ICE-002,37,222.0
3670591,2026-05-30,S-PAR-01,P-ICE-003,33,165.0
9379110,2026-05-30,S-PAR-01,P-ICE-006,15,270.0
4969777,2026-05-30,S-BER-01,P-ICE-001,38,190.0
7443851,2026-05-30,S-BER-01,P-ICE-002,31,186.0
2079947,2026-05-30,S-BER-01,P-ICE-004,21,126.0
1627774,2026-05-30,S-BER-01,P-ICE-006,11,198.0
7280082,2026-05-30,S-BER-01,P-ICE-007,36,126.0
3920363,2026-05-30,S-AMS-01,P-ICE-001,36,180.0
7335562,2026-05-30,S-AMS-01,P-ICE-003,24,120.0
4350987,2026-05-30,S-AMS-01,P-ICE-005,19,95.0
5799782,2026-05-30,S-AMS-01,P-ICE-007,39,136.5
8282368,2026-05-30,S-AMS-01,P-ICE-008,37,129.5
4226188,2026-05-30,S-BRU-01,P-ICE-001,32,160.0
2614070,2026-05-30,S-BRU-01,P-ICE-002,18,108.0
1087850,2026-05-30,S-BRU-01,P-ICE-004,20,120.0
2207374,2026-05-30,S-BRU-01,P-ICE-005,15,75.0
9860962,2026-05-30,S-BRU-01,P-ICE-008,33,115.5
8947918,2026-05-30,S-MIL-01,P-ICE-001,43,215.0
3313134,2026-05-30,S-MIL-01,P-ICE-003,25,125.0
7310216,2026-05-30,S-MIL-01,P-ICE-005,21,105.0
9677962,2026-05-30,S-MIL-01,P-ICE-008,35,122.5
4868381,2026-05-31,S-PAR-01,P-ICE-001,35,175.0
1378200,2026-05-31,S-PAR-01,P-ICE-002,33,198.0
5217487,2026-05-31,S-PAR-01,P-ICE-003,35,175.0
3648501,2026-05-31,S-PAR-01,P-ICE-006,14,252.0
9686567,2026-05-31,S-BER-01,P-ICE-001,36,180.0
1950399,2026-05-31,S-BER-01,P-ICE-004,21,126.0
8901711,2026-05-31,S-BER-01,P-ICE-006,14,252.0
8070014,2026-05-31,S-AMS-01,P-ICE-003,18,90.0
1996431,2026-05-31,S-AMS-01,P-ICE-005,17,85.0
6529924,2026-05-31,S-AMS-01,P-ICE-007,40,140.0
4953000,2026-05-31,S-BRU-01,P-ICE-001,33,165.0
1593277,2026-05-31,S-BRU-01,P-ICE-002,25,150.0
7983351,2026-05-31,S-BRU-01,P-ICE-004,15,90.0
2352134,2026-05-31,S-BRU-01,P-ICE-005,17,85.0
1700297,2026-05-31,S-MIL-01,P-ICE-001,32,160.0
4778984,2026-05-31,S-MIL-01,P-ICE-003,27,135.0
6090515,2026-05-31,S-MIL-01,P-ICE-005,21,105.0
4821097,2026-05-31,S-MIL-01,P-ICE-006,15,270.0
4291258,2026-05-31,S-MIL-01,P-ICE-008,33,115.5
1303581,2026-06-01,S-PAR-01,P-ICE-001,38,190.0
7328832,2026-06-01,S-PAR-01,P-ICE-002,21,126.0
8161079,2026-06-01,S-PAR-01,P-ICE-003,23,115.0
2979586,2026-06-01,S-PAR-01,P-ICE-006,10,180.0
8323671,2026-06-01,S-BER-01,P-ICE-002,19,114.0
1168605,2026-06-01,S-BER-01,P-ICE-006,8,144.0
9996238,2026-06-01,S-BER-01,P-ICE-007,38,133.0
1249956,2026-06-01,S-AMS-01,P-ICE-001,30,150.0
1950506,2026-06-01,S-AMS-01,P-ICE-005,12,60.0
1733490,2026-06-01,S-AMS-01,P-ICE-007,28,98.0
5097740,2026-06-01,S-AMS-01,P-ICE-008,28,98.0
3053134,2026-06-01,S-BRU-01,P-ICE-002,17,102.0
4453773,2026-06-01,S-BRU-01,P-ICE-004,12,72.0
6988766,2026-06-01,S-BRU-01,P-ICE-005,14,70.0
7156124,2026-06-01,S-MIL-01,P-ICE-003,20,100.0
5097093,2026-06-01,S-MIL-01,P-ICE-005,16,80.0
9446412,2026-06-01,S-MIL-01,P-ICE-006,10,180.0
7892648,2026-06-01,S-MIL-01,P-ICE-008,31,108.5
5693994,2026-06-02,S-PAR-01,P-ICE-001,35,175.0
9740844,2026-06-02,S-PAR-01,P-ICE-002,30,180.0
4536127,2026-06-02,S-PAR-01,P-ICE-003,26,130.0
3381714,2026-06-02,S-PAR-01,P-ICE-006,13,234.0
8386629,2026-06-02,S-PAR-01,P-ICE-007,37,129.5
2916606,2026-06-02,S-BER-01,P-ICE-001,27,135.0
5534857,2026-06-02,S-BER-01,P-ICE-002,25,150.0
2417562,2026-06-02,S-BER-01,P-ICE-004,17,102.0
7441381,2026-06-02,S-BER-01,P-ICE-006,11,198.0
7453578,2026-06-02,S-BER-01,P-ICE-007,40,140.0
7364050,2026-06-02,S-AMS-01,P-ICE-001,22,110.0
1876771,2026-06-02,S-AMS-01,P-ICE-003,17,85.0
6835191,2026-06-02,S-AMS-01,P-ICE-005,11,55.0
5404568,2026-06-02,S-BRU-01,P-ICE-001,21,105.0
1458775,2026-06-02,S-BRU-01,P-ICE-002,18,108.0
8282586,2026-06-02,S-BRU-01,P-ICE-004,16,96.0
1958290,2026-06-02,S-BRU-01,P-ICE-008,29,101.5
5822081,2026-06-02,S-MIL-01,P-ICE-001,31,155.0
9705913,2026-06-02,S-MIL-01,P-ICE-006,11,198.0
8840537,2026-06-02,S-MIL-01,P-ICE-008,39,136.5
3212456,2026-06-03,S-PAR-01,P-ICE-001,39,195.0
5603547,2026-06-03,S-PAR-01,P-ICE-003,25,125.0
5963118,2026-06-03,S-PAR-01,P-ICE-006,10,180.0
5601485,2026-06-03,S-PAR-01,P-ICE-007,40,140.0
1207016,2026-06-03,S-BER-01,P-ICE-001,30,150.0
6385308,2026-06-03,S-BER-01,P-ICE-002,22,132.0
8445874,2026-06-03,S-BER-01,P-ICE-004,20,120.0
8825556,2026-06-03,S-BER-01,P-ICE-006,9,162.0
4654790,2026-06-03,S-BER-01,P-ICE-007,33,115.5
2334575,2026-06-03,S-AMS-01,P-ICE-001,26,130.0
6268490,2026-06-03,S-AMS-01,P-ICE-003,19,95.0
5632933,2026-06-03,S-AMS-01,P-ICE-007,29,101.5
4815456,2026-06-03,S-AMS-01,P-ICE-008,27,94.5
1831808,2026-06-03,S-BRU-01,P-ICE-001,20,100.0
4091294,2026-06-03,S-BRU-01,P-ICE-002,19,114.0
6323988,2026-06-03,S-BRU-01,P-ICE-004,17,102.0
2020270,2026-06-03,S-BRU-01,P-ICE-005,14,70.0
6927978,2026-06-03,S-MIL-01,P-ICE-005,20,100.0
4937559,2026-06-03,S-MIL-01,P-ICE-006,9,162.0
8445941,2026-06-03,S-MIL-01,P-ICE-008,27,94.5
