timestamp,storeId,freezerId,temperatureC,humidityPct,doorOpen
2026-01-01T00:00:00Z,S-PAR-01,F-PAR-01,-20.7,42.6,0
2026-01-01T06:00:00Z,S-PAR-01,F-PAR-01,-19.4,42.7,0
2026-01-01T12:00:00Z,S-PAR-01,F-PAR-01,-20.2,47.1,0
2026-01-01T18:00:00Z,S-PAR-01,F-PAR-01,-19.1,46.7,0
2026-01-02T00:00:00Z,S-PAR-01,F-PAR-01,-20.9,51.0,0
2026-01-02T06:00:00Z,S-PAR-01,F-PAR-01,-19.2,38.4,0
2026-01-02T12:00:00Z,S-PAR-01,F-PAR-01,-19.8,49.3,0
2026-01-02T18:00:00Z,S-PAR-01,F-PAR-01,-19.4,45.1,0
2026-01-03T00:00:00Z,S-PAR-01,F-PAR-01,-20.3,41.0,0
2026-01-03T06:00:00Z,S-PAR-01,F-PAR-01,-19.3,38.5,0
2026-01-03T12:00:00Z,S-PAR-01,F-PAR-01,-19.5,43.3,0
2026-01-03T18:00:00Z,S-PAR-01,F-PAR-01,-20.8,39.1,0
2026-01-04T00:00:00Z,S-PAR-01,F-PAR-01,-20.6,45.0,0
2026-01-04T06:00:00Z,S-PAR-01,F-PAR-01,-19.9,45.7,0
2026-01-04T12:00:00Z,S-PAR-01,F-PAR-01,-20.2,48.3,0
2026-01-04T18:00:00Z,S-PAR-01,F-PAR-01,-19.9,38.7,0
2026-01-05T00:00:00Z,S-PAR-01,F-PAR-01,-20.0,44.2,0
2026-01-05T06:00:00Z,S-PAR-01,F-PAR-01,-20.5,49.7,0
2026-01-05T12:00:00Z,S-PAR-01,F-PAR-01,-20.4,41.4,0
2026-01-05T18:00:00Z,S-PAR-01,F-PAR-01,-19.5,43.1,0
2026-01-06T00:00:00Z,S-PAR-01,F-PAR-01,-19.5,39.6,0
2026-01-06T06:00:00Z,S-PAR-01,F-PAR-01,-20.5,48.3,0
2026-01-06T12:00:00Z,S-PAR-01,F-PAR-01,-19.2,43.1,0
2026-01-06T18:00:00Z,S-PAR-01,F-PAR-01,-20.0,50.8,0
2026-01-07T00:00:00Z,S-PAR-01,F-PAR-01,-19.8,44.3,0
2026-01-07T06:00:00Z,S-PAR-01,F-PAR-01,-20.2,46.0,0
2026-01-07T12:00:00Z,S-PAR-01,F-PAR-01,-19.3,39.8,0
2026-01-07T18:00:00Z,S-PAR-01,F-PAR-01,-19.4,43.7,0
2026-01-08T00:00:00Z,S-PAR-01,F-PAR-01,-20.7,41.6,0
2026-01-08T06:00:00Z,S-PAR-01,F-PAR-01,-20.4,42.4,0
2026-01-08T12:00:00Z,S-PAR-01,F-PAR-01,-20.8,43.9,0
2026-01-08T18:00:00Z,S-PAR-01,F-PAR-01,-19.8,46.9,0
2026-01-09T00:00:00Z,S-PAR-01,F-PAR-01,-19.2,50.3,0
2026-01-09T06:00:00Z,S-PAR-01,F-PAR-01,-21.0,39.7,0
2026-01-09T12:00:00Z,S-PAR-01,F-PAR-01,-20.5,45.8,0
2026-01-09T18:00:00Z,S-PAR-01,F-PAR-01,-19.5,39.8,1
2026-01-10T00:00:00Z,S-PAR-01,F-PAR-01,-20.1,47.7,0
2026-01-10T06:00:00Z,S-PAR-01,F-PAR-01,-19.0,39.9,0
2026-01-10T12:00:00Z,S-PAR-01,F-PAR-01,-19.3,50.9,0
2026-01-10T18:00:00Z,S-PAR-01,F-PAR-01,-20.3,43.6,0
2026-01-11T00:00:00Z,S-PAR-01,F-PAR-01,-19.6,39.7,0
2026-01-11T06:00:00Z,S-PAR-01,F-PAR-01,-19.2,50.6,0
2026-01-11T12:00:00Z,S-PAR-01,F-PAR-01,-19.8,46.6,0
2026-01-11T18:00:00Z,S-PAR-01,F-PAR-01,-20.9,48.3,0
2026-01-12T00:00:00Z,S-PAR-01,F-PAR-01,-20.1,43.7,0
2026-01-12T06:00:00Z,S-PAR-01,F-PAR-01,-20.1,49.7,0
2026-01-12T12:00:00Z,S-PAR-01,F-PAR-01,-20.4,44.7,0
2026-01-12T18:00:00Z,S-PAR-01,F-PAR-01,-20.6,48.7,0
2026-01-13T00:00:00Z,S-PAR-01,F-PAR-01,-19.1,39.2,0
2026-01-13T06:00:00Z,S-PAR-01,F-PAR-01,-19.2,46.3,0
2026-01-13T12:00:00Z,S-PAR-01,F-PAR-01,-20.3,47.1,0
2026-01-13T18:00:00Z,S-PAR-01,F-PAR-01,-20.1,45.1,0
2026-01-14T00:00:00Z,S-PAR-01,F-PAR-01,-20.0,69.2,1
2026-01-14T06:00:00Z,S-PAR-01,F-PAR-01,-12.0,56.5,1
2026-01-14T12:00:00Z,S-PAR-01,F-PAR-01,-20.0,59.5,1
2026-01-14T18:00:00Z,S-PAR-01,F-PAR-01,-20.3,45.9,0
2026-01-15T00:00:00Z,S-PAR-01,F-PAR-01,-19.8,49.8,0
2026-01-15T06:00:00Z,S-PAR-01,F-PAR-01,-20.1,42.5,0
2026-01-15T12:00:00Z,S-PAR-01,F-PAR-01,-20.4,40.5,0
2026-01-15T18:00:00Z,S-PAR-01,F-PAR-01,-19.4,48.3,0
2026-01-16T00:00:00Z,S-PAR-01,F-PAR-01,-20.6,45.3,0
2026-01-16T06:00:00Z,S-PAR-01,F-PAR-01,-19.8,46.6,0
2026-01-16T12:00:00Z,S-PAR-01,F-PAR-01,-20.8,42.0,1
2026-01-16T18:00:00Z,S-PAR-01,F-PAR-01,-20.5,44.1,0
2026-01-17T00:00:00Z,S-PAR-01,F-PAR-01,-20.4,50.8,0
2026-01-17T06:00:00Z,S-PAR-01,F-PAR-01,-19.0,48.5,0
2026-01-17T12:00:00Z,S-PAR-01,F-PAR-01,-19.2,47.3,0
2026-01-17T18:00:00Z,S-PAR-01,F-PAR-01,-20.6,49.7,0
2026-01-18T00:00:00Z,S-PAR-01,F-PAR-01,-20.9,50.6,0
2026-01-18T06:00:00Z,S-PAR-01,F-PAR-01,-19.1,45.6,0
2026-01-18T12:00:00Z,S-PAR-01,F-PAR-01,-19.4,38.1,0
2026-01-18T18:00:00Z,S-PAR-01,F-PAR-01,-20.9,40.8,0
2026-01-19T00:00:00Z,S-PAR-01,F-PAR-01,-19.9,48.2,0
2026-01-19T06:00:00Z,S-PAR-01,F-PAR-01,-20.0,49.6,0
2026-01-19T12:00:00Z,S-PAR-01,F-PAR-01,-20.4,39.5,0
2026-01-19T18:00:00Z,S-PAR-01,F-PAR-01,-19.3,44.2,0
2026-01-20T00:00:00Z,S-PAR-01,F-PAR-01,-20.5,50.1,0
2026-01-20T06:00:00Z,S-PAR-01,F-PAR-01,-19.0,48.2,0
2026-01-20T12:00:00Z,S-PAR-01,F-PAR-01,-20.8,43.0,1
2026-01-20T18:00:00Z,S-PAR-01,F-PAR-01,-19.4,48.2,0
2026-01-21T00:00:00Z,S-PAR-01,F-PAR-01,-20.0,41.9,0
2026-01-21T06:00:00Z,S-PAR-01,F-PAR-01,-19.7,45.2,0
2026-01-21T12:00:00Z,S-PAR-01,F-PAR-01,-19.4,47.9,0
2026-01-21T18:00:00Z,S-PAR-01,F-PAR-01,-19.2,44.1,0
2026-01-22T00:00:00Z,S-PAR-01,F-PAR-01,-19.4,42.4,0
2026-01-22T06:00:00Z,S-PAR-01,F-PAR-01,-19.3,47.3,0
2026-01-22T12:00:00Z,S-PAR-01,F-PAR-01,-19.2,38.5,0
2026-01-22T18:00:00Z,S-PAR-01,F-PAR-01,-21.0,39.9,0
2026-01-23T00:00:00Z,S-PAR-01,F-PAR-01,-19.1,47.4,0
2026-01-23T06:00:00Z,S-PAR-01,F-PAR-01,-20.5,40.1,0
2026-01-23T12:00:00Z,S-PAR-01,F-PAR-01,-19.4,48.3,0
2026-01-23T18:00:00Z,S-PAR-01,F-PAR-01,-20.6,50.3,0
2026-01-24T00:00:00Z,S-PAR-01,F-PAR-01,-19.3,48.5,0
2026-01-24T06:00:00Z,S-PAR-01,F-PAR-01,-21.0,38.9,0
2026-01-24T12:00:00Z,S-PAR-01,F-PAR-01,-19.9,40.9,0
2026-01-24T18:00:00Z,S-PAR-01,F-PAR-01,-20.2,41.7,0
2026-01-25T00:00:00Z,S-PAR-01,F-PAR-01,-19.8,46.9,0
2026-01-25T06:00:00Z,S-PAR-01,F-PAR-01,-20.0,47.2,0
2026-01-25T12:00:00Z,S-PAR-01,F-PAR-01,-20.6,42.2,0
2026-01-25T18:00:00Z,S-PAR-01,F-PAR-01,-20.4,44.8,0
2026-01-26T00:00:00Z,S-PAR-01,F-PAR-01,-20.2,43.0,0
2026-01-26T06:00:00Z,S-PAR-01,F-PAR-01,-20.0,39.4,0
2026-01-26T12:00:00Z,S-PAR-01,F-PAR-01,-20.8,50.3,0
2026-01-26T18:00:00Z,S-PAR-01,F-PAR-01,-20.4,51.6,0
2026-01-27T00:00:00Z,S-PAR-01,F-PAR-01,-19.7,39.6,0
2026-01-27T06:00:00Z,S-PAR-01,F-PAR-01,-20.1,42.5,0
2026-01-27T12:00:00Z,S-PAR-01,F-PAR-01,-20.8,47.8,0
2026-01-27T18:00:00Z,S-PAR-01,F-PAR-01,-19.5,44.8,0
2026-01-28T00:00:00Z,S-PAR-01,F-PAR-01,-20.0,43.8,0
2026-01-28T06:00:00Z,S-PAR-01,F-PAR-01,-20.5,42.1,0
2026-01-28T12:00:00Z,S-PAR-01,F-PAR-01,-20.0,50.5,0
2026-01-28T18:00:00Z,S-PAR-01,F-PAR-01,-20.9,48.8,0
2026-01-29T00:00:00Z,S-PAR-01,F-PAR-01,-20.4,43.5,0
2026-01-29T06:00:00Z,S-PAR-01,F-PAR-01,-20.1,43.6,0
2026-01-29T12:00:00Z,S-PAR-01,F-PAR-01,-19.2,41.8,0
2026-01-29T18:00:00Z,S-PAR-01,F-PAR-01,-20.3,49.5,0
2026-01-30T00:00:00Z,S-PAR-01,F-PAR-01,-20.2,46.0,0
2026-01-30T06:00:00Z,S-PAR-01,F-PAR-01,-20.7,40.9,0
2026-01-30T12:00:00Z,S-PAR-01,F-PAR-01,-19.7,51.3,0
2026-01-30T18:00:00Z,S-PAR-01,F-PAR-01,-20.3,46.5,1
2026-01-31T00:00:00Z,S-PAR-01,F-PAR-01,-19.6,49.2,0
2026-01-31T06:00:00Z,S-PAR-01,F-PAR-01,-20.8,47.9,0
2026-01-31T12:00:00Z,S-PAR-01,F-PAR-01,-19.2,48.7,0
2026-01-31T18:00:00Z,S-PAR-01,F-PAR-01,-19.7,45.3,0
2026-02-01T00:00:00Z,S-PAR-01,F-PAR-01,-20.6,40.2,0
2026-02-01T06:00:00Z,S-PAR-01,F-PAR-01,-19.9,50.0,0
2026-02-01T12:00:00Z,S-PAR-01,F-PAR-01,-20.5,49.2,0
2026-02-01T18:00:00Z,S-PAR-01,F-PAR-01,-20.3,41.0,0
2026-02-02T00:00:00Z,S-PAR-01,F-PAR-01,-19.1,38.5,0
2026-02-02T06:00:00Z,S-PAR-01,F-PAR-01,-21.0,51.2,0
2026-02-02T12:00:00Z,S-PAR-01,F-PAR-01,-20.8,43.6,0
2026-02-02T18:00:00Z,S-PAR-01,F-PAR-01,-20.7,42.2,0
2026-02-03T00:00:00Z,S-PAR-01,F-PAR-01,-19.5,41.5,0
2026-02-03T06:00:00Z,S-PAR-01,F-PAR-01,-20.5,39.7,0
2026-02-03T12:00:00Z,S-PAR-01,F-PAR-01,-19.4,47.2,0
2026-02-03T18:00:00Z,S-PAR-01,F-PAR-01,-19.5,41.8,1
2026-02-04T00:00:00Z,S-PAR-01,F-PAR-01,-20.9,48.1,0
2026-02-04T06:00:00Z,S-PAR-01,F-PAR-01,-19.5,43.8,0
2026-02-04T12:00:00Z,S-PAR-01,F-PAR-01,-21.0,49.6,0
2026-02-04T18:00:00Z,S-PAR-01,F-PAR-01,-20.7,48.3,0
2026-02-05T00:00:00Z,S-PAR-01,F-PAR-01,-20.6,46.5,0
2026-02-05T06:00:00Z,S-PAR-01,F-PAR-01,-20.4,42.5,0
2026-02-05T12:00:00Z,S-PAR-01,F-PAR-01,-20.0,38.3,0
2026-02-05T18:00:00Z,S-PAR-01,F-PAR-01,-20.6,41.7,0
2026-02-06T00:00:00Z,S-PAR-01,F-PAR-01,-20.1,42.1,0
2026-02-06T06:00:00Z,S-PAR-01,F-PAR-01,-20.8,51.5,0
2026-02-06T12:00:00Z,S-PAR-01,F-PAR-01,-19.9,44.8,0
2026-02-06T18:00:00Z,S-PAR-01,F-PAR-01,-19.9,41.4,1
2026-02-07T00:00:00Z,S-PAR-01,F-PAR-01,-20.0,43.5,0
2026-02-07T06:00:00Z,S-PAR-01,F-PAR-01,-20.3,45.7,0
2026-02-07T12:00:00Z,S-PAR-01,F-PAR-01,-20.8,41.1,0
2026-02-07T18:00:00Z,S-PAR-01,F-PAR-01,-20.2,41.2,0
2026-02-08T00:00:00Z,S-PAR-01,F-PAR-01,-19.9,47.0,0
2026-02-08T06:00:00Z,S-PAR-01,F-PAR-01,-20.3,49.3,0
2026-02-08T12:00:00Z,S-PAR-01,F-PAR-01,-19.0,39.3,0
2026-02-08T18:00:00Z,S-PAR-01,F-PAR-01,-19.3,44.9,0
2026-02-09T00:00:00Z,S-PAR-01,F-PAR-01,-20.7,46.6,0
2026-02-09T06:00:00Z,S-PAR-01,F-PAR-01,-20.1,48.1,0
2026-02-09T12:00:00Z,S-PAR-01,F-PAR-01,-19.9,41.3,0
2026-02-09T18:00:00Z,S-PAR-01,F-PAR-01,-20.5,42.4,0
2026-02-10T00:00:00Z,S-PAR-01,F-PAR-01,-20.7,42.5,0
2026-02-10T06:00:00Z,S-PAR-01,F-PAR-01,-19.9,43.7,0
2026-02-10T12:00:00Z,S-PAR-01,F-PAR-01,-21.0,47.7,0
2026-02-10T18:00:00Z,S-PAR-01,F-PAR-01,-19.4,45.6,0
2026-02-11T00:00:00Z,S-PAR-01,F-PAR-01,-19.7,42.5,0
2026-02-11T06:00:00Z,S-PAR-01,F-PAR-01,-19.6,45.2,0
2026-02-11T12:00:00Z,S-PAR-01,F-PAR-01,-19.3,51.9,1
2026-02-11T18:00:00Z,S-PAR-01,F-PAR-01,-20.8,47.8,0
2026-02-12T00:00:00Z,S-PAR-01,F-PAR-01,-19.5,40.3,0
2026-02-12T06:00:00Z,S-PAR-01,F-PAR-01,-19.5,40.3,0
2026-02-12T12:00:00Z,S-PAR-01,F-PAR-01,-20.1,51.6,1
2026-02-12T18:00:00Z,S-PAR-01,F-PAR-01,-20.2,40.4,0
2026-02-13T00:00:00Z,S-PAR-01,F-PAR-01,-20.0,48.5,0
2026-02-13T06:00:00Z,S-PAR-01,F-PAR-01,-19.9,43.6,0
2026-02-13T12:00:00Z,S-PAR-01,F-PAR-01,-20.4,44.1,0
2026-02-13T18:00:00Z,S-PAR-01,F-PAR-01,-19.2,47.5,0
2026-02-14T00:00:00Z,S-PAR-01,F-PAR-01,-19.8,43.2,0
2026-02-14T06:00:00Z,S-PAR-01,F-PAR-01,-19.7,40.0,0
2026-02-14T12:00:00Z,S-PAR-01,F-PAR-01,-20.0,40.9,0
2026-02-14T18:00:00Z,S-PAR-01,F-PAR-01,-19.6,45.3,0
2026-02-15T00:00:00Z,S-PAR-01,F-PAR-01,-20.1,51.1,0
2026-02-15T06:00:00Z,S-PAR-01,F-PAR-01,-19.1,48.1,0
2026-02-15T12:00:00Z,S-PAR-01,F-PAR-01,-19.3,39.9,0
2026-02-15T18:00:00Z,S-PAR-01,F-PAR-01,-19.3,38.1,0
2026-02-16T00:00:00Z,S-PAR-01,F-PAR-01,-20.7,38.9,0
2026-02-16T06:00:00Z,S-PAR-01,F-PAR-01,-19.0,42.4,0
2026-02-16T12:00:00Z,S-PAR-01,F-PAR-01,-20.6,47.7,0
2026-02-16T18:00:00Z,S-PAR-01,F-PAR-01,-20.3,38.9,0
2026-02-17T00:00:00Z,S-PAR-01,F-PAR-01,-20.7,42.9,0
2026-02-17T06:00:00Z,S-PAR-01,F-PAR-01,-19.9,41.2,0
2026-02-17T12:00:00Z,S-PAR-01,F-PAR-01,-19.7,51.0,0
2026-02-17T18:00:00Z,S-PAR-01,F-PAR-01,-19.4,50.2,0
2026-02-18T00:00:00Z,S-PAR-01,F-PAR-01,-20.4,46.7,0
2026-02-18T06:00:00Z,S-PAR-01,F-PAR-01,-20.2,41.6,0
2026-02-18T12:00:00Z,S-PAR-01,F-PAR-01,-19.9,47.2,1
2026-02-18T18:00:00Z,S-PAR-01,F-PAR-01,-20.7,48.2,0
2026-02-19T00:00:00Z,S-PAR-01,F-PAR-01,-20.5,39.4,0
2026-02-19T06:00:00Z,S-PAR-01,F-PAR-01,-19.4,46.2,0
2026-02-19T12:00:00Z,S-PAR-01,F-PAR-01,-19.5,42.6,0
2026-02-19T18:00:00Z,S-PAR-01,F-PAR-01,-19.8,41.9,0
2026-02-20T00:00:00Z,S-PAR-01,F-PAR-01,-19.3,47.4,0
2026-02-20T06:00:00Z,S-PAR-01,F-PAR-01,-20.1,40.4,0
2026-02-20T12:00:00Z,S-PAR-01,F-PAR-01,-19.4,51.8,1
2026-02-20T18:00:00Z,S-PAR-01,F-PAR-01,-19.4,40.1,0
2026-02-21T00:00:00Z,S-PAR-01,F-PAR-01,-19.3,42.5,0
2026-02-21T06:00:00Z,S-PAR-01,F-PAR-01,-19.2,38.7,0
2026-02-21T12:00:00Z,S-PAR-01,F-PAR-01,-20.0,44.2,0
2026-02-21T18:00:00Z,S-PAR-01,F-PAR-01,-20.3,45.0,1
2026-02-22T00:00:00Z,S-PAR-01,F-PAR-01,-19.9,43.3,0
2026-02-22T06:00:00Z,S-PAR-01,F-PAR-01,-20.2,44.6,0
2026-02-22T12:00:00Z,S-PAR-01,F-PAR-01,-20.4,45.3,0
2026-02-22T18:00:00Z,S-PAR-01,F-PAR-01,-19.2,49.8,0
2026-02-23T00:00:00Z,S-PAR-01,F-PAR-01,-19.1,49.7,0
2026-02-23T06:00:00Z,S-PAR-01,F-PAR-01,-19.6,49.8,0
2026-02-23T12:00:00Z,S-PAR-01,F-PAR-01,-19.9,44.9,0
2026-02-23T18:00:00Z,S-PAR-01,F-PAR-01,-19.6,45.8,0
2026-02-24T00:00:00Z,S-PAR-01,F-PAR-01,-20.3,38.4,0
2026-02-24T06:00:00Z,S-PAR-01,F-PAR-01,-20.3,44.5,0
2026-02-24T12:00:00Z,S-PAR-01,F-PAR-01,-19.7,48.2,0
2026-02-24T18:00:00Z,S-PAR-01,F-PAR-01,-19.9,52.0,0
2026-02-25T00:00:00Z,S-PAR-01,F-PAR-01,-20.2,40.5,0
2026-02-25T06:00:00Z,S-PAR-01,F-PAR-01,-19.5,38.1,0
2026-02-25T12:00:00Z,S-PAR-01,F-PAR-01,-20.1,45.4,1
2026-02-25T18:00:00Z,S-PAR-01,F-PAR-01,-20.4,39.3,0
2026-02-26T00:00:00Z,S-PAR-01,F-PAR-01,-20.5,50.9,0
2026-02-26T06:00:00Z,S-PAR-01,F-PAR-01,-19.8,38.5,0
2026-02-26T12:00:00Z,S-PAR-01,F-PAR-01,-20.5,44.7,1
2026-02-26T18:00:00Z,S-PAR-01,F-PAR-01,-19.6,41.5,0
2026-02-27T00:00:00Z,S-PAR-01,F-PAR-01,-19.1,49.5,0
2026-02-27T06:00:00Z,S-PAR-01,F-PAR-01,-19.3,51.0,0
2026-02-27T12:00:00Z,S-PAR-01,F-PAR-01,-19.0,46.9,0
2026-02-27T18:00:00Z,S-PAR-01,F-PAR-01,-20.1,50.2,0
2026-02-28T00:00:00Z,S-PAR-01,F-PAR-01,-19.4,38.5,0
2026-02-28T06:00:00Z,S-PAR-01,F-PAR-01,-20.9,50.5,0
2026-02-28T12:00:00Z,S-PAR-01,F-PAR-01,-20.7,48.3,0
2026-02-28T18:00:00Z,S-PAR-01,F-PAR-01,-20.7,43.9,0
2026-03-01T00:00:00Z,S-PAR-01,F-PAR-01,-20.9,46.9,0
2026-03-01T06:00:00Z,S-PAR-01,F-PAR-01,-20.9,39.4,0
2026-03-01T12:00:00Z,S-PAR-01,F-PAR-01,-19.9,51.8,0
2026-03-01T18:00:00Z,S-PAR-01,F-PAR-01,-19.8,38.2,0
2026-03-02T00:00:00Z,S-PAR-01,F-PAR-01,-19.3,42.4,0
2026-03-02T06:00:00Z,S-PAR-01,F-PAR-01,-19.6,50.7,0
2026-03-02T12:00:00Z,S-PAR-01,F-PAR-01,-19.8,51.2,0
2026-03-02T18:00:00Z,S-PAR-01,F-PAR-01,-19.1,43.6,0
2026-03-03T00:00:00Z,S-PAR-01,F-PAR-01,-19.7,38.9,0
2026-03-03T06:00:00Z,S-PAR-01,F-PAR-01,-19.3,45.0,0
2026-03-03T12:00:00Z,S-PAR-01,F-PAR-01,-19.5,39.2,0
2026-03-03T18:00:00Z,S-PAR-01,F-PAR-01,-20.4,40.8,0
2026-03-04T00:00:00Z,S-PAR-01,F-PAR-01,-20.7,48.5,0
2026-03-04T06:00:00Z,S-PAR-01,F-PAR-01,-19.3,38.0,0
2026-03-04T12:00:00Z,S-PAR-01,F-PAR-01,-20.5,42.9,0
2026-03-04T18:00:00Z,S-PAR-01,F-PAR-01,-19.9,47.7,0
2026-03-05T00:00:00Z,S-PAR-01,F-PAR-01,-20.1,39.6,0
2026-03-05T06:00:00Z,S-PAR-01,F-PAR-01,-20.8,48.2,0
2026-03-05T12:00:00Z,S-PAR-01,F-PAR-01,-20.6,46.3,0
2026-03-05T18:00:00Z,S-PAR-01,F-PAR-01,-19.5,49.0,0
2026-03-06T00:00:00Z,S-PAR-01,F-PAR-01,-20.3,39.1,0
2026-03-06T06:00:00Z,S-PAR-01,F-PAR-01,-19.6,41.5,0
2026-03-06T12:00:00Z,S-PAR-01,F-PAR-01,-19.3,47.0,0
2026-03-06T18:00:00Z,S-PAR-01,F-PAR-01,-20.6,48.6,0
2026-03-07T00:00:00Z,S-PAR-01,F-PAR-01,-20.9,47.9,0
2026-03-07T06:00:00Z,S-PAR-01,F-PAR-01,-20.6,40.0,0
2026-03-07T12:00:00Z,S-PAR-01,F-PAR-01,-20.4,41.2,0
2026-03-07T18:00:00Z,S-PAR-01,F-PAR-01,-19.2,40.5,0
2026-03-08T00:00:00Z,S-PAR-01,F-PAR-01,-19.6,41.7,0
2026-03-08T06:00:00Z,S-PAR-01,F-PAR-01,-20.0,46.1,0
2026-03-08T12:00:00Z,S-PAR-01,F-PAR-01,-20.3,47.0,0
2026-03-08T18:00:00Z,S-PAR-01,F-PAR-01,-19.7,49.6,1
2026-03-09T00:00:00Z,S-PAR-01,F-PAR-01,-19.3,43.4,0
2026-03-09T06:00:00Z,S-PAR-01,F-PAR-01,-19.9,40.9,0
2026-03-09T12:00:00Z,S-PAR-01,F-PAR-01,-19.6,42.9,0
2026-03-09T18:00:00Z,S-PAR-01,F-PAR-01,-19.4,40.9,0
2026-03-10T00:00:00Z,S-PAR-01,F-PAR-01,-20.0,49.6,0
2026-03-10T06:00:00Z,S-PAR-01,F-PAR-01,-19.4,39.3,0
2026-03-10T12:00:00Z,S-PAR-01,F-PAR-01,-19.5,41.6,0
2026-03-10T18:00:00Z,S-PAR-01,F-PAR-01,-20.9,39.6,0
2026-03-11T00:00:00Z,S-PAR-01,F-PAR-01,-20.6,40.0,0
2026-03-11T06:00:00Z,S-PAR-01,F-PAR-01,-19.8,43.2,0
2026-03-11T12:00:00Z,S-PAR-01,F-PAR-01,-20.2,46.2,1
2026-03-11T18:00:00Z,S-PAR-01,F-PAR-01,-19.6,46.8,0
2026-03-12T00:00:00Z,S-PAR-01,F-PAR-01,-21.0,43.9,0
2026-03-12T06:00:00Z,S-PAR-01,F-PAR-01,-20.3,47.1,0
2026-03-12T12:00:00Z,S-PAR-01,F-PAR-01,-20.8,50.8,0
2026-03-12T18:00:00Z,S-PAR-01,F-PAR-01,-20.1,40.6,1
2026-03-13T00:00:00Z,S-PAR-01,F-PAR-01,-19.4,44.4,0
2026-03-13T06:00:00Z,S-PAR-01,F-PAR-01,-19.8,44.1,0
2026-03-13T12:00:00Z,S-PAR-01,F-PAR-01,-20.2,49.7,0
2026-03-13T18:00:00Z,S-PAR-01,F-PAR-01,-20.3,42.7,0
2026-03-14T00:00:00Z,S-PAR-01,F-PAR-01,-20.4,51.6,0
2026-03-14T06:00:00Z,S-PAR-01,F-PAR-01,-19.2,48.7,0
2026-03-14T12:00:00Z,S-PAR-01,F-PAR-01,-19.2,45.1,0
2026-03-14T18:00:00Z,S-PAR-01,F-PAR-01,-19.5,51.4,0
2026-03-15T00:00:00Z,S-PAR-01,F-PAR-01,-20.9,45.2,0
2026-03-15T06:00:00Z,S-PAR-01,F-PAR-01,-19.2,50.4,0
2026-03-15T12:00:00Z,S-PAR-01,F-PAR-01,-19.1,51.2,0
2026-03-15T18:00:00Z,S-PAR-01,F-PAR-01,-19.1,48.5,0
2026-03-16T00:00:00Z,S-PAR-01,F-PAR-01,-20.3,51.4,0
2026-03-16T06:00:00Z,S-PAR-01,F-PAR-01,-19.1,42.3,0
2026-03-16T12:00:00Z,S-PAR-01,F-PAR-01,-19.5,49.2,0
2026-03-16T18:00:00Z,S-PAR-01,F-PAR-01,-20.7,38.0,0
2026-03-17T00:00:00Z,S-PAR-01,F-PAR-01,-19.2,42.2,0
2026-03-17T06:00:00Z,S-PAR-01,F-PAR-01,-20.8,41.3,0
2026-03-17T12:00:00Z,S-PAR-01,F-PAR-01,-20.6,39.3,0
2026-03-17T18:00:00Z,S-PAR-01,F-PAR-01,-19.6,49.8,0
2026-03-18T00:00:00Z,S-PAR-01,F-PAR-01,-20.0,42.8,0
2026-03-18T06:00:00Z,S-PAR-01,F-PAR-01,-20.1,47.6,0
2026-03-18T12:00:00Z,S-PAR-01,F-PAR-01,-19.6,50.8,0
2026-03-18T18:00:00Z,S-PAR-01,F-PAR-01,-19.3,47.9,0
2026-03-19T00:00:00Z,S-PAR-01,F-PAR-01,-20.8,39.8,0
2026-03-19T06:00:00Z,S-PAR-01,F-PAR-01,-19.5,39.9,0
2026-03-19T12:00:00Z,S-PAR-01,F-PAR-01,-19.5,50.6,0
2026-03-19T18:00:00Z,S-PAR-01,F-PAR-01,-19.5,43.9,0
2026-03-20T00:00:00Z,S-PAR-01,F-PAR-01,-20.9,44.8,0
2026-03-20T06:00:00Z,S-PAR-01,F-PAR-01,-19.5,46.2,0
2026-03-20T12:00:00Z,S-PAR-01,F-PAR-01,-20.6,46.5,0
2026-03-20T18:00:00Z,S-PAR-01,F-PAR-01,-20.3,42.8,0
2026-03-21T00:00:00Z,S-PAR-01,F-PAR-01,-19.8,48.5,0
2026-03-21T06:00:00Z,S-PAR-01,F-PAR-01,-19.2,47.0,0
2026-03-21T12:00:00Z,S-PAR-01,F-PAR-01,-20.7,40.6,0
2026-03-21T18:00:00Z,S-PAR-01,F-PAR-01,-20.1,42.8,0
2026-03-22T00:00:00Z,S-PAR-01,F-PAR-01,-20.1,42.0,0
2026-03-22T06:00:00Z,S-PAR-01,F-PAR-01,-20.2,49.5,0
2026-03-22T12:00:00Z,S-PAR-01,F-PAR-01,-20.9,51.4,0
2026-03-22T18:00:00Z,S-PAR-01,F-PAR-01,-20.7,47.6,0
2026-03-23T00:00:00Z,S-PAR-01,F-PAR-01,-20.1,39.2,0
2026-03-23T06:00:00Z,S-PAR-01,F-PAR-01,-19.6,39.4,0
2026-03-23T12:00:00Z,S-PAR-01,F-PAR-01,-19.3,49.2,1
2026-03-23T18:00:00Z,S-PAR-01,F-PAR-01,-20.4,46.0,0
2026-03-24T00:00:00Z,S-PAR-01,F-PAR-01,-20.1,44.8,0
2026-03-24T06:00:00Z,S-PAR-01,F-PAR-01,-19.1,43.6,0
2026-03-24T12:00:00Z,S-PAR-01,F-PAR-01,-19.5,42.2,0
2026-03-24T18:00:00Z,S-PAR-01,F-PAR-01,-19.7,46.5,0
2026-03-25T00:00:00Z,S-PAR-01,F-PAR-01,-20.1,43.2,0
2026-03-25T06:00:00Z,S-PAR-01,F-PAR-01,-20.1,42.7,0
2026-03-25T12:00:00Z,S-PAR-01,F-PAR-01,-19.9,43.1,0
2026-03-25T18:00:00Z,S-PAR-01,F-PAR-01,-19.0,45.4,0
2026-03-26T00:00:00Z,S-PAR-01,F-PAR-01,-19.7,40.1,0
2026-03-26T06:00:00Z,S-PAR-01,F-PAR-01,-20.3,51.1,0
2026-03-26T12:00:00Z,S-PAR-01,F-PAR-01,-19.8,40.8,0
2026-03-26T18:00:00Z,S-PAR-01,F-PAR-01,-19.5,44.4,1
2026-03-27T00:00:00Z,S-PAR-01,F-PAR-01,-20.4,39.7,0
2026-03-27T06:00:00Z,S-PAR-01,F-PAR-01,-20.0,43.1,0
2026-03-27T12:00:00Z,S-PAR-01,F-PAR-01,-19.2,47.6,0
2026-03-27T18:00:00Z,S-PAR-01,F-PAR-01,-20.3,42.1,0
2026-03-28T00:00:00Z,S-PAR-01,F-PAR-01,-19.9,40.5,0
2026-03-28T06:00:00Z,S-PAR-01,F-PAR-01,-20.3,38.2,0
2026-03-28T12:00:00Z,S-PAR-01,F-PAR-01,-20.4,46.9,0
2026-03-28T18:00:00Z,S-PAR-01,F-PAR-01,-20.3,38.5,0
2026-03-29T00:00:00Z,S-PAR-01,F-PAR-01,-20.5,39.2,0
2026-03-29T06:00:00Z,S-PAR-01,F-PAR-01,-20.8,48.2,0
2026-03-29T12:00:00Z,S-PAR-01,F-PAR-01,-19.7,44.0,0
2026-03-29T18:00:00Z,S-PAR-01,F-PAR-01,-19.1,47.6,0
2026-03-30T00:00:00Z,S-PAR-01,F-PAR-01,-19.3,49.7,0
2026-03-30T06:00:00Z,S-PAR-01,F-PAR-01,-19.5,45.3,0
2026-03-30T12:00:00Z,S-PAR-01,F-PAR-01,-20.1,39.1,0
2026-03-30T18:00:00Z,S-PAR-01,F-PAR-01,-20.7,51.7,0
2026-03-31T00:00:00Z,S-PAR-01,F-PAR-01,-19.2,43.3,0
2026-03-31T06:00:00Z,S-PAR-01,F-PAR-01,-19.0,39.1,0
2026-03-31T12:00:00Z,S-PAR-01,F-PAR-01,-19.1,48.5,0
2026-03-31T18:00:00Z,S-PAR-01,F-PAR-01,-21.0,51.3,0
2026-04-01T00:00:00Z,S-PAR-01,F-PAR-01,-19.7,50.4,0
2026-04-01T06:00:00Z,S-PAR-01,F-PAR-01,-19.3,44.1,0
2026-04-01T12:00:00Z,S-PAR-01,F-PAR-01,-20.8,40.7,0
2026-04-01T18:00:00Z,S-PAR-01,F-PAR-01,-20.4,45.2,0
2026-04-02T00:00:00Z,S-PAR-01,F-PAR-01,-20.5,49.2,0
2026-04-02T06:00:00Z,S-PAR-01,F-PAR-01,-20.3,44.6,0
2026-04-02T12:00:00Z,S-PAR-01,F-PAR-01,-19.5,44.1,0
2026-04-02T18:00:00Z,S-PAR-01,F-PAR-01,-19.4,41.9,0
2026-04-03T00:00:00Z,S-PAR-01,F-PAR-01,-19.8,50.7,0
2026-04-03T06:00:00Z,S-PAR-01,F-PAR-01,-19.6,41.8,0
2026-04-03T12:00:00Z,S-PAR-01,F-PAR-01,-20.2,38.3,0
2026-04-03T18:00:00Z,S-PAR-01,F-PAR-01,-20.7,41.7,0
2026-04-04T00:00:00Z,S-PAR-01,F-PAR-01,-19.0,42.5,0
2026-04-04T06:00:00Z,S-PAR-01,F-PAR-01,-20.6,38.3,0
2026-04-04T12:00:00Z,S-PAR-01,F-PAR-01,-20.4,38.9,0
2026-04-04T18:00:00Z,S-PAR-01,F-PAR-01,-19.6,49.6,0
2026-04-05T00:00:00Z,S-PAR-01,F-PAR-01,-19.7,42.6,0
2026-04-05T06:00:00Z,S-PAR-01,F-PAR-01,-20.2,51.0,0
2026-04-05T12:00:00Z,S-PAR-01,F-PAR-01,-21.0,42.8,0
2026-04-05T18:00:00Z,S-PAR-01,F-PAR-01,-20.1,44.5,0
2026-04-06T00:00:00Z,S-PAR-01,F-PAR-01,-20.6,47.8,0
2026-04-06T06:00:00Z,S-PAR-01,F-PAR-01,-19.7,41.6,0
2026-04-06T12:00:00Z,S-PAR-01,F-PAR-01,-20.9,49.9,0
2026-04-06T18:00:00Z,S-PAR-01,F-PAR-01,-19.7,45.9,0
2026-04-07T00:00:00Z,S-PAR-01,F-PAR-01,-20.6,51.8,0
2026-04-07T06:00:00Z,S-PAR-01,F-PAR-01,-20.3,42.1,0
2026-04-07T12:00:00Z,S-PAR-01,F-PAR-01,-20.4,47.4,1
2026-04-07T18:00:00Z,S-PAR-01,F-PAR-01,-19.8,40.3,0
2026-04-08T00:00:00Z,S-PAR-01,F-PAR-01,-20.1,51.9,0
2026-04-08T06:00:00Z,S-PAR-01,F-PAR-01,-21.0,51.6,0
2026-04-08T12:00:00Z,S-PAR-01,F-PAR-01,-19.9,44.9,0
2026-04-08T18:00:00Z,S-PAR-01,F-PAR-01,-19.2,39.8,0
2026-04-09T00:00:00Z,S-PAR-01,F-PAR-01,-19.3,39.4,0
2026-04-09T06:00:00Z,S-PAR-01,F-PAR-01,-20.6,51.9,0
2026-04-09T12:00:00Z,S-PAR-01,F-PAR-01,-19.9,40.5,0
2026-04-09T18:00:00Z,S-PAR-01,F-PAR-01,-19.4,48.3,0
2026-04-10T00:00:00Z,S-PAR-01,F-PAR-01,-20.2,48.5,0
2026-04-10T06:00:00Z,S-PAR-01,F-PAR-01,-20.2,46.4,0
2026-04-10T12:00:00Z,S-PAR-01,F-PAR-01,-20.4,43.1,1
2026-04-10T18:00:00Z,S-PAR-01,F-PAR-01,-19.2,51.4,0
2026-04-11T00:00:00Z,S-PAR-01,F-PAR-01,-20.4,45.5,0
2026-04-11T06:00:00Z,S-PAR-01,F-PAR-01,-20.2,50.0,0
2026-04-11T12:00:00Z,S-PAR-01,F-PAR-01,-20.0,44.5,0
2026-04-11T18:00:00Z,S-PAR-01,F-PAR-01,-20.1,50.9,0
2026-04-12T00:00:00Z,S-PAR-01,F-PAR-01,-20.4,45.5,0
2026-04-12T06:00:00Z,S-PAR-01,F-PAR-01,-20.3,44.5,0
2026-04-12T12:00:00Z,S-PAR-01,F-PAR-01,-20.7,50.7,0
2026-04-12T18:00:00Z,S-PAR-01,F-PAR-01,-19.7,51.6,0
2026-04-13T00:00:00Z,S-PAR-01,F-PAR-01,-19.7,46.7,0
2026-04-13T06:00:00Z,S-PAR-01,F-PAR-01,-20.7,46.7,0
2026-04-13T12:00:00Z,S-PAR-01,F-PAR-01,-19.0,46.4,0
2026-04-13T18:00:00Z,S-PAR-01,F-PAR-01,-19.1,42.6,0
2026-04-14T00:00:00Z,S-PAR-01,F-PAR-01,-19.9,44.6,0
2026-04-14T06:00:00Z,S-PAR-01,F-PAR-01,-20.8,43.2,0
2026-04-14T12:00:00Z,S-PAR-01,F-PAR-01,-19.5,50.4,0
2026-04-14T18:00:00Z,S-PAR-01,F-PAR-01,-19.9,50.1,0
2026-04-15T00:00:00Z,S-PAR-01,F-PAR-01,-20.7,43.2,0
2026-04-15T06:00:00Z,S-PAR-01,F-PAR-01,-19.3,40.5,0
2026-04-15T12:00:00Z,S-PAR-01,F-PAR-01,-19.1,50.9,0
2026-04-15T18:00:00Z,S-PAR-01,F-PAR-01,-20.4,50.5,0
2026-04-16T00:00:00Z,S-PAR-01,F-PAR-01,-20.1,41.4,0
2026-04-16T06:00:00Z,S-PAR-01,F-PAR-01,-19.8,51.9,0
2026-04-16T12:00:00Z,S-PAR-01,F-PAR-01,-19.4,51.6,0
2026-04-16T18:00:00Z,S-PAR-01,F-PAR-01,-20.8,46.5,0
2026-04-17T00:00:00Z,S-PAR-01,F-PAR-01,-19.2,40.2,0
2026-04-17T06:00:00Z,S-PAR-01,F-PAR-01,-20.1,51.5,0
2026-04-17T12:00:00Z,S-PAR-01,F-PAR-01,-21.0,38.5,0
2026-04-17T18:00:00Z,S-PAR-01,F-PAR-01,-19.3,51.9,0
2026-04-18T00:00:00Z,S-PAR-01,F-PAR-01,-20.9,43.8,0
2026-04-18T06:00:00Z,S-PAR-01,F-PAR-01,-20.5,48.0,0
2026-04-18T12:00:00Z,S-PAR-01,F-PAR-01,-20.8,48.9,0
2026-04-18T18:00:00Z,S-PAR-01,F-PAR-01,-19.9,38.3,0
2026-04-19T00:00:00Z,S-PAR-01,F-PAR-01,-19.5,42.1,0
2026-04-19T06:00:00Z,S-PAR-01,F-PAR-01,-20.2,49.5,0
2026-04-19T12:00:00Z,S-PAR-01,F-PAR-01,-19.5,43.1,0
2026-04-19T18:00:00Z,S-PAR-01,F-PAR-01,-20.0,47.1,0
2026-04-20T00:00:00Z,S-PAR-01,F-PAR-01,-20.8,40.0,0
2026-04-20T06:00:00Z,S-PAR-01,F-PAR-01,-20.5,49.6,0
2026-04-20T12:00:00Z,S-PAR-01,F-PAR-01,-19.5,39.6,0
2026-04-20T18:00:00Z,S-PAR-01,F-PAR-01,-20.2,42.8,0
2026-04-21T00:00:00Z,S-PAR-01,F-PAR-01,-19.4,40.9,0
2026-04-21T06:00:00Z,S-PAR-01,F-PAR-01,-20.8,47.0,0
2026-04-21T12:00:00Z,S-PAR-01,F-PAR-01,-20.9,50.6,0
2026-04-21T18:00:00Z,S-PAR-01,F-PAR-01,-20.5,41.6,0
2026-04-22T00:00:00Z,S-PAR-01,F-PAR-01,-20.1,49.0,0
2026-04-22T06:00:00Z,S-PAR-01,F-PAR-01,-19.6,46.0,0
2026-04-22T12:00:00Z,S-PAR-01,F-PAR-01,-19.8,48.7,0
2026-04-22T18:00:00Z,S-PAR-01,F-PAR-01,-20.4,41.1,0
2026-04-23T00:00:00Z,S-PAR-01,F-PAR-01,-20.3,42.1,0
2026-04-23T06:00:00Z,S-PAR-01,F-PAR-01,-19.1,40.2,0
2026-04-23T12:00:00Z,S-PAR-01,F-PAR-01,-19.7,44.7,0
2026-04-23T18:00:00Z,S-PAR-01,F-PAR-01,-20.4,48.4,0
2026-04-24T00:00:00Z,S-PAR-01,F-PAR-01,-20.7,42.1,0
2026-04-24T06:00:00Z,S-PAR-01,F-PAR-01,-20.2,46.9,0
2026-04-24T12:00:00Z,S-PAR-01,F-PAR-01,-20.9,41.0,0
2026-04-24T18:00:00Z,S-PAR-01,F-PAR-01,-19.8,41.6,0
2026-04-25T00:00:00Z,S-PAR-01,F-PAR-01,-19.5,51.9,0
2026-04-25T06:00:00Z,S-PAR-01,F-PAR-01,-20.2,46.7,0
2026-04-25T12:00:00Z,S-PAR-01,F-PAR-01,-20.7,42.8,0
2026-04-25T18:00:00Z,S-PAR-01,F-PAR-01,-19.3,42.4,0
2026-04-26T00:00:00Z,S-PAR-01,F-PAR-01,-19.3,44.8,0
2026-04-26T06:00:00Z,S-PAR-01,F-PAR-01,-20.7,45.4,0
2026-04-26T12:00:00Z,S-PAR-01,F-PAR-01,-20.6,50.6,1
2026-04-26T18:00:00Z,S-PAR-01,F-PAR-01,-19.1,42.8,0
2026-04-27T00:00:00Z,S-PAR-01,F-PAR-01,-20.6,41.9,0
2026-04-27T06:00:00Z,S-PAR-01,F-PAR-01,-19.4,49.0,0
2026-04-27T12:00:00Z,S-PAR-01,F-PAR-01,-19.7,43.0,0
2026-04-27T18:00:00Z,S-PAR-01,F-PAR-01,-19.2,50.7,0
2026-04-28T00:00:00Z,S-PAR-01,F-PAR-01,-19.3,49.0,0
2026-04-28T06:00:00Z,S-PAR-01,F-PAR-01,-20.0,41.2,0
2026-04-28T12:00:00Z,S-PAR-01,F-PAR-01,-20.6,47.3,0
2026-04-28T18:00:00Z,S-PAR-01,F-PAR-01,-20.8,42.6,1
2026-04-29T00:00:00Z,S-PAR-01,F-PAR-01,-19.9,45.5,0
2026-04-29T06:00:00Z,S-PAR-01,F-PAR-01,-19.5,50.2,0
2026-04-29T12:00:00Z,S-PAR-01,F-PAR-01,-19.1,38.8,0
2026-04-29T18:00:00Z,S-PAR-01,F-PAR-01,-20.5,41.6,0
2026-04-30T00:00:00Z,S-PAR-01,F-PAR-01,-19.6,47.1,0
2026-04-30T06:00:00Z,S-PAR-01,F-PAR-01,-20.5,47.7,0
2026-04-30T12:00:00Z,S-PAR-01,F-PAR-01,-20.1,38.6,0
2026-04-30T18:00:00Z,S-PAR-01,F-PAR-01,-19.9,39.3,0
2026-05-01T00:00:00Z,S-PAR-01,F-PAR-01,-19.3,38.9,0
2026-05-01T06:00:00Z,S-PAR-01,F-PAR-01,-19.2,45.3,0
2026-05-01T12:00:00Z,S-PAR-01,F-PAR-01,-20.9,41.2,0
2026-05-01T18:00:00Z,S-PAR-01,F-PAR-01,-19.8,44.5,0
2026-05-02T00:00:00Z,S-PAR-01,F-PAR-01,-19.4,42.5,0
2026-05-02T06:00:00Z,S-PAR-01,F-PAR-01,-19.7,40.7,0
2026-05-02T12:00:00Z,S-PAR-01,F-PAR-01,-20.8,39.2,0
2026-05-02T18:00:00Z,S-PAR-01,F-PAR-01,-19.9,41.0,0
2026-05-03T00:00:00Z,S-PAR-01,F-PAR-01,-19.9,46.1,0
2026-05-03T06:00:00Z,S-PAR-01,F-PAR-01,-19.3,39.6,0
2026-05-03T12:00:00Z,S-PAR-01,F-PAR-01,-19.2,48.9,0
2026-05-03T18:00:00Z,S-PAR-01,F-PAR-01,-19.4,46.6,0
2026-05-04T00:00:00Z,S-PAR-01,F-PAR-01,-21.0,48.6,0
2026-05-04T06:00:00Z,S-PAR-01,F-PAR-01,-19.8,44.9,0
2026-05-04T12:00:00Z,S-PAR-01,F-PAR-01,-20.6,45.1,0
2026-05-04T18:00:00Z,S-PAR-01,F-PAR-01,-19.1,42.2,0
2026-05-05T00:00:00Z,S-PAR-01,F-PAR-01,-20.5,41.9,0
2026-05-05T06:00:00Z,S-PAR-01,F-PAR-01,-19.9,42.3,0
2026-05-05T12:00:00Z,S-PAR-01,F-PAR-01,-20.1,51.7,0
2026-05-05T18:00:00Z,S-PAR-01,F-PAR-01,-20.0,42.5,0
2026-05-06T00:00:00Z,S-PAR-01,F-PAR-01,-20.1,40.3,0
2026-05-06T06:00:00Z,S-PAR-01,F-PAR-01,-20.9,44.0,0
2026-05-06T12:00:00Z,S-PAR-01,F-PAR-01,-20.4,51.0,0
2026-05-06T18:00:00Z,S-PAR-01,F-PAR-01,-19.7,45.5,0
2026-05-07T00:00:00Z,S-PAR-01,F-PAR-01,-19.4,48.7,0
2026-05-07T06:00:00Z,S-PAR-01,F-PAR-01,-20.6,45.0,0
2026-05-07T12:00:00Z,S-PAR-01,F-PAR-01,-20.4,45.4,1
2026-05-07T18:00:00Z,S-PAR-01,F-PAR-01,-20.4,46.5,0
2026-05-08T00:00:00Z,S-PAR-01,F-PAR-01,-20.7,40.2,0
2026-05-08T06:00:00Z,S-PAR-01,F-PAR-01,-19.5,49.0,0
2026-05-08T12:00:00Z,S-PAR-01,F-PAR-01,-19.3,46.5,0
2026-05-08T18:00:00Z,S-PAR-01,F-PAR-01,-19.1,51.7,0
2026-05-09T00:00:00Z,S-PAR-01,F-PAR-01,-19.4,48.9,0
2026-05-09T06:00:00Z,S-PAR-01,F-PAR-01,-20.5,51.1,0
2026-05-09T12:00:00Z,S-PAR-01,F-PAR-01,-20.1,50.0,0
2026-05-09T18:00:00Z,S-PAR-01,F-PAR-01,-20.7,42.7,0
2026-05-10T00:00:00Z,S-PAR-01,F-PAR-01,-19.5,44.3,0
2026-05-10T06:00:00Z,S-PAR-01,F-PAR-01,-20.1,43.5,0
2026-05-10T12:00:00Z,S-PAR-01,F-PAR-01,-20.2,48.7,0
2026-05-10T18:00:00Z,S-PAR-01,F-PAR-01,-19.1,43.0,0
2026-05-11T00:00:00Z,S-PAR-01,F-PAR-01,-19.1,48.7,0
2026-05-11T06:00:00Z,S-PAR-01,F-PAR-01,-21.0,47.9,0
2026-05-11T12:00:00Z,S-PAR-01,F-PAR-01,-20.6,48.0,0
2026-05-11T18:00:00Z,S-PAR-01,F-PAR-01,-20.3,42.5,0
2026-05-12T00:00:00Z,S-PAR-01,F-PAR-01,-20.3,45.8,0
2026-05-12T06:00:00Z,S-PAR-01,F-PAR-01,-20.6,41.0,0
2026-05-12T12:00:00Z,S-PAR-01,F-PAR-01,-20.0,50.0,1
2026-05-12T18:00:00Z,S-PAR-01,F-PAR-01,-20.5,42.6,0
2026-05-13T00:00:00Z,S-PAR-01,F-PAR-01,-19.6,44.6,0
2026-05-13T06:00:00Z,S-PAR-01,F-PAR-01,-19.1,38.6,0
2026-05-13T12:00:00Z,S-PAR-01,F-PAR-01,-19.7,47.6,0
2026-05-13T18:00:00Z,S-PAR-01,F-PAR-01,-20.0,41.9,0
2026-05-14T00:00:00Z,S-PAR-01,F-PAR-01,-20.2,39.4,0
2026-05-14T06:00:00Z,S-PAR-01,F-PAR-01,-19.7,41.9,0
2026-05-14T12:00:00Z,S-PAR-01,F-PAR-01,-20.3,50.9,1
2026-05-14T18:00:00Z,S-PAR-01,F-PAR-01,-20.7,48.5,0
2026-05-15T00:00:00Z,S-PAR-01,F-PAR-01,-19.4,43.8,0
2026-05-15T06:00:00Z,S-PAR-01,F-PAR-01,-20.7,40.1,0
2026-05-15T12:00:00Z,S-PAR-01,F-PAR-01,-20.4,40.8,1
2026-05-15T18:00:00Z,S-PAR-01,F-PAR-01,-20.5,46.0,0
2026-05-16T00:00:00Z,S-PAR-01,F-PAR-01,-20.5,45.4,0
2026-05-16T06:00:00Z,S-PAR-01,F-PAR-01,-20.4,38.3,0
2026-05-16T12:00:00Z,S-PAR-01,F-PAR-01,-19.5,39.0,0
2026-05-16T18:00:00Z,S-PAR-01,F-PAR-01,-19.6,42.4,0
2026-05-17T00:00:00Z,S-PAR-01,F-PAR-01,-19.2,44.2,0
2026-05-17T06:00:00Z,S-PAR-01,F-PAR-01,-19.2,40.6,0
2026-05-17T12:00:00Z,S-PAR-01,F-PAR-01,-20.1,44.5,0
2026-05-17T18:00:00Z,S-PAR-01,F-PAR-01,-19.6,47.9,0
2026-05-18T00:00:00Z,S-PAR-01,F-PAR-01,-19.5,38.3,0
2026-05-18T06:00:00Z,S-PAR-01,F-PAR-01,-20.8,43.8,0
2026-05-18T12:00:00Z,S-PAR-01,F-PAR-01,-20.2,44.8,1
2026-05-18T18:00:00Z,S-PAR-01,F-PAR-01,-19.9,50.8,0
2026-05-19T00:00:00Z,S-PAR-01,F-PAR-01,-21.0,44.1,0
2026-05-19T06:00:00Z,S-PAR-01,F-PAR-01,-20.9,45.1,0
2026-05-19T12:00:00Z,S-PAR-01,F-PAR-01,-20.0,67.0,1
2026-05-19T18:00:00Z,S-PAR-01,F-PAR-01,-10.5,66.9,1
2026-05-20T00:00:00Z,S-PAR-01,F-PAR-01,-20.0,62.4,1
2026-05-20T06:00:00Z,S-PAR-01,F-PAR-01,-19.9,46.9,0
2026-05-20T12:00:00Z,S-PAR-01,F-PAR-01,-19.5,45.9,0
2026-05-20T18:00:00Z,S-PAR-01,F-PAR-01,-19.4,45.4,0
2026-05-21T00:00:00Z,S-PAR-01,F-PAR-01,-19.3,39.2,0
2026-05-21T06:00:00Z,S-PAR-01,F-PAR-01,-19.2,46.5,0
2026-05-21T12:00:00Z,S-PAR-01,F-PAR-01,-19.0,48.5,0
2026-05-21T18:00:00Z,S-PAR-01,F-PAR-01,-20.1,41.9,0
2026-05-22T00:00:00Z,S-PAR-01,F-PAR-01,-19.2,48.3,0
2026-05-22T06:00:00Z,S-PAR-01,F-PAR-01,-19.7,39.0,0
2026-05-22T12:00:00Z,S-PAR-01,F-PAR-01,-19.7,42.8,0
2026-05-22T18:00:00Z,S-PAR-01,F-PAR-01,-19.6,49.5,0
2026-05-23T00:00:00Z,S-PAR-01,F-PAR-01,-21.0,46.0,0
2026-05-23T06:00:00Z,S-PAR-01,F-PAR-01,-21.0,49.6,0
2026-05-23T12:00:00Z,S-PAR-01,F-PAR-01,-21.0,41.2,0
2026-05-23T18:00:00Z,S-PAR-01,F-PAR-01,-20.5,41.1,0
2026-05-24T00:00:00Z,S-PAR-01,F-PAR-01,-20.3,44.4,0
2026-05-24T06:00:00Z,S-PAR-01,F-PAR-01,-19.7,48.8,0
2026-05-24T12:00:00Z,S-PAR-01,F-PAR-01,-19.9,43.0,0
2026-05-24T18:00:00Z,S-PAR-01,F-PAR-01,-19.3,40.1,0
2026-05-25T00:00:00Z,S-PAR-01,F-PAR-01,-20.6,40.5,0
2026-05-25T06:00:00Z,S-PAR-01,F-PAR-01,-20.9,46.4,0
2026-05-25T12:00:00Z,S-PAR-01,F-PAR-01,-19.3,48.9,0
2026-05-25T18:00:00Z,S-PAR-01,F-PAR-01,-19.1,42.6,0
2026-05-26T00:00:00Z,S-PAR-01,F-PAR-01,-20.5,40.9,0
2026-05-26T06:00:00Z,S-PAR-01,F-PAR-01,-20.4,43.9,0
2026-05-26T12:00:00Z,S-PAR-01,F-PAR-01,-20.5,51.1,0
2026-05-26T18:00:00Z,S-PAR-01,F-PAR-01,-20.3,39.9,0
2026-05-27T00:00:00Z,S-PAR-01,F-PAR-01,-20.1,49.7,0
2026-05-27T06:00:00Z,S-PAR-01,F-PAR-01,-20.2,44.2,0
2026-05-27T12:00:00Z,S-PAR-01,F-PAR-01,-19.5,48.4,0
2026-05-27T18:00:00Z,S-PAR-01,F-PAR-01,-20.1,43.6,0
2026-05-28T00:00:00Z,S-PAR-01,F-PAR-01,-20.2,49.4,0
2026-05-28T06:00:00Z,S-PAR-01,F-PAR-01,-20.8,40.5,0
2026-05-28T12:00:00Z,S-PAR-01,F-PAR-01,-19.2,48.1,0
2026-05-28T18:00:00Z,S-PAR-01,F-PAR-01,-19.5,39.7,0
2026-05-29T00:00:00Z,S-PAR-01,F-PAR-01,-19.8,48.5,0
2026-05-29T06:00:00Z,S-PAR-01,F-PAR-01,-20.4,40.7,0
2026-05-29T12:00:00Z,S-PAR-01,F-PAR-01,-19.0,49.2,0
2026-05-29T18:00:00Z,S-PAR-01,F-PAR-01,-20.5,39.6,0
2026-05-30T00:00:00Z,S-PAR-01,F-PAR-01,-21.0,49.2,0
2026-05-30T06:00:00Z,S-PAR-01,F-PAR-01,-20.2,50.0,0
2026-05-30T12:00:00Z,S-PAR-01,F-PAR-01,-20.3,51.2,0
2026-05-30T18:00:00Z,S-PAR-01,F-PAR-01,-20.1,49.9,0
2026-05-31T00:00:00Z,S-PAR-01,F-PAR-01,-19.0,39.2,0
2026-05-31T06:00:00Z,S-PAR-01,F-PAR-01,-19.7,43.5,0
2026-05-31T12:00:00Z,S-PAR-01,F-PAR-01,-20.1,51.3,0
2026-05-31T18:00:00Z,S-PAR-01,F-PAR-01,-19.7,42.5,0
2026-06-01T00:00:00Z,S-PAR-01,F-PAR-01,-20.5,45.9,0
2026-06-01T06:00:00Z,S-PAR-01,F-PAR-01,-20.7,40.2,0
2026-06-01T12:00:00Z,S-PAR-01,F-PAR-01,-19.6,48.7,1
2026-06-01T18:00:00Z,S-PAR-01,F-PAR-01,-19.4,50.1,0
2026-06-02T00:00:00Z,S-PAR-01,F-PAR-01,-20.3,43.8,0
2026-06-02T06:00:00Z,S-PAR-01,F-PAR-01,-20.7,40.4,0
2026-06-02T12:00:00Z,S-PAR-01,F-PAR-01,-19.1,51.5,0
2026-06-02T18:00:00Z,S-PAR-01,F-PAR-01,-19.4,40.5,0
2026-06-03T00:00:00Z,S-PAR-01,F-PAR-01,-20.8,40.3,0
2026-06-03T06:00:00Z,S-PAR-01,F-PAR-01,-20.0,42.3,0
2026-06-03T12:00:00Z,S-PAR-01,F-PAR-01,-19.7,50.7,0
2026-06-03T18:00:00Z,S-PAR-01,F-PAR-01,-20.4,49.0,0
2026-01-01T00:00:00Z,S-PAR-01,F-PAR-02,-19.2,38.5,0
2026-01-01T06:00:00Z,S-PAR-01,F-PAR-02,-19.3,50.8,0
2026-01-01T12:00:00Z,S-PAR-01,F-PAR-02,-20.9,43.3,0
2026-01-01T18:00:00Z,S-PAR-01,F-PAR-02,-19.9,40.2,1
2026-01-02T00:00:00Z,S-PAR-01,F-PAR-02,-19.2,39.3,0
2026-01-02T06:00:00Z,S-PAR-01,F-PAR-02,-19.0,39.6,0
2026-01-02T12:00:00Z,S-PAR-01,F-PAR-02,-20.0,51.8,0
2026-01-02T18:00:00Z,S-PAR-01,F-PAR-02,-19.9,39.9,0
2026-01-03T00:00:00Z,S-PAR-01,F-PAR-02,-19.7,42.4,0
2026-01-03T06:00:00Z,S-PAR-01,F-PAR-02,-20.1,50.6,0
2026-01-03T12:00:00Z,S-PAR-01,F-PAR-02,-20.7,47.2,0
2026-01-03T18:00:00Z,S-PAR-01,F-PAR-02,-19.8,48.0,0
2026-01-04T00:00:00Z,S-PAR-01,F-PAR-02,-19.5,49.9,0
2026-01-04T06:00:00Z,S-PAR-01,F-PAR-02,-20.6,41.1,0
2026-01-04T12:00:00Z,S-PAR-01,F-PAR-02,-20.7,51.2,0
2026-01-04T18:00:00Z,S-PAR-01,F-PAR-02,-20.8,39.3,0
2026-01-05T00:00:00Z,S-PAR-01,F-PAR-02,-19.2,39.5,0
2026-01-05T06:00:00Z,S-PAR-01,F-PAR-02,-20.5,40.6,0
2026-01-05T12:00:00Z,S-PAR-01,F-PAR-02,-19.7,42.6,0
2026-01-05T18:00:00Z,S-PAR-01,F-PAR-02,-19.7,45.3,0
2026-01-06T00:00:00Z,S-PAR-01,F-PAR-02,-19.2,48.6,0
2026-01-06T06:00:00Z,S-PAR-01,F-PAR-02,-20.7,43.9,0
2026-01-06T12:00:00Z,S-PAR-01,F-PAR-02,-19.7,46.1,0
2026-01-06T18:00:00Z,S-PAR-01,F-PAR-02,-20.9,50.7,0
2026-01-07T00:00:00Z,S-PAR-01,F-PAR-02,-20.9,40.8,0
2026-01-07T06:00:00Z,S-PAR-01,F-PAR-02,-20.6,40.0,0
2026-01-07T12:00:00Z,S-PAR-01,F-PAR-02,-20.9,49.1,0
2026-01-07T18:00:00Z,S-PAR-01,F-PAR-02,-20.4,46.0,0
2026-01-08T00:00:00Z,S-PAR-01,F-PAR-02,-20.3,46.8,0
2026-01-08T06:00:00Z,S-PAR-01,F-PAR-02,-19.4,46.1,0
2026-01-08T12:00:00Z,S-PAR-01,F-PAR-02,-20.1,41.0,0
2026-01-08T18:00:00Z,S-PAR-01,F-PAR-02,-19.9,39.6,0
2026-01-09T00:00:00Z,S-PAR-01,F-PAR-02,-19.5,50.9,0
2026-01-09T06:00:00Z,S-PAR-01,F-PAR-02,-20.3,50.5,0
2026-01-09T12:00:00Z,S-PAR-01,F-PAR-02,-20.5,49.3,0
2026-01-09T18:00:00Z,S-PAR-01,F-PAR-02,-19.9,47.3,0
2026-01-10T00:00:00Z,S-PAR-01,F-PAR-02,-20.3,45.3,0
2026-01-10T06:00:00Z,S-PAR-01,F-PAR-02,-20.9,43.1,0
2026-01-10T12:00:00Z,S-PAR-01,F-PAR-02,-19.7,51.5,0
2026-01-10T18:00:00Z,S-PAR-01,F-PAR-02,-20.5,44.4,1
2026-01-11T00:00:00Z,S-PAR-01,F-PAR-02,-19.9,42.1,0
2026-01-11T06:00:00Z,S-PAR-01,F-PAR-02,-19.3,42.3,0
2026-01-11T12:00:00Z,S-PAR-01,F-PAR-02,-20.1,51.8,1
2026-01-11T18:00:00Z,S-PAR-01,F-PAR-02,-19.3,45.1,0
2026-01-12T00:00:00Z,S-PAR-01,F-PAR-02,-19.1,52.0,0
2026-01-12T06:00:00Z,S-PAR-01,F-PAR-02,-20.6,49.8,0
2026-01-12T12:00:00Z,S-PAR-01,F-PAR-02,-20.6,38.2,0
2026-01-12T18:00:00Z,S-PAR-01,F-PAR-02,-20.3,46.4,0
2026-01-13T00:00:00Z,S-PAR-01,F-PAR-02,-19.3,45.4,0
2026-01-13T06:00:00Z,S-PAR-01,F-PAR-02,-19.4,43.1,0
2026-01-13T12:00:00Z,S-PAR-01,F-PAR-02,-20.5,51.3,0
2026-01-13T18:00:00Z,S-PAR-01,F-PAR-02,-20.3,39.4,0
2026-01-14T00:00:00Z,S-PAR-01,F-PAR-02,-19.7,46.7,0
2026-01-14T06:00:00Z,S-PAR-01,F-PAR-02,-19.3,48.5,0
2026-01-14T12:00:00Z,S-PAR-01,F-PAR-02,-20.7,51.2,0
2026-01-14T18:00:00Z,S-PAR-01,F-PAR-02,-19.3,41.9,0
2026-01-15T00:00:00Z,S-PAR-01,F-PAR-02,-19.1,42.2,0
2026-01-15T06:00:00Z,S-PAR-01,F-PAR-02,-19.2,51.6,0
2026-01-15T12:00:00Z,S-PAR-01,F-PAR-02,-19.2,44.6,0
2026-01-15T18:00:00Z,S-PAR-01,F-PAR-02,-19.1,38.0,0
2026-01-16T00:00:00Z,S-PAR-01,F-PAR-02,-19.9,42.4,0
2026-01-16T06:00:00Z,S-PAR-01,F-PAR-02,-19.2,46.6,0
2026-01-16T12:00:00Z,S-PAR-01,F-PAR-02,-19.1,38.8,0
2026-01-16T18:00:00Z,S-PAR-01,F-PAR-02,-20.7,49.5,0
2026-01-17T00:00:00Z,S-PAR-01,F-PAR-02,-19.4,51.3,0
2026-01-17T06:00:00Z,S-PAR-01,F-PAR-02,-20.5,49.0,0
2026-01-17T12:00:00Z,S-PAR-01,F-PAR-02,-19.7,43.5,0
2026-01-17T18:00:00Z,S-PAR-01,F-PAR-02,-19.3,39.0,0
2026-01-18T00:00:00Z,S-PAR-01,F-PAR-02,-20.4,50.5,0
2026-01-18T06:00:00Z,S-PAR-01,F-PAR-02,-20.8,48.4,0
2026-01-18T12:00:00Z,S-PAR-01,F-PAR-02,-19.1,40.1,0
2026-01-18T18:00:00Z,S-PAR-01,F-PAR-02,-19.7,48.6,1
2026-01-19T00:00:00Z,S-PAR-01,F-PAR-02,-20.8,42.4,0
2026-01-19T06:00:00Z,S-PAR-01,F-PAR-02,-20.8,46.8,0
2026-01-19T12:00:00Z,S-PAR-01,F-PAR-02,-20.1,47.2,0
2026-01-19T18:00:00Z,S-PAR-01,F-PAR-02,-20.8,48.4,0
2026-01-20T00:00:00Z,S-PAR-01,F-PAR-02,-20.9,51.7,0
2026-01-20T06:00:00Z,S-PAR-01,F-PAR-02,-19.2,42.8,0
2026-01-20T12:00:00Z,S-PAR-01,F-PAR-02,-20.5,51.8,0
2026-01-20T18:00:00Z,S-PAR-01,F-PAR-02,-19.2,39.6,0
2026-01-21T00:00:00Z,S-PAR-01,F-PAR-02,-19.8,50.3,0
2026-01-21T06:00:00Z,S-PAR-01,F-PAR-02,-19.6,49.1,0
2026-01-21T12:00:00Z,S-PAR-01,F-PAR-02,-19.5,41.1,1
2026-01-21T18:00:00Z,S-PAR-01,F-PAR-02,-19.0,46.4,0
2026-01-22T00:00:00Z,S-PAR-01,F-PAR-02,-20.3,50.2,0
2026-01-22T06:00:00Z,S-PAR-01,F-PAR-02,-19.7,49.7,0
2026-01-22T12:00:00Z,S-PAR-01,F-PAR-02,-19.1,43.9,0
2026-01-22T18:00:00Z,S-PAR-01,F-PAR-02,-19.3,41.9,0
2026-01-23T00:00:00Z,S-PAR-01,F-PAR-02,-20.4,41.5,0
2026-01-23T06:00:00Z,S-PAR-01,F-PAR-02,-20.0,43.9,0
2026-01-23T12:00:00Z,S-PAR-01,F-PAR-02,-19.3,51.8,1
2026-01-23T18:00:00Z,S-PAR-01,F-PAR-02,-20.8,49.3,0
2026-01-24T00:00:00Z,S-PAR-01,F-PAR-02,-20.0,46.3,0
2026-01-24T06:00:00Z,S-PAR-01,F-PAR-02,-19.7,39.5,0
2026-01-24T12:00:00Z,S-PAR-01,F-PAR-02,-19.4,47.9,0
2026-01-24T18:00:00Z,S-PAR-01,F-PAR-02,-19.3,43.3,0
2026-01-25T00:00:00Z,S-PAR-01,F-PAR-02,-19.1,43.4,0
2026-01-25T06:00:00Z,S-PAR-01,F-PAR-02,-19.8,46.3,0
2026-01-25T12:00:00Z,S-PAR-01,F-PAR-02,-19.4,51.4,0
2026-01-25T18:00:00Z,S-PAR-01,F-PAR-02,-20.8,48.7,0
2026-01-26T00:00:00Z,S-PAR-01,F-PAR-02,-19.7,50.7,0
2026-01-26T06:00:00Z,S-PAR-01,F-PAR-02,-20.2,43.5,0
2026-01-26T12:00:00Z,S-PAR-01,F-PAR-02,-19.5,42.9,0
2026-01-26T18:00:00Z,S-PAR-01,F-PAR-02,-19.3,46.0,0
2026-01-27T00:00:00Z,S-PAR-01,F-PAR-02,-19.1,49.4,0
2026-01-27T06:00:00Z,S-PAR-01,F-PAR-02,-19.7,48.9,0
2026-01-27T12:00:00Z,S-PAR-01,F-PAR-02,-19.7,38.4,0
2026-01-27T18:00:00Z,S-PAR-01,F-PAR-02,-21.0,51.2,1
2026-01-28T00:00:00Z,S-PAR-01,F-PAR-02,-19.2,49.2,0
2026-01-28T06:00:00Z,S-PAR-01,F-PAR-02,-19.5,49.9,0
2026-01-28T12:00:00Z,S-PAR-01,F-PAR-02,-20.5,49.5,0
2026-01-28T18:00:00Z,S-PAR-01,F-PAR-02,-19.1,41.5,0
2026-01-29T00:00:00Z,S-PAR-01,F-PAR-02,-20.9,44.4,0
2026-01-29T06:00:00Z,S-PAR-01,F-PAR-02,-19.0,41.7,0
2026-01-29T12:00:00Z,S-PAR-01,F-PAR-02,-19.4,40.9,0
2026-01-29T18:00:00Z,S-PAR-01,F-PAR-02,-19.9,42.5,0
2026-01-30T00:00:00Z,S-PAR-01,F-PAR-02,-20.3,49.4,0
2026-01-30T06:00:00Z,S-PAR-01,F-PAR-02,-19.3,50.0,0
2026-01-30T12:00:00Z,S-PAR-01,F-PAR-02,-20.3,46.6,0
2026-01-30T18:00:00Z,S-PAR-01,F-PAR-02,-19.3,41.2,0
2026-01-31T00:00:00Z,S-PAR-01,F-PAR-02,-20.8,48.1,0
2026-01-31T06:00:00Z,S-PAR-01,F-PAR-02,-19.7,42.4,0
2026-01-31T12:00:00Z,S-PAR-01,F-PAR-02,-20.0,40.6,0
2026-01-31T18:00:00Z,S-PAR-01,F-PAR-02,-20.5,47.9,0
2026-02-01T00:00:00Z,S-PAR-01,F-PAR-02,-19.4,50.5,0
2026-02-01T06:00:00Z,S-PAR-01,F-PAR-02,-19.5,51.4,0
2026-02-01T12:00:00Z,S-PAR-01,F-PAR-02,-20.4,39.6,0
2026-02-01T18:00:00Z,S-PAR-01,F-PAR-02,-19.2,47.8,0
2026-02-02T00:00:00Z,S-PAR-01,F-PAR-02,-19.5,45.5,0
2026-02-02T06:00:00Z,S-PAR-01,F-PAR-02,-20.2,47.7,0
2026-02-02T12:00:00Z,S-PAR-01,F-PAR-02,-20.6,39.3,0
2026-02-02T18:00:00Z,S-PAR-01,F-PAR-02,-19.2,43.7,0
2026-02-03T00:00:00Z,S-PAR-01,F-PAR-02,-19.6,45.5,0
2026-02-03T06:00:00Z,S-PAR-01,F-PAR-02,-20.2,50.9,0
2026-02-03T12:00:00Z,S-PAR-01,F-PAR-02,-20.8,51.4,0
2026-02-03T18:00:00Z,S-PAR-01,F-PAR-02,-19.2,42.1,0
2026-02-04T00:00:00Z,S-PAR-01,F-PAR-02,-20.8,52.0,0
2026-02-04T06:00:00Z,S-PAR-01,F-PAR-02,-20.1,38.6,0
2026-02-04T12:00:00Z,S-PAR-01,F-PAR-02,-19.9,47.3,0
2026-02-04T18:00:00Z,S-PAR-01,F-PAR-02,-20.0,49.7,0
2026-02-05T00:00:00Z,S-PAR-01,F-PAR-02,-20.5,41.2,0
2026-02-05T06:00:00Z,S-PAR-01,F-PAR-02,-19.7,41.0,0
2026-02-05T12:00:00Z,S-PAR-01,F-PAR-02,-21.0,41.4,1
2026-02-05T18:00:00Z,S-PAR-01,F-PAR-02,-19.8,49.7,0
2026-02-06T00:00:00Z,S-PAR-01,F-PAR-02,-19.9,46.0,0
2026-02-06T06:00:00Z,S-PAR-01,F-PAR-02,-20.2,49.9,0
2026-02-06T12:00:00Z,S-PAR-01,F-PAR-02,-19.8,46.8,0
2026-02-06T18:00:00Z,S-PAR-01,F-PAR-02,-19.0,48.5,0
2026-02-07T00:00:00Z,S-PAR-01,F-PAR-02,-19.0,49.2,0
2026-02-07T06:00:00Z,S-PAR-01,F-PAR-02,-20.5,43.2,0
2026-02-07T12:00:00Z,S-PAR-01,F-PAR-02,-19.2,51.1,0
2026-02-07T18:00:00Z,S-PAR-01,F-PAR-02,-20.3,51.4,0
2026-02-08T00:00:00Z,S-PAR-01,F-PAR-02,-19.3,51.8,0
2026-02-08T06:00:00Z,S-PAR-01,F-PAR-02,-20.5,45.5,0
2026-02-08T12:00:00Z,S-PAR-01,F-PAR-02,-20.7,51.7,0
2026-02-08T18:00:00Z,S-PAR-01,F-PAR-02,-20.0,44.7,0
2026-02-09T00:00:00Z,S-PAR-01,F-PAR-02,-19.4,46.5,0
2026-02-09T06:00:00Z,S-PAR-01,F-PAR-02,-19.6,48.0,0
2026-02-09T12:00:00Z,S-PAR-01,F-PAR-02,-19.7,45.8,0
2026-02-09T18:00:00Z,S-PAR-01,F-PAR-02,-20.1,46.0,1
2026-02-10T00:00:00Z,S-PAR-01,F-PAR-02,-19.8,45.0,0
2026-02-10T06:00:00Z,S-PAR-01,F-PAR-02,-20.1,51.3,0
2026-02-10T12:00:00Z,S-PAR-01,F-PAR-02,-20.7,45.8,0
2026-02-10T18:00:00Z,S-PAR-01,F-PAR-02,-20.9,42.9,0
2026-02-11T00:00:00Z,S-PAR-01,F-PAR-02,-20.7,47.5,0
2026-02-11T06:00:00Z,S-PAR-01,F-PAR-02,-20.9,48.1,0
2026-02-11T12:00:00Z,S-PAR-01,F-PAR-02,-19.9,51.3,0
2026-02-11T18:00:00Z,S-PAR-01,F-PAR-02,-19.6,44.9,0
2026-02-12T00:00:00Z,S-PAR-01,F-PAR-02,-19.1,51.8,0
2026-02-12T06:00:00Z,S-PAR-01,F-PAR-02,-20.6,44.3,0
2026-02-12T12:00:00Z,S-PAR-01,F-PAR-02,-19.9,47.4,0
2026-02-12T18:00:00Z,S-PAR-01,F-PAR-02,-19.9,50.3,0
2026-02-13T00:00:00Z,S-PAR-01,F-PAR-02,-20.7,45.6,0
2026-02-13T06:00:00Z,S-PAR-01,F-PAR-02,-19.6,42.4,0
2026-02-13T12:00:00Z,S-PAR-01,F-PAR-02,-21.0,46.5,0
2026-02-13T18:00:00Z,S-PAR-01,F-PAR-02,-20.3,39.7,0
2026-02-14T00:00:00Z,S-PAR-01,F-PAR-02,-19.8,45.4,0
2026-02-14T06:00:00Z,S-PAR-01,F-PAR-02,-19.5,48.3,0
2026-02-14T12:00:00Z,S-PAR-01,F-PAR-02,-20.5,46.4,0
2026-02-14T18:00:00Z,S-PAR-01,F-PAR-02,-20.6,40.5,0
2026-02-15T00:00:00Z,S-PAR-01,F-PAR-02,-20.0,39.7,0
2026-02-15T06:00:00Z,S-PAR-01,F-PAR-02,-20.8,51.2,0
2026-02-15T12:00:00Z,S-PAR-01,F-PAR-02,-19.9,51.3,0
2026-02-15T18:00:00Z,S-PAR-01,F-PAR-02,-20.2,47.7,0
2026-02-16T00:00:00Z,S-PAR-01,F-PAR-02,-20.3,39.3,0
2026-02-16T06:00:00Z,S-PAR-01,F-PAR-02,-20.3,47.9,0
2026-02-16T12:00:00Z,S-PAR-01,F-PAR-02,-19.2,45.0,0
2026-02-16T18:00:00Z,S-PAR-01,F-PAR-02,-20.2,41.2,0
2026-02-17T00:00:00Z,S-PAR-01,F-PAR-02,-19.7,42.8,0
2026-02-17T06:00:00Z,S-PAR-01,F-PAR-02,-19.5,45.3,0
2026-02-17T12:00:00Z,S-PAR-01,F-PAR-02,-21.0,46.5,0
2026-02-17T18:00:00Z,S-PAR-01,F-PAR-02,-20.9,43.2,0
2026-02-18T00:00:00Z,S-PAR-01,F-PAR-02,-19.1,45.4,0
2026-02-18T06:00:00Z,S-PAR-01,F-PAR-02,-21.0,43.4,0
2026-02-18T12:00:00Z,S-PAR-01,F-PAR-02,-20.9,50.7,0
2026-02-18T18:00:00Z,S-PAR-01,F-PAR-02,-19.3,51.4,0
2026-02-19T00:00:00Z,S-PAR-01,F-PAR-02,-19.8,40.5,0
2026-02-19T06:00:00Z,S-PAR-01,F-PAR-02,-20.6,42.8,0
2026-02-19T12:00:00Z,S-PAR-01,F-PAR-02,-19.3,50.8,0
2026-02-19T18:00:00Z,S-PAR-01,F-PAR-02,-19.9,50.5,0
2026-02-20T00:00:00Z,S-PAR-01,F-PAR-02,-19.2,40.5,0
2026-02-20T06:00:00Z,S-PAR-01,F-PAR-02,-20.7,49.5,0
2026-02-20T12:00:00Z,S-PAR-01,F-PAR-02,-20.9,38.5,0
2026-02-20T18:00:00Z,S-PAR-01,F-PAR-02,-19.1,51.2,0
2026-02-21T00:00:00Z,S-PAR-01,F-PAR-02,-20.4,42.1,0
2026-02-21T06:00:00Z,S-PAR-01,F-PAR-02,-20.3,40.5,0
2026-02-21T12:00:00Z,S-PAR-01,F-PAR-02,-20.0,50.6,0
2026-02-21T18:00:00Z,S-PAR-01,F-PAR-02,-19.8,52.0,0
2026-02-22T00:00:00Z,S-PAR-01,F-PAR-02,-19.1,51.0,0
2026-02-22T06:00:00Z,S-PAR-01,F-PAR-02,-19.9,43.4,0
2026-02-22T12:00:00Z,S-PAR-01,F-PAR-02,-20.1,39.6,0
2026-02-22T18:00:00Z,S-PAR-01,F-PAR-02,-20.3,43.1,0
2026-02-23T00:00:00Z,S-PAR-01,F-PAR-02,-19.4,40.6,0
2026-02-23T06:00:00Z,S-PAR-01,F-PAR-02,-20.2,43.0,0
2026-02-23T12:00:00Z,S-PAR-01,F-PAR-02,-19.2,50.9,0
2026-02-23T18:00:00Z,S-PAR-01,F-PAR-02,-19.2,47.9,0
2026-02-24T00:00:00Z,S-PAR-01,F-PAR-02,-20.8,45.3,0
2026-02-24T06:00:00Z,S-PAR-01,F-PAR-02,-19.7,42.5,0
2026-02-24T12:00:00Z,S-PAR-01,F-PAR-02,-19.9,46.1,0
2026-02-24T18:00:00Z,S-PAR-01,F-PAR-02,-20.2,45.6,0
2026-02-25T00:00:00Z,S-PAR-01,F-PAR-02,-20.4,44.3,0
2026-02-25T06:00:00Z,S-PAR-01,F-PAR-02,-20.6,51.2,0
2026-02-25T12:00:00Z,S-PAR-01,F-PAR-02,-20.1,44.1,1
2026-02-25T18:00:00Z,S-PAR-01,F-PAR-02,-21.0,39.5,0
2026-02-26T00:00:00Z,S-PAR-01,F-PAR-02,-19.8,42.3,0
2026-02-26T06:00:00Z,S-PAR-01,F-PAR-02,-19.0,48.8,0
2026-02-26T12:00:00Z,S-PAR-01,F-PAR-02,-19.5,47.8,0
2026-02-26T18:00:00Z,S-PAR-01,F-PAR-02,-20.9,51.3,0
2026-02-27T00:00:00Z,S-PAR-01,F-PAR-02,-19.8,50.6,0
2026-02-27T06:00:00Z,S-PAR-01,F-PAR-02,-19.9,47.0,0
2026-02-27T12:00:00Z,S-PAR-01,F-PAR-02,-19.5,45.5,1
2026-02-27T18:00:00Z,S-PAR-01,F-PAR-02,-20.4,40.6,0
2026-02-28T00:00:00Z,S-PAR-01,F-PAR-02,-20.9,49.6,0
2026-02-28T06:00:00Z,S-PAR-01,F-PAR-02,-19.3,48.3,0
2026-02-28T12:00:00Z,S-PAR-01,F-PAR-02,-20.0,40.5,0
2026-02-28T18:00:00Z,S-PAR-01,F-PAR-02,-19.6,50.7,1
2026-03-01T00:00:00Z,S-PAR-01,F-PAR-02,-19.1,50.5,0
2026-03-01T06:00:00Z,S-PAR-01,F-PAR-02,-19.6,39.0,0
2026-03-01T12:00:00Z,S-PAR-01,F-PAR-02,-20.6,40.9,0
2026-03-01T18:00:00Z,S-PAR-01,F-PAR-02,-21.0,50.9,0
2026-03-02T00:00:00Z,S-PAR-01,F-PAR-02,-19.6,50.9,0
2026-03-02T06:00:00Z,S-PAR-01,F-PAR-02,-21.0,41.4,0
2026-03-02T12:00:00Z,S-PAR-01,F-PAR-02,-19.4,49.6,0
2026-03-02T18:00:00Z,S-PAR-01,F-PAR-02,-19.0,49.6,0
2026-03-03T00:00:00Z,S-PAR-01,F-PAR-02,-19.3,38.6,0
2026-03-03T06:00:00Z,S-PAR-01,F-PAR-02,-20.7,41.4,0
2026-03-03T12:00:00Z,S-PAR-01,F-PAR-02,-19.7,50.3,0
2026-03-03T18:00:00Z,S-PAR-01,F-PAR-02,-19.9,50.1,0
2026-03-04T00:00:00Z,S-PAR-01,F-PAR-02,-20.6,50.3,0
2026-03-04T06:00:00Z,S-PAR-01,F-PAR-02,-19.5,41.8,0
2026-03-04T12:00:00Z,S-PAR-01,F-PAR-02,-19.6,43.8,0
2026-03-04T18:00:00Z,S-PAR-01,F-PAR-02,-20.4,50.6,0
2026-03-05T00:00:00Z,S-PAR-01,F-PAR-02,-20.0,46.4,0
2026-03-05T06:00:00Z,S-PAR-01,F-PAR-02,-19.7,43.5,0
2026-03-05T12:00:00Z,S-PAR-01,F-PAR-02,-19.6,44.3,0
2026-03-05T18:00:00Z,S-PAR-01,F-PAR-02,-20.6,46.9,1
2026-03-06T00:00:00Z,S-PAR-01,F-PAR-02,-19.2,44.8,0
2026-03-06T06:00:00Z,S-PAR-01,F-PAR-02,-20.6,42.6,0
2026-03-06T12:00:00Z,S-PAR-01,F-PAR-02,-19.1,41.6,0
2026-03-06T18:00:00Z,S-PAR-01,F-PAR-02,-19.1,43.6,0
2026-03-07T00:00:00Z,S-PAR-01,F-PAR-02,-20.4,46.0,0
2026-03-07T06:00:00Z,S-PAR-01,F-PAR-02,-20.8,39.7,0
2026-03-07T12:00:00Z,S-PAR-01,F-PAR-02,-19.4,50.4,0
2026-03-07T18:00:00Z,S-PAR-01,F-PAR-02,-19.9,45.0,0
2026-03-08T00:00:00Z,S-PAR-01,F-PAR-02,-19.0,44.6,0
2026-03-08T06:00:00Z,S-PAR-01,F-PAR-02,-20.0,56.6,1
2026-03-08T12:00:00Z,S-PAR-01,F-PAR-02,-11.0,58.4,1
2026-03-08T18:00:00Z,S-PAR-01,F-PAR-02,-20.0,67.5,1
2026-03-09T00:00:00Z,S-PAR-01,F-PAR-02,-20.6,48.7,0
2026-03-09T06:00:00Z,S-PAR-01,F-PAR-02,-19.4,41.4,0
2026-03-09T12:00:00Z,S-PAR-01,F-PAR-02,-19.8,44.1,0
2026-03-09T18:00:00Z,S-PAR-01,F-PAR-02,-19.8,38.6,0
2026-03-10T00:00:00Z,S-PAR-01,F-PAR-02,-19.5,40.6,0
2026-03-10T06:00:00Z,S-PAR-01,F-PAR-02,-20.6,42.5,0
2026-03-10T12:00:00Z,S-PAR-01,F-PAR-02,-19.9,51.3,0
2026-03-10T18:00:00Z,S-PAR-01,F-PAR-02,-19.1,50.9,0
2026-03-11T00:00:00Z,S-PAR-01,F-PAR-02,-20.6,47.0,0
2026-03-11T06:00:00Z,S-PAR-01,F-PAR-02,-20.2,40.1,0
2026-03-11T12:00:00Z,S-PAR-01,F-PAR-02,-20.4,38.9,0
2026-03-11T18:00:00Z,S-PAR-01,F-PAR-02,-20.6,47.2,0
2026-03-12T00:00:00Z,S-PAR-01,F-PAR-02,-19.3,39.0,0
2026-03-12T06:00:00Z,S-PAR-01,F-PAR-02,-20.5,45.4,0
2026-03-12T12:00:00Z,S-PAR-01,F-PAR-02,-19.9,40.0,0
2026-03-12T18:00:00Z,S-PAR-01,F-PAR-02,-20.9,47.6,0
2026-03-13T00:00:00Z,S-PAR-01,F-PAR-02,-19.9,46.7,0
2026-03-13T06:00:00Z,S-PAR-01,F-PAR-02,-20.7,51.1,0
2026-03-13T12:00:00Z,S-PAR-01,F-PAR-02,-20.3,40.0,1
2026-03-13T18:00:00Z,S-PAR-01,F-PAR-02,-20.5,43.3,0
2026-03-14T00:00:00Z,S-PAR-01,F-PAR-02,-19.4,48.8,0
2026-03-14T06:00:00Z,S-PAR-01,F-PAR-02,-20.8,41.1,0
2026-03-14T12:00:00Z,S-PAR-01,F-PAR-02,-19.7,45.9,1
2026-03-14T18:00:00Z,S-PAR-01,F-PAR-02,-19.7,50.8,0
2026-03-15T00:00:00Z,S-PAR-01,F-PAR-02,-19.7,42.0,0
2026-03-15T06:00:00Z,S-PAR-01,F-PAR-02,-19.8,44.3,0
2026-03-15T12:00:00Z,S-PAR-01,F-PAR-02,-19.5,47.6,0
2026-03-15T18:00:00Z,S-PAR-01,F-PAR-02,-20.3,51.8,0
2026-03-16T00:00:00Z,S-PAR-01,F-PAR-02,-19.2,40.1,0
2026-03-16T06:00:00Z,S-PAR-01,F-PAR-02,-19.9,43.0,0
2026-03-16T12:00:00Z,S-PAR-01,F-PAR-02,-20.7,46.9,0
2026-03-16T18:00:00Z,S-PAR-01,F-PAR-02,-19.1,52.0,0
2026-03-17T00:00:00Z,S-PAR-01,F-PAR-02,-20.3,38.3,0
2026-03-17T06:00:00Z,S-PAR-01,F-PAR-02,-19.4,40.0,0
2026-03-17T12:00:00Z,S-PAR-01,F-PAR-02,-20.1,47.9,0
2026-03-17T18:00:00Z,S-PAR-01,F-PAR-02,-20.5,43.6,0
2026-03-18T00:00:00Z,S-PAR-01,F-PAR-02,-20.3,51.2,0
2026-03-18T06:00:00Z,S-PAR-01,F-PAR-02,-20.2,43.8,0
2026-03-18T12:00:00Z,S-PAR-01,F-PAR-02,-19.5,44.2,0
2026-03-18T18:00:00Z,S-PAR-01,F-PAR-02,-20.3,42.6,0
2026-03-19T00:00:00Z,S-PAR-01,F-PAR-02,-19.6,40.9,0
2026-03-19T06:00:00Z,S-PAR-01,F-PAR-02,-20.6,40.7,0
2026-03-19T12:00:00Z,S-PAR-01,F-PAR-02,-20.6,50.2,0
2026-03-19T18:00:00Z,S-PAR-01,F-PAR-02,-19.8,50.6,0
2026-03-20T00:00:00Z,S-PAR-01,F-PAR-02,-19.5,43.7,0
2026-03-20T06:00:00Z,S-PAR-01,F-PAR-02,-19.7,41.0,0
2026-03-20T12:00:00Z,S-PAR-01,F-PAR-02,-20.7,39.5,0
2026-03-20T18:00:00Z,S-PAR-01,F-PAR-02,-20.4,49.7,0
2026-03-21T00:00:00Z,S-PAR-01,F-PAR-02,-19.8,38.7,0
2026-03-21T06:00:00Z,S-PAR-01,F-PAR-02,-20.6,45.7,0
2026-03-21T12:00:00Z,S-PAR-01,F-PAR-02,-20.7,43.4,0
2026-03-21T18:00:00Z,S-PAR-01,F-PAR-02,-20.6,44.2,0
2026-03-22T00:00:00Z,S-PAR-01,F-PAR-02,-20.2,47.3,0
2026-03-22T06:00:00Z,S-PAR-01,F-PAR-02,-20.5,48.4,0
2026-03-22T12:00:00Z,S-PAR-01,F-PAR-02,-19.9,40.2,0
2026-03-22T18:00:00Z,S-PAR-01,F-PAR-02,-19.4,40.8,0
2026-03-23T00:00:00Z,S-PAR-01,F-PAR-02,-20.1,50.2,0
2026-03-23T06:00:00Z,S-PAR-01,F-PAR-02,-20.7,51.0,0
2026-03-23T12:00:00Z,S-PAR-01,F-PAR-02,-20.4,51.1,0
2026-03-23T18:00:00Z,S-PAR-01,F-PAR-02,-19.5,50.3,0
2026-03-24T00:00:00Z,S-PAR-01,F-PAR-02,-19.4,39.2,0
2026-03-24T06:00:00Z,S-PAR-01,F-PAR-02,-21.0,50.1,0
2026-03-24T12:00:00Z,S-PAR-01,F-PAR-02,-20.9,49.9,0
2026-03-24T18:00:00Z,S-PAR-01,F-PAR-02,-19.2,40.8,0
2026-03-25T00:00:00Z,S-PAR-01,F-PAR-02,-20.6,49.8,0
2026-03-25T06:00:00Z,S-PAR-01,F-PAR-02,-20.3,50.7,0
2026-03-25T12:00:00Z,S-PAR-01,F-PAR-02,-19.8,49.6,0
2026-03-25T18:00:00Z,S-PAR-01,F-PAR-02,-19.6,42.1,1
2026-03-26T00:00:00Z,S-PAR-01,F-PAR-02,-19.9,50.6,0
2026-03-26T06:00:00Z,S-PAR-01,F-PAR-02,-20.7,43.8,0
2026-03-26T12:00:00Z,S-PAR-01,F-PAR-02,-19.9,46.7,0
2026-03-26T18:00:00Z,S-PAR-01,F-PAR-02,-19.9,44.6,0
2026-03-27T00:00:00Z,S-PAR-01,F-PAR-02,-19.6,50.7,0
2026-03-27T06:00:00Z,S-PAR-01,F-PAR-02,-19.0,47.3,0
2026-03-27T12:00:00Z,S-PAR-01,F-PAR-02,-20.7,44.2,0
2026-03-27T18:00:00Z,S-PAR-01,F-PAR-02,-20.7,43.3,0
2026-03-28T00:00:00Z,S-PAR-01,F-PAR-02,-20.7,38.3,0
2026-03-28T06:00:00Z,S-PAR-01,F-PAR-02,-19.6,49.5,0
2026-03-28T12:00:00Z,S-PAR-01,F-PAR-02,-19.1,46.2,0
2026-03-28T18:00:00Z,S-PAR-01,F-PAR-02,-19.2,51.6,0
2026-03-29T00:00:00Z,S-PAR-01,F-PAR-02,-19.9,50.4,0
2026-03-29T06:00:00Z,S-PAR-01,F-PAR-02,-19.0,50.4,0
2026-03-29T12:00:00Z,S-PAR-01,F-PAR-02,-20.9,39.9,0
2026-03-29T18:00:00Z,S-PAR-01,F-PAR-02,-20.2,40.1,0
2026-03-30T00:00:00Z,S-PAR-01,F-PAR-02,-19.4,47.4,0
2026-03-30T06:00:00Z,S-PAR-01,F-PAR-02,-19.1,42.5,0
2026-03-30T12:00:00Z,S-PAR-01,F-PAR-02,-19.6,51.3,1
2026-03-30T18:00:00Z,S-PAR-01,F-PAR-02,-19.8,49.2,1
2026-03-31T00:00:00Z,S-PAR-01,F-PAR-02,-19.2,43.8,0
2026-03-31T06:00:00Z,S-PAR-01,F-PAR-02,-20.7,49.9,0
2026-03-31T12:00:00Z,S-PAR-01,F-PAR-02,-20.6,41.9,0
2026-03-31T18:00:00Z,S-PAR-01,F-PAR-02,-19.2,44.9,0
2026-04-01T00:00:00Z,S-PAR-01,F-PAR-02,-20.9,41.3,0
2026-04-01T06:00:00Z,S-PAR-01,F-PAR-02,-20.4,44.3,0
2026-04-01T12:00:00Z,S-PAR-01,F-PAR-02,-20.1,38.6,0
2026-04-01T18:00:00Z,S-PAR-01,F-PAR-02,-19.5,44.4,1
2026-04-02T00:00:00Z,S-PAR-01,F-PAR-02,-19.9,39.8,0
2026-04-02T06:00:00Z,S-PAR-01,F-PAR-02,-19.0,46.7,0
2026-04-02T12:00:00Z,S-PAR-01,F-PAR-02,-19.5,38.3,0
2026-04-02T18:00:00Z,S-PAR-01,F-PAR-02,-19.2,43.3,1
2026-04-03T00:00:00Z,S-PAR-01,F-PAR-02,-19.7,47.8,0
2026-04-03T06:00:00Z,S-PAR-01,F-PAR-02,-20.3,49.2,0
2026-04-03T12:00:00Z,S-PAR-01,F-PAR-02,-19.3,49.0,0
2026-04-03T18:00:00Z,S-PAR-01,F-PAR-02,-20.3,51.2,0
2026-04-04T00:00:00Z,S-PAR-01,F-PAR-02,-19.9,44.8,0
2026-04-04T06:00:00Z,S-PAR-01,F-PAR-02,-20.5,50.8,0
2026-04-04T12:00:00Z,S-PAR-01,F-PAR-02,-19.2,39.2,0
2026-04-04T18:00:00Z,S-PAR-01,F-PAR-02,-20.4,45.1,1
2026-04-05T00:00:00Z,S-PAR-01,F-PAR-02,-19.4,49.3,0
2026-04-05T06:00:00Z,S-PAR-01,F-PAR-02,-20.8,39.0,0
2026-04-05T12:00:00Z,S-PAR-01,F-PAR-02,-20.3,40.2,0
2026-04-05T18:00:00Z,S-PAR-01,F-PAR-02,-19.4,50.1,1
2026-04-06T00:00:00Z,S-PAR-01,F-PAR-02,-21.0,49.3,0
2026-04-06T06:00:00Z,S-PAR-01,F-PAR-02,-19.3,46.6,0
2026-04-06T12:00:00Z,S-PAR-01,F-PAR-02,-20.7,46.8,0
2026-04-06T18:00:00Z,S-PAR-01,F-PAR-02,-20.1,50.2,0
2026-04-07T00:00:00Z,S-PAR-01,F-PAR-02,-20.8,39.7,0
2026-04-07T06:00:00Z,S-PAR-01,F-PAR-02,-19.6,40.8,0
2026-04-07T12:00:00Z,S-PAR-01,F-PAR-02,-19.5,39.1,1
2026-04-07T18:00:00Z,S-PAR-01,F-PAR-02,-19.1,38.1,0
2026-04-08T00:00:00Z,S-PAR-01,F-PAR-02,-20.5,38.7,0
2026-04-08T06:00:00Z,S-PAR-01,F-PAR-02,-20.8,42.5,0
2026-04-08T12:00:00Z,S-PAR-01,F-PAR-02,-19.9,44.7,0
2026-04-08T18:00:00Z,S-PAR-01,F-PAR-02,-19.0,46.5,0
2026-04-09T00:00:00Z,S-PAR-01,F-PAR-02,-20.4,47.5,0
2026-04-09T06:00:00Z,S-PAR-01,F-PAR-02,-19.3,38.9,0
2026-04-09T12:00:00Z,S-PAR-01,F-PAR-02,-20.6,38.1,0
2026-04-09T18:00:00Z,S-PAR-01,F-PAR-02,-20.6,40.0,0
2026-04-10T00:00:00Z,S-PAR-01,F-PAR-02,-19.1,47.8,0
2026-04-10T06:00:00Z,S-PAR-01,F-PAR-02,-19.6,39.1,0
2026-04-10T12:00:00Z,S-PAR-01,F-PAR-02,-20.6,42.5,0
2026-04-10T18:00:00Z,S-PAR-01,F-PAR-02,-20.7,46.9,0
2026-04-11T00:00:00Z,S-PAR-01,F-PAR-02,-19.8,45.1,0
2026-04-11T06:00:00Z,S-PAR-01,F-PAR-02,-20.4,44.0,0
2026-04-11T12:00:00Z,S-PAR-01,F-PAR-02,-19.4,48.3,0
2026-04-11T18:00:00Z,S-PAR-01,F-PAR-02,-19.7,51.6,0
2026-04-12T00:00:00Z,S-PAR-01,F-PAR-02,-19.5,38.9,0
2026-04-12T06:00:00Z,S-PAR-01,F-PAR-02,-20.9,42.8,0
2026-04-12T12:00:00Z,S-PAR-01,F-PAR-02,-19.5,46.7,0
2026-04-12T18:00:00Z,S-PAR-01,F-PAR-02,-20.8,48.7,0
2026-04-13T00:00:00Z,S-PAR-01,F-PAR-02,-21.0,48.4,0
2026-04-13T06:00:00Z,S-PAR-01,F-PAR-02,-20.8,46.2,0
2026-04-13T12:00:00Z,S-PAR-01,F-PAR-02,-19.2,43.1,0
2026-04-13T18:00:00Z,S-PAR-01,F-PAR-02,-19.6,38.9,0
2026-04-14T00:00:00Z,S-PAR-01,F-PAR-02,-19.3,44.3,0
2026-04-14T06:00:00Z,S-PAR-01,F-PAR-02,-19.5,44.7,0
2026-04-14T12:00:00Z,S-PAR-01,F-PAR-02,-20.0,48.7,0
2026-04-14T18:00:00Z,S-PAR-01,F-PAR-02,-19.0,40.7,0
2026-04-15T00:00:00Z,S-PAR-01,F-PAR-02,-20.9,42.9,0
2026-04-15T06:00:00Z,S-PAR-01,F-PAR-02,-20.1,44.5,0
2026-04-15T12:00:00Z,S-PAR-01,F-PAR-02,-19.2,49.9,0
2026-04-15T18:00:00Z,S-PAR-01,F-PAR-02,-20.1,50.6,0
2026-04-16T00:00:00Z,S-PAR-01,F-PAR-02,-20.7,48.5,0
2026-04-16T06:00:00Z,S-PAR-01,F-PAR-02,-20.2,38.3,0
2026-04-16T12:00:00Z,S-PAR-01,F-PAR-02,-20.7,42.4,0
2026-04-16T18:00:00Z,S-PAR-01,F-PAR-02,-19.7,43.6,1
2026-04-17T00:00:00Z,S-PAR-01,F-PAR-02,-19.4,47.3,0
2026-04-17T06:00:00Z,S-PAR-01,F-PAR-02,-20.7,46.3,0
2026-04-17T12:00:00Z,S-PAR-01,F-PAR-02,-20.6,39.3,0
2026-04-17T18:00:00Z,S-PAR-01,F-PAR-02,-20.7,42.7,1
2026-04-18T00:00:00Z,S-PAR-01,F-PAR-02,-20.2,42.2,0
2026-04-18T06:00:00Z,S-PAR-01,F-PAR-02,-19.1,45.7,0
2026-04-18T12:00:00Z,S-PAR-01,F-PAR-02,-20.5,44.8,0
2026-04-18T18:00:00Z,S-PAR-01,F-PAR-02,-20.1,51.3,0
2026-04-19T00:00:00Z,S-PAR-01,F-PAR-02,-19.1,38.8,0
2026-04-19T06:00:00Z,S-PAR-01,F-PAR-02,-19.1,38.9,0
2026-04-19T12:00:00Z,S-PAR-01,F-PAR-02,-20.4,44.7,0
2026-04-19T18:00:00Z,S-PAR-01,F-PAR-02,-20.5,51.2,0
2026-04-20T00:00:00Z,S-PAR-01,F-PAR-02,-20.2,38.2,0
2026-04-20T06:00:00Z,S-PAR-01,F-PAR-02,-20.4,40.2,0
2026-04-20T12:00:00Z,S-PAR-01,F-PAR-02,-19.7,47.6,0
2026-04-20T18:00:00Z,S-PAR-01,F-PAR-02,-20.8,39.8,0
2026-04-21T00:00:00Z,S-PAR-01,F-PAR-02,-19.6,49.3,0
2026-04-21T06:00:00Z,S-PAR-01,F-PAR-02,-19.3,43.2,0
2026-04-21T12:00:00Z,S-PAR-01,F-PAR-02,-19.1,38.9,0
2026-04-21T18:00:00Z,S-PAR-01,F-PAR-02,-20.2,40.9,0
2026-04-22T00:00:00Z,S-PAR-01,F-PAR-02,-20.5,50.2,0
2026-04-22T06:00:00Z,S-PAR-01,F-PAR-02,-20.4,50.8,0
2026-04-22T12:00:00Z,S-PAR-01,F-PAR-02,-19.1,49.0,0
2026-04-22T18:00:00Z,S-PAR-01,F-PAR-02,-19.8,42.6,0
2026-04-23T00:00:00Z,S-PAR-01,F-PAR-02,-20.7,42.5,0
2026-04-23T06:00:00Z,S-PAR-01,F-PAR-02,-19.7,51.6,0
2026-04-23T12:00:00Z,S-PAR-01,F-PAR-02,-20.5,46.3,0
2026-04-23T18:00:00Z,S-PAR-01,F-PAR-02,-19.4,44.8,0
2026-04-24T00:00:00Z,S-PAR-01,F-PAR-02,-21.0,45.2,0
2026-04-24T06:00:00Z,S-PAR-01,F-PAR-02,-20.8,48.5,0
2026-04-24T12:00:00Z,S-PAR-01,F-PAR-02,-19.8,39.1,0
2026-04-24T18:00:00Z,S-PAR-01,F-PAR-02,-19.8,50.5,0
2026-04-25T00:00:00Z,S-PAR-01,F-PAR-02,-20.5,44.3,0
2026-04-25T06:00:00Z,S-PAR-01,F-PAR-02,-19.4,49.1,0
2026-04-25T12:00:00Z,S-PAR-01,F-PAR-02,-20.4,40.0,0
2026-04-25T18:00:00Z,S-PAR-01,F-PAR-02,-20.9,41.5,0
2026-04-26T00:00:00Z,S-PAR-01,F-PAR-02,-20.3,49.5,0
2026-04-26T06:00:00Z,S-PAR-01,F-PAR-02,-20.0,40.0,0
2026-04-26T12:00:00Z,S-PAR-01,F-PAR-02,-20.5,42.5,0
2026-04-26T18:00:00Z,S-PAR-01,F-PAR-02,-19.8,45.5,0
2026-04-27T00:00:00Z,S-PAR-01,F-PAR-02,-19.7,51.4,0
2026-04-27T06:00:00Z,S-PAR-01,F-PAR-02,-19.8,39.7,0
2026-04-27T12:00:00Z,S-PAR-01,F-PAR-02,-19.5,48.3,0
2026-04-27T18:00:00Z,S-PAR-01,F-PAR-02,-19.4,42.0,0
2026-04-28T00:00:00Z,S-PAR-01,F-PAR-02,-20.2,49.5,0
2026-04-28T06:00:00Z,S-PAR-01,F-PAR-02,-21.0,41.7,0
2026-04-28T12:00:00Z,S-PAR-01,F-PAR-02,-20.7,38.4,0
2026-04-28T18:00:00Z,S-PAR-01,F-PAR-02,-19.5,39.1,0
2026-04-29T00:00:00Z,S-PAR-01,F-PAR-02,-19.2,40.1,0
2026-04-29T06:00:00Z,S-PAR-01,F-PAR-02,-19.7,45.8,0
2026-04-29T12:00:00Z,S-PAR-01,F-PAR-02,-19.8,48.6,1
2026-04-29T18:00:00Z,S-PAR-01,F-PAR-02,-20.5,41.9,0
2026-04-30T00:00:00Z,S-PAR-01,F-PAR-02,-20.1,40.3,0
2026-04-30T06:00:00Z,S-PAR-01,F-PAR-02,-20.7,51.4,0
2026-04-30T12:00:00Z,S-PAR-01,F-PAR-02,-20.8,50.1,0
2026-04-30T18:00:00Z,S-PAR-01,F-PAR-02,-20.3,42.4,0
2026-05-01T00:00:00Z,S-PAR-01,F-PAR-02,-19.9,46.8,0
2026-05-01T06:00:00Z,S-PAR-01,F-PAR-02,-19.7,43.5,0
2026-05-01T12:00:00Z,S-PAR-01,F-PAR-02,-20.3,49.7,1
2026-05-01T18:00:00Z,S-PAR-01,F-PAR-02,-20.4,45.9,0
2026-05-02T00:00:00Z,S-PAR-01,F-PAR-02,-19.2,38.8,0
2026-05-02T06:00:00Z,S-PAR-01,F-PAR-02,-19.6,39.8,0
2026-05-02T12:00:00Z,S-PAR-01,F-PAR-02,-20.9,39.0,0
2026-05-02T18:00:00Z,S-PAR-01,F-PAR-02,-20.0,51.2,0
2026-05-03T00:00:00Z,S-PAR-01,F-PAR-02,-19.5,51.6,0
2026-05-03T06:00:00Z,S-PAR-01,F-PAR-02,-20.3,43.8,0
2026-05-03T12:00:00Z,S-PAR-01,F-PAR-02,-19.5,44.9,0
2026-05-03T18:00:00Z,S-PAR-01,F-PAR-02,-20.0,47.0,0
2026-05-04T00:00:00Z,S-PAR-01,F-PAR-02,-20.7,49.5,0
2026-05-04T06:00:00Z,S-PAR-01,F-PAR-02,-19.4,44.3,0
2026-05-04T12:00:00Z,S-PAR-01,F-PAR-02,-20.8,50.8,0
2026-05-04T18:00:00Z,S-PAR-01,F-PAR-02,-20.5,47.0,0
2026-05-05T00:00:00Z,S-PAR-01,F-PAR-02,-20.9,49.8,0
2026-05-05T06:00:00Z,S-PAR-01,F-PAR-02,-20.5,38.6,0
2026-05-05T12:00:00Z,S-PAR-01,F-PAR-02,-20.6,41.3,0
2026-05-05T18:00:00Z,S-PAR-01,F-PAR-02,-19.3,45.0,0
2026-05-06T00:00:00Z,S-PAR-01,F-PAR-02,-19.5,47.4,0
2026-05-06T06:00:00Z,S-PAR-01,F-PAR-02,-21.0,48.7,0
2026-05-06T12:00:00Z,S-PAR-01,F-PAR-02,-20.0,47.4,0
2026-05-06T18:00:00Z,S-PAR-01,F-PAR-02,-19.9,38.6,0
2026-05-07T00:00:00Z,S-PAR-01,F-PAR-02,-20.6,46.2,0
2026-05-07T06:00:00Z,S-PAR-01,F-PAR-02,-21.0,47.8,0
2026-05-07T12:00:00Z,S-PAR-01,F-PAR-02,-19.8,43.2,0
2026-05-07T18:00:00Z,S-PAR-01,F-PAR-02,-20.7,41.0,0
2026-05-08T00:00:00Z,S-PAR-01,F-PAR-02,-19.2,48.4,0
2026-05-08T06:00:00Z,S-PAR-01,F-PAR-02,-20.4,45.8,0
2026-05-08T12:00:00Z,S-PAR-01,F-PAR-02,-20.0,40.2,0
2026-05-08T18:00:00Z,S-PAR-01,F-PAR-02,-19.8,42.7,0
2026-05-09T00:00:00Z,S-PAR-01,F-PAR-02,-20.5,39.7,0
2026-05-09T06:00:00Z,S-PAR-01,F-PAR-02,-20.4,38.4,0
2026-05-09T12:00:00Z,S-PAR-01,F-PAR-02,-19.8,47.1,0
2026-05-09T18:00:00Z,S-PAR-01,F-PAR-02,-20.2,40.6,1
2026-05-10T00:00:00Z,S-PAR-01,F-PAR-02,-19.4,48.4,0
2026-05-10T06:00:00Z,S-PAR-01,F-PAR-02,-19.3,40.8,0
2026-05-10T12:00:00Z,S-PAR-01,F-PAR-02,-19.9,48.5,0
2026-05-10T18:00:00Z,S-PAR-01,F-PAR-02,-19.7,50.4,0
2026-05-11T00:00:00Z,S-PAR-01,F-PAR-02,-20.3,38.8,0
2026-05-11T06:00:00Z,S-PAR-01,F-PAR-02,-19.7,45.9,0
2026-05-11T12:00:00Z,S-PAR-01,F-PAR-02,-19.2,41.5,0
2026-05-11T18:00:00Z,S-PAR-01,F-PAR-02,-20.4,41.0,0
2026-05-12T00:00:00Z,S-PAR-01,F-PAR-02,-20.3,45.0,0
2026-05-12T06:00:00Z,S-PAR-01,F-PAR-02,-19.6,48.1,0
2026-05-12T12:00:00Z,S-PAR-01,F-PAR-02,-20.1,43.5,0
2026-05-12T18:00:00Z,S-PAR-01,F-PAR-02,-19.2,44.7,0
2026-05-13T00:00:00Z,S-PAR-01,F-PAR-02,-19.4,47.3,0
2026-05-13T06:00:00Z,S-PAR-01,F-PAR-02,-19.1,39.1,0
2026-05-13T12:00:00Z,S-PAR-01,F-PAR-02,-20.8,38.0,1
2026-05-13T18:00:00Z,S-PAR-01,F-PAR-02,-20.9,38.2,0
2026-05-14T00:00:00Z,S-PAR-01,F-PAR-02,-21.0,44.2,0
2026-05-14T06:00:00Z,S-PAR-01,F-PAR-02,-19.5,51.5,0
2026-05-14T12:00:00Z,S-PAR-01,F-PAR-02,-20.8,43.2,0
2026-05-14T18:00:00Z,S-PAR-01,F-PAR-02,-19.1,48.4,0
2026-05-15T00:00:00Z,S-PAR-01,F-PAR-02,-20.4,47.2,0
2026-05-15T06:00:00Z,S-PAR-01,F-PAR-02,-20.4,38.5,0
2026-05-15T12:00:00Z,S-PAR-01,F-PAR-02,-20.8,40.0,0
2026-05-15T18:00:00Z,S-PAR-01,F-PAR-02,-19.1,51.8,0
2026-05-16T00:00:00Z,S-PAR-01,F-PAR-02,-20.8,46.9,0
2026-05-16T06:00:00Z,S-PAR-01,F-PAR-02,-19.1,49.1,0
2026-05-16T12:00:00Z,S-PAR-01,F-PAR-02,-19.2,51.0,0
2026-05-16T18:00:00Z,S-PAR-01,F-PAR-02,-20.8,48.1,0
2026-05-17T00:00:00Z,S-PAR-01,F-PAR-02,-19.2,47.7,0
2026-05-17T06:00:00Z,S-PAR-01,F-PAR-02,-20.5,38.3,0
2026-05-17T12:00:00Z,S-PAR-01,F-PAR-02,-19.9,38.9,0
2026-05-17T18:00:00Z,S-PAR-01,F-PAR-02,-20.6,43.6,0
2026-05-18T00:00:00Z,S-PAR-01,F-PAR-02,-20.9,44.1,0
2026-05-18T06:00:00Z,S-PAR-01,F-PAR-02,-20.1,40.5,0
2026-05-18T12:00:00Z,S-PAR-01,F-PAR-02,-21.0,50.6,0
2026-05-18T18:00:00Z,S-PAR-01,F-PAR-02,-19.1,50.3,0
2026-05-19T00:00:00Z,S-PAR-01,F-PAR-02,-19.6,40.8,0
2026-05-19T06:00:00Z,S-PAR-01,F-PAR-02,-20.5,47.4,0
2026-05-19T12:00:00Z,S-PAR-01,F-PAR-02,-19.1,40.6,0
2026-05-19T18:00:00Z,S-PAR-01,F-PAR-02,-19.4,51.9,1
2026-05-20T00:00:00Z,S-PAR-01,F-PAR-02,-19.9,50.0,0
2026-05-20T06:00:00Z,S-PAR-01,F-PAR-02,-19.9,47.8,0
2026-05-20T12:00:00Z,S-PAR-01,F-PAR-02,-19.4,48.0,0
2026-05-20T18:00:00Z,S-PAR-01,F-PAR-02,-20.4,39.2,0
2026-05-21T00:00:00Z,S-PAR-01,F-PAR-02,-19.4,45.6,0
2026-05-21T06:00:00Z,S-PAR-01,F-PAR-02,-20.3,50.6,0
2026-05-21T12:00:00Z,S-PAR-01,F-PAR-02,-19.5,45.6,0
2026-05-21T18:00:00Z,S-PAR-01,F-PAR-02,-19.7,43.7,0
2026-05-22T00:00:00Z,S-PAR-01,F-PAR-02,-20.3,51.8,0
2026-05-22T06:00:00Z,S-PAR-01,F-PAR-02,-19.5,40.1,0
2026-05-22T12:00:00Z,S-PAR-01,F-PAR-02,-19.7,50.5,0
2026-05-22T18:00:00Z,S-PAR-01,F-PAR-02,-20.2,51.5,1
2026-05-23T00:00:00Z,S-PAR-01,F-PAR-02,-20.5,39.9,0
2026-05-23T06:00:00Z,S-PAR-01,F-PAR-02,-19.2,47.0,0
2026-05-23T12:00:00Z,S-PAR-01,F-PAR-02,-20.1,45.5,0
2026-05-23T18:00:00Z,S-PAR-01,F-PAR-02,-19.2,42.8,0
2026-05-24T00:00:00Z,S-PAR-01,F-PAR-02,-19.0,40.0,0
2026-05-24T06:00:00Z,S-PAR-01,F-PAR-02,-20.3,46.9,0
2026-05-24T12:00:00Z,S-PAR-01,F-PAR-02,-19.5,49.9,0
2026-05-24T18:00:00Z,S-PAR-01,F-PAR-02,-19.0,49.1,0
2026-05-25T00:00:00Z,S-PAR-01,F-PAR-02,-20.2,49.5,0
2026-05-25T06:00:00Z,S-PAR-01,F-PAR-02,-19.2,51.9,0
2026-05-25T12:00:00Z,S-PAR-01,F-PAR-02,-19.9,45.3,0
2026-05-25T18:00:00Z,S-PAR-01,F-PAR-02,-20.5,45.7,0
2026-05-26T00:00:00Z,S-PAR-01,F-PAR-02,-19.5,47.6,0
2026-05-26T06:00:00Z,S-PAR-01,F-PAR-02,-19.4,44.8,0
2026-05-26T12:00:00Z,S-PAR-01,F-PAR-02,-20.3,49.7,0
2026-05-26T18:00:00Z,S-PAR-01,F-PAR-02,-19.1,45.3,0
2026-05-27T00:00:00Z,S-PAR-01,F-PAR-02,-20.6,42.9,0
2026-05-27T06:00:00Z,S-PAR-01,F-PAR-02,-20.2,48.5,0
2026-05-27T12:00:00Z,S-PAR-01,F-PAR-02,-20.8,47.0,0
2026-05-27T18:00:00Z,S-PAR-01,F-PAR-02,-19.3,50.5,0
2026-05-28T00:00:00Z,S-PAR-01,F-PAR-02,-21.0,49.1,0
2026-05-28T06:00:00Z,S-PAR-01,F-PAR-02,-20.0,39.5,0
2026-05-28T12:00:00Z,S-PAR-01,F-PAR-02,-20.7,39.0,0
2026-05-28T18:00:00Z,S-PAR-01,F-PAR-02,-20.5,43.7,0
2026-05-29T00:00:00Z,S-PAR-01,F-PAR-02,-19.9,39.4,0
2026-05-29T06:00:00Z,S-PAR-01,F-PAR-02,-19.4,38.3,0
2026-05-29T12:00:00Z,S-PAR-01,F-PAR-02,-20.9,39.7,0
2026-05-29T18:00:00Z,S-PAR-01,F-PAR-02,-19.4,39.0,0
2026-05-30T00:00:00Z,S-PAR-01,F-PAR-02,-19.1,43.9,0
2026-05-30T06:00:00Z,S-PAR-01,F-PAR-02,-20.3,43.6,0
2026-05-30T12:00:00Z,S-PAR-01,F-PAR-02,-19.6,42.2,0
2026-05-30T18:00:00Z,S-PAR-01,F-PAR-02,-20.6,44.0,0
2026-05-31T00:00:00Z,S-PAR-01,F-PAR-02,-20.0,46.6,0
2026-05-31T06:00:00Z,S-PAR-01,F-PAR-02,-20.9,44.9,0
2026-05-31T12:00:00Z,S-PAR-01,F-PAR-02,-20.9,42.5,1
2026-05-31T18:00:00Z,S-PAR-01,F-PAR-02,-19.6,50.1,0
2026-06-01T00:00:00Z,S-PAR-01,F-PAR-02,-19.9,39.4,0
2026-06-01T06:00:00Z,S-PAR-01,F-PAR-02,-19.6,46.7,0
2026-06-01T12:00:00Z,S-PAR-01,F-PAR-02,-20.3,51.6,0
2026-06-01T18:00:00Z,S-PAR-01,F-PAR-02,-20.9,38.5,0
2026-06-02T00:00:00Z,S-PAR-01,F-PAR-02,-19.2,44.6,0
2026-06-02T06:00:00Z,S-PAR-01,F-PAR-02,-19.9,39.2,0
2026-06-02T12:00:00Z,S-PAR-01,F-PAR-02,-19.6,48.0,0
2026-06-02T18:00:00Z,S-PAR-01,F-PAR-02,-20.1,48.5,0
2026-06-03T00:00:00Z,S-PAR-01,F-PAR-02,-19.0,38.5,0
2026-06-03T06:00:00Z,S-PAR-01,F-PAR-02,-20.4,48.9,0
2026-06-03T12:00:00Z,S-PAR-01,F-PAR-02,-19.3,41.0,0
2026-06-03T18:00:00Z,S-PAR-01,F-PAR-02,-21.0,39.8,0
2026-01-01T00:00:00Z,S-BER-01,F-BER-02,-19.4,51.1,0
2026-01-01T06:00:00Z,S-BER-01,F-BER-02,-20.1,45.0,0
2026-01-01T12:00:00Z,S-BER-01,F-BER-02,-20.1,47.8,0
2026-01-01T18:00:00Z,S-BER-01,F-BER-02,-19.2,47.2,1
2026-01-02T00:00:00Z,S-BER-01,F-BER-02,-19.8,47.8,0
2026-01-02T06:00:00Z,S-BER-01,F-BER-02,-20.0,50.6,0
2026-01-02T12:00:00Z,S-BER-01,F-BER-02,-20.4,40.3,0
2026-01-02T18:00:00Z,S-BER-01,F-BER-02,-20.3,39.5,0
2026-01-03T00:00:00Z,S-BER-01,F-BER-02,-19.3,40.8,0
2026-01-03T06:00:00Z,S-BER-01,F-BER-02,-20.0,38.1,0
2026-01-03T12:00:00Z,S-BER-01,F-BER-02,-19.4,49.3,0
2026-01-03T18:00:00Z,S-BER-01,F-BER-02,-19.5,38.6,0
2026-01-04T00:00:00Z,S-BER-01,F-BER-02,-20.3,47.6,0
2026-01-04T06:00:00Z,S-BER-01,F-BER-02,-19.3,41.2,0
2026-01-04T12:00:00Z,S-BER-01,F-BER-02,-20.1,47.8,0
2026-01-04T18:00:00Z,S-BER-01,F-BER-02,-20.8,39.9,0
2026-01-05T00:00:00Z,S-BER-01,F-BER-02,-19.1,45.9,0
2026-01-05T06:00:00Z,S-BER-01,F-BER-02,-20.1,43.1,0
2026-01-05T12:00:00Z,S-BER-01,F-BER-02,-19.6,38.3,0
2026-01-05T18:00:00Z,S-BER-01,F-BER-02,-19.6,46.9,1
2026-01-06T00:00:00Z,S-BER-01,F-BER-02,-20.1,41.9,0
2026-01-06T06:00:00Z,S-BER-01,F-BER-02,-19.9,43.9,0
2026-01-06T12:00:00Z,S-BER-01,F-BER-02,-20.9,41.7,0
2026-01-06T18:00:00Z,S-BER-01,F-BER-02,-20.3,43.6,0
2026-01-07T00:00:00Z,S-BER-01,F-BER-02,-19.2,50.3,0
2026-01-07T06:00:00Z,S-BER-01,F-BER-02,-20.8,40.3,0
2026-01-07T12:00:00Z,S-BER-01,F-BER-02,-19.9,47.3,0
2026-01-07T18:00:00Z,S-BER-01,F-BER-02,-19.0,43.2,0
2026-01-08T00:00:00Z,S-BER-01,F-BER-02,-20.9,49.1,0
2026-01-08T06:00:00Z,S-BER-01,F-BER-02,-20.6,43.8,0
2026-01-08T12:00:00Z,S-BER-01,F-BER-02,-19.9,41.3,0
2026-01-08T18:00:00Z,S-BER-01,F-BER-02,-20.7,47.8,1
2026-01-09T00:00:00Z,S-BER-01,F-BER-02,-20.9,49.0,0
2026-01-09T06:00:00Z,S-BER-01,F-BER-02,-20.8,47.3,0
2026-01-09T12:00:00Z,S-BER-01,F-BER-02,-19.8,38.1,0
2026-01-09T18:00:00Z,S-BER-01,F-BER-02,-20.7,50.9,0
2026-01-10T00:00:00Z,S-BER-01,F-BER-02,-19.4,40.6,0
2026-01-10T06:00:00Z,S-BER-01,F-BER-02,-20.1,44.7,0
2026-01-10T12:00:00Z,S-BER-01,F-BER-02,-20.8,43.4,0
2026-01-10T18:00:00Z,S-BER-01,F-BER-02,-19.9,49.3,0
2026-01-11T00:00:00Z,S-BER-01,F-BER-02,-20.7,45.1,0
2026-01-11T06:00:00Z,S-BER-01,F-BER-02,-19.3,39.0,0
2026-01-11T12:00:00Z,S-BER-01,F-BER-02,-20.0,51.8,0
2026-01-11T18:00:00Z,S-BER-01,F-BER-02,-20.5,48.5,0
2026-01-12T00:00:00Z,S-BER-01,F-BER-02,-20.3,41.2,0
2026-01-12T06:00:00Z,S-BER-01,F-BER-02,-20.5,38.8,0
2026-01-12T12:00:00Z,S-BER-01,F-BER-02,-20.1,50.2,0
2026-01-12T18:00:00Z,S-BER-01,F-BER-02,-20.9,47.4,0
2026-01-13T00:00:00Z,S-BER-01,F-BER-02,-20.2,46.5,0
2026-01-13T06:00:00Z,S-BER-01,F-BER-02,-19.3,48.5,0
2026-01-13T12:00:00Z,S-BER-01,F-BER-02,-20.7,46.6,0
2026-01-13T18:00:00Z,S-BER-01,F-BER-02,-19.2,47.0,0
2026-01-14T00:00:00Z,S-BER-01,F-BER-02,-20.7,46.4,0
2026-01-14T06:00:00Z,S-BER-01,F-BER-02,-20.4,48.8,0
2026-01-14T12:00:00Z,S-BER-01,F-BER-02,-20.1,38.4,1
2026-01-14T18:00:00Z,S-BER-01,F-BER-02,-20.8,50.5,0
2026-01-15T00:00:00Z,S-BER-01,F-BER-02,-19.7,43.2,0
2026-01-15T06:00:00Z,S-BER-01,F-BER-02,-20.2,44.5,0
2026-01-15T12:00:00Z,S-BER-01,F-BER-02,-19.4,50.8,0
2026-01-15T18:00:00Z,S-BER-01,F-BER-02,-19.9,42.6,0
2026-01-16T00:00:00Z,S-BER-01,F-BER-02,-19.1,45.2,0
2026-01-16T06:00:00Z,S-BER-01,F-BER-02,-20.2,50.2,0
2026-01-16T12:00:00Z,S-BER-01,F-BER-02,-19.6,47.7,0
2026-01-16T18:00:00Z,S-BER-01,F-BER-02,-19.8,47.3,0
2026-01-17T00:00:00Z,S-BER-01,F-BER-02,-20.1,39.3,0
2026-01-17T06:00:00Z,S-BER-01,F-BER-02,-20.0,42.8,0
2026-01-17T12:00:00Z,S-BER-01,F-BER-02,-20.0,46.8,0
2026-01-17T18:00:00Z,S-BER-01,F-BER-02,-20.5,41.8,0
2026-01-18T00:00:00Z,S-BER-01,F-BER-02,-20.0,42.4,0
2026-01-18T06:00:00Z,S-BER-01,F-BER-02,-19.2,50.7,0
2026-01-18T12:00:00Z,S-BER-01,F-BER-02,-19.9,42.9,0
2026-01-18T18:00:00Z,S-BER-01,F-BER-02,-19.3,45.2,0
2026-01-19T00:00:00Z,S-BER-01,F-BER-02,-20.5,43.9,0
2026-01-19T06:00:00Z,S-BER-01,F-BER-02,-19.7,48.8,0
2026-01-19T12:00:00Z,S-BER-01,F-BER-02,-19.2,39.9,0
2026-01-19T18:00:00Z,S-BER-01,F-BER-02,-20.4,47.6,0
2026-01-20T00:00:00Z,S-BER-01,F-BER-02,-19.9,42.5,0
2026-01-20T06:00:00Z,S-BER-01,F-BER-02,-19.4,46.1,0
2026-01-20T12:00:00Z,S-BER-01,F-BER-02,-20.7,48.1,0
2026-01-20T18:00:00Z,S-BER-01,F-BER-02,-19.7,40.9,0
2026-01-21T00:00:00Z,S-BER-01,F-BER-02,-19.3,40.6,0
2026-01-21T06:00:00Z,S-BER-01,F-BER-02,-19.7,45.0,0
2026-01-21T12:00:00Z,S-BER-01,F-BER-02,-20.5,44.8,0
2026-01-21T18:00:00Z,S-BER-01,F-BER-02,-19.9,45.5,0
2026-01-22T00:00:00Z,S-BER-01,F-BER-02,-19.8,41.5,0
2026-01-22T06:00:00Z,S-BER-01,F-BER-02,-19.1,49.4,0
2026-01-22T12:00:00Z,S-BER-01,F-BER-02,-19.0,38.0,0
2026-01-22T18:00:00Z,S-BER-01,F-BER-02,-19.1,51.0,0
2026-01-23T00:00:00Z,S-BER-01,F-BER-02,-19.0,46.2,0
2026-01-23T06:00:00Z,S-BER-01,F-BER-02,-20.4,45.9,0
2026-01-23T12:00:00Z,S-BER-01,F-BER-02,-20.6,38.7,0
2026-01-23T18:00:00Z,S-BER-01,F-BER-02,-19.0,46.3,0
2026-01-24T00:00:00Z,S-BER-01,F-BER-02,-20.2,39.7,0
2026-01-24T06:00:00Z,S-BER-01,F-BER-02,-20.6,43.1,0
2026-01-24T12:00:00Z,S-BER-01,F-BER-02,-19.4,38.8,0
2026-01-24T18:00:00Z,S-BER-01,F-BER-02,-20.4,45.7,0
2026-01-25T00:00:00Z,S-BER-01,F-BER-02,-19.4,51.0,0
2026-01-25T06:00:00Z,S-BER-01,F-BER-02,-19.6,40.9,0
2026-01-25T12:00:00Z,S-BER-01,F-BER-02,-19.2,45.9,1
2026-01-25T18:00:00Z,S-BER-01,F-BER-02,-20.3,46.7,0
2026-01-26T00:00:00Z,S-BER-01,F-BER-02,-20.1,41.2,0
2026-01-26T06:00:00Z,S-BER-01,F-BER-02,-19.8,46.0,0
2026-01-26T12:00:00Z,S-BER-01,F-BER-02,-20.5,45.7,0
2026-01-26T18:00:00Z,S-BER-01,F-BER-02,-20.7,45.8,0
2026-01-27T00:00:00Z,S-BER-01,F-BER-02,-20.6,49.3,0
2026-01-27T06:00:00Z,S-BER-01,F-BER-02,-19.3,40.8,0
2026-01-27T12:00:00Z,S-BER-01,F-BER-02,-19.8,51.4,1
2026-01-27T18:00:00Z,S-BER-01,F-BER-02,-19.5,51.7,0
2026-01-28T00:00:00Z,S-BER-01,F-BER-02,-20.0,39.3,0
2026-01-28T06:00:00Z,S-BER-01,F-BER-02,-19.3,41.1,0
2026-01-28T12:00:00Z,S-BER-01,F-BER-02,-20.1,40.3,0
2026-01-28T18:00:00Z,S-BER-01,F-BER-02,-20.6,39.5,0
2026-01-29T00:00:00Z,S-BER-01,F-BER-02,-20.4,46.1,0
2026-01-29T06:00:00Z,S-BER-01,F-BER-02,-19.8,43.4,0
2026-01-29T12:00:00Z,S-BER-01,F-BER-02,-20.6,39.4,1
2026-01-29T18:00:00Z,S-BER-01,F-BER-02,-19.6,44.2,0
2026-01-30T00:00:00Z,S-BER-01,F-BER-02,-20.2,46.6,0
2026-01-30T06:00:00Z,S-BER-01,F-BER-02,-20.2,45.6,0
2026-01-30T12:00:00Z,S-BER-01,F-BER-02,-20.5,50.3,0
2026-01-30T18:00:00Z,S-BER-01,F-BER-02,-19.4,45.3,0
2026-01-31T00:00:00Z,S-BER-01,F-BER-02,-20.0,46.6,0
2026-01-31T06:00:00Z,S-BER-01,F-BER-02,-19.3,46.5,0
2026-01-31T12:00:00Z,S-BER-01,F-BER-02,-20.3,47.8,0
2026-01-31T18:00:00Z,S-BER-01,F-BER-02,-19.6,43.3,0
2026-02-01T00:00:00Z,S-BER-01,F-BER-02,-20.6,42.4,0
2026-02-01T06:00:00Z,S-BER-01,F-BER-02,-20.2,41.5,0
2026-02-01T12:00:00Z,S-BER-01,F-BER-02,-20.4,41.2,0
2026-02-01T18:00:00Z,S-BER-01,F-BER-02,-20.1,38.3,0
2026-02-02T00:00:00Z,S-BER-01,F-BER-02,-20.5,47.8,0
2026-02-02T06:00:00Z,S-BER-01,F-BER-02,-20.1,49.2,0
2026-02-02T12:00:00Z,S-BER-01,F-BER-02,-20.2,42.8,0
2026-02-02T18:00:00Z,S-BER-01,F-BER-02,-20.0,48.1,0
2026-02-03T00:00:00Z,S-BER-01,F-BER-02,-20.8,41.6,0
2026-02-03T06:00:00Z,S-BER-01,F-BER-02,-20.5,43.1,0
2026-02-03T12:00:00Z,S-BER-01,F-BER-02,-19.0,44.7,0
2026-02-03T18:00:00Z,S-BER-01,F-BER-02,-19.3,47.0,0
2026-02-04T00:00:00Z,S-BER-01,F-BER-02,-19.4,49.8,0
2026-02-04T06:00:00Z,S-BER-01,F-BER-02,-19.0,43.1,0
2026-02-04T12:00:00Z,S-BER-01,F-BER-02,-19.5,39.3,0
2026-02-04T18:00:00Z,S-BER-01,F-BER-02,-20.8,47.7,1
2026-02-05T00:00:00Z,S-BER-01,F-BER-02,-20.0,56.2,1
2026-02-05T06:00:00Z,S-BER-01,F-BER-02,-13.5,69.0,1
2026-02-05T12:00:00Z,S-BER-01,F-BER-02,-20.0,61.8,1
2026-02-05T18:00:00Z,S-BER-01,F-BER-02,-20.4,50.0,0
2026-02-06T00:00:00Z,S-BER-01,F-BER-02,-19.2,41.2,0
2026-02-06T06:00:00Z,S-BER-01,F-BER-02,-20.4,45.3,0
2026-02-06T12:00:00Z,S-BER-01,F-BER-02,-20.5,39.3,1
2026-02-06T18:00:00Z,S-BER-01,F-BER-02,-19.7,49.0,0
2026-02-07T00:00:00Z,S-BER-01,F-BER-02,-19.1,40.5,0
2026-02-07T06:00:00Z,S-BER-01,F-BER-02,-19.9,51.2,0
2026-02-07T12:00:00Z,S-BER-01,F-BER-02,-19.2,41.3,0
2026-02-07T18:00:00Z,S-BER-01,F-BER-02,-20.6,48.0,1
2026-02-08T00:00:00Z,S-BER-01,F-BER-02,-20.8,49.4,0
2026-02-08T06:00:00Z,S-BER-01,F-BER-02,-20.6,39.7,0
2026-02-08T12:00:00Z,S-BER-01,F-BER-02,-20.1,48.7,0
2026-02-08T18:00:00Z,S-BER-01,F-BER-02,-20.7,51.1,0
2026-02-09T00:00:00Z,S-BER-01,F-BER-02,-21.0,50.0,0
2026-02-09T06:00:00Z,S-BER-01,F-BER-02,-19.5,45.2,0
2026-02-09T12:00:00Z,S-BER-01,F-BER-02,-21.0,45.1,1
2026-02-09T18:00:00Z,S-BER-01,F-BER-02,-20.7,38.7,0
2026-02-10T00:00:00Z,S-BER-01,F-BER-02,-20.7,50.1,0
2026-02-10T06:00:00Z,S-BER-01,F-BER-02,-19.3,46.0,0
2026-02-10T12:00:00Z,S-BER-01,F-BER-02,-20.4,41.4,0
2026-02-10T18:00:00Z,S-BER-01,F-BER-02,-20.8,41.5,0
2026-02-11T00:00:00Z,S-BER-01,F-BER-02,-19.5,38.9,0
2026-02-11T06:00:00Z,S-BER-01,F-BER-02,-20.2,38.0,0
2026-02-11T12:00:00Z,S-BER-01,F-BER-02,-20.1,49.2,0
2026-02-11T18:00:00Z,S-BER-01,F-BER-02,-20.2,45.6,0
2026-02-12T00:00:00Z,S-BER-01,F-BER-02,-19.9,51.5,0
2026-02-12T06:00:00Z,S-BER-01,F-BER-02,-19.1,43.0,0
2026-02-12T12:00:00Z,S-BER-01,F-BER-02,-19.8,48.1,0
2026-02-12T18:00:00Z,S-BER-01,F-BER-02,-20.0,66.3,1
2026-02-13T00:00:00Z,S-BER-01,F-BER-02,-15.2,62.9,1
2026-02-13T06:00:00Z,S-BER-01,F-BER-02,-11.4,61.1,1
2026-02-13T12:00:00Z,S-BER-01,F-BER-02,-9.3,62.5,1
2026-02-13T18:00:00Z,S-BER-01,F-BER-02,-9.3,62.5,1
2026-02-14T00:00:00Z,S-BER-01,F-BER-02,-11.4,67.1,1
2026-02-14T06:00:00Z,S-BER-01,F-BER-02,-15.2,58.1,1
2026-02-14T12:00:00Z,S-BER-01,F-BER-02,-20.0,64.0,1
2026-02-14T18:00:00Z,S-BER-01,F-BER-02,-20.3,42.2,0
2026-02-15T00:00:00Z,S-BER-01,F-BER-02,-20.2,43.3,0
2026-02-15T06:00:00Z,S-BER-01,F-BER-02,-20.3,42.4,0
2026-02-15T12:00:00Z,S-BER-01,F-BER-02,-20.6,38.2,0
2026-02-15T18:00:00Z,S-BER-01,F-BER-02,-19.7,40.1,0
2026-02-16T00:00:00Z,S-BER-01,F-BER-02,-19.4,48.5,0
2026-02-16T06:00:00Z,S-BER-01,F-BER-02,-19.7,42.2,0
2026-02-16T12:00:00Z,S-BER-01,F-BER-02,-20.5,38.2,0
2026-02-16T18:00:00Z,S-BER-01,F-BER-02,-20.1,44.8,0
2026-02-17T00:00:00Z,S-BER-01,F-BER-02,-20.1,50.4,0
2026-02-17T06:00:00Z,S-BER-01,F-BER-02,-20.1,43.8,0
2026-02-17T12:00:00Z,S-BER-01,F-BER-02,-20.9,51.3,0
2026-02-17T18:00:00Z,S-BER-01,F-BER-02,-19.2,42.1,1
2026-02-18T00:00:00Z,S-BER-01,F-BER-02,-20.1,43.4,0
2026-02-18T06:00:00Z,S-BER-01,F-BER-02,-19.7,44.1,0
2026-02-18T12:00:00Z,S-BER-01,F-BER-02,-19.8,43.0,0
2026-02-18T18:00:00Z,S-BER-01,F-BER-02,-20.0,51.1,0
2026-02-19T00:00:00Z,S-BER-01,F-BER-02,-20.0,42.9,0
2026-02-19T06:00:00Z,S-BER-01,F-BER-02,-20.6,50.9,0
2026-02-19T12:00:00Z,S-BER-01,F-BER-02,-20.7,51.9,0
2026-02-19T18:00:00Z,S-BER-01,F-BER-02,-19.6,41.8,1
2026-02-20T00:00:00Z,S-BER-01,F-BER-02,-20.6,45.3,0
2026-02-20T06:00:00Z,S-BER-01,F-BER-02,-21.0,43.6,0
2026-02-20T12:00:00Z,S-BER-01,F-BER-02,-19.4,44.4,0
2026-02-20T18:00:00Z,S-BER-01,F-BER-02,-20.4,38.7,0
2026-02-21T00:00:00Z,S-BER-01,F-BER-02,-20.8,44.1,0
2026-02-21T06:00:00Z,S-BER-01,F-BER-02,-20.0,48.7,0
2026-02-21T12:00:00Z,S-BER-01,F-BER-02,-20.9,48.9,0
2026-02-21T18:00:00Z,S-BER-01,F-BER-02,-19.9,38.9,0
2026-02-22T00:00:00Z,S-BER-01,F-BER-02,-19.1,43.3,0
2026-02-22T06:00:00Z,S-BER-01,F-BER-02,-19.7,44.2,0
2026-02-22T12:00:00Z,S-BER-01,F-BER-02,-19.6,41.7,0
2026-02-22T18:00:00Z,S-BER-01,F-BER-02,-19.2,39.3,0
2026-02-23T00:00:00Z,S-BER-01,F-BER-02,-20.2,38.6,0
2026-02-23T06:00:00Z,S-BER-01,F-BER-02,-20.4,51.3,0
2026-02-23T12:00:00Z,S-BER-01,F-BER-02,-20.6,46.0,0
2026-02-23T18:00:00Z,S-BER-01,F-BER-02,-19.3,40.1,0
2026-02-24T00:00:00Z,S-BER-01,F-BER-02,-20.5,50.8,0
2026-02-24T06:00:00Z,S-BER-01,F-BER-02,-21.0,38.9,0
2026-02-24T12:00:00Z,S-BER-01,F-BER-02,-19.3,41.7,0
2026-02-24T18:00:00Z,S-BER-01,F-BER-02,-20.9,44.6,0
2026-02-25T00:00:00Z,S-BER-01,F-BER-02,-19.2,44.9,0
2026-02-25T06:00:00Z,S-BER-01,F-BER-02,-20.8,44.4,0
2026-02-25T12:00:00Z,S-BER-01,F-BER-02,-19.2,46.6,0
2026-02-25T18:00:00Z,S-BER-01,F-BER-02,-19.3,51.4,0
2026-02-26T00:00:00Z,S-BER-01,F-BER-02,-19.9,50.4,0
2026-02-26T06:00:00Z,S-BER-01,F-BER-02,-19.4,42.6,0
2026-02-26T12:00:00Z,S-BER-01,F-BER-02,-19.7,45.4,0
2026-02-26T18:00:00Z,S-BER-01,F-BER-02,-19.3,46.3,0
2026-02-27T00:00:00Z,S-BER-01,F-BER-02,-19.4,48.9,0
2026-02-27T06:00:00Z,S-BER-01,F-BER-02,-20.5,49.4,0
2026-02-27T12:00:00Z,S-BER-01,F-BER-02,-20.1,41.8,0
2026-02-27T18:00:00Z,S-BER-01,F-BER-02,-20.4,51.6,0
2026-02-28T00:00:00Z,S-BER-01,F-BER-02,-20.9,46.3,0
2026-02-28T06:00:00Z,S-BER-01,F-BER-02,-19.4,41.6,0
2026-02-28T12:00:00Z,S-BER-01,F-BER-02,-19.4,45.8,0
2026-02-28T18:00:00Z,S-BER-01,F-BER-02,-20.6,51.4,0
2026-03-01T00:00:00Z,S-BER-01,F-BER-02,-20.7,39.4,0
2026-03-01T06:00:00Z,S-BER-01,F-BER-02,-19.9,43.1,0
2026-03-01T12:00:00Z,S-BER-01,F-BER-02,-19.5,43.9,0
2026-03-01T18:00:00Z,S-BER-01,F-BER-02,-20.8,40.3,0
2026-03-02T00:00:00Z,S-BER-01,F-BER-02,-19.1,38.9,0
2026-03-02T06:00:00Z,S-BER-01,F-BER-02,-20.4,50.5,0
2026-03-02T12:00:00Z,S-BER-01,F-BER-02,-20.1,49.4,0
2026-03-02T18:00:00Z,S-BER-01,F-BER-02,-20.1,38.4,0
2026-03-03T00:00:00Z,S-BER-01,F-BER-02,-20.8,41.3,0
2026-03-03T06:00:00Z,S-BER-01,F-BER-02,-19.2,44.9,0
2026-03-03T12:00:00Z,S-BER-01,F-BER-02,-19.1,46.2,0
2026-03-03T18:00:00Z,S-BER-01,F-BER-02,-19.3,42.0,0
2026-03-04T00:00:00Z,S-BER-01,F-BER-02,-20.7,40.2,0
2026-03-04T06:00:00Z,S-BER-01,F-BER-02,-20.3,43.3,0
2026-03-04T12:00:00Z,S-BER-01,F-BER-02,-20.8,39.1,0
2026-03-04T18:00:00Z,S-BER-01,F-BER-02,-21.0,45.6,0
2026-03-05T00:00:00Z,S-BER-01,F-BER-02,-20.8,51.6,0
2026-03-05T06:00:00Z,S-BER-01,F-BER-02,-19.4,47.1,0
2026-03-05T12:00:00Z,S-BER-01,F-BER-02,-19.0,38.0,0
2026-03-05T18:00:00Z,S-BER-01,F-BER-02,-20.7,51.8,0
2026-03-06T00:00:00Z,S-BER-01,F-BER-02,-19.6,49.6,0
2026-03-06T06:00:00Z,S-BER-01,F-BER-02,-20.3,46.0,0
2026-03-06T12:00:00Z,S-BER-01,F-BER-02,-20.9,50.5,0
2026-03-06T18:00:00Z,S-BER-01,F-BER-02,-20.9,46.2,0
2026-03-07T00:00:00Z,S-BER-01,F-BER-02,-19.8,49.5,0
2026-03-07T06:00:00Z,S-BER-01,F-BER-02,-20.6,40.4,0
2026-03-07T12:00:00Z,S-BER-01,F-BER-02,-20.2,51.9,1
2026-03-07T18:00:00Z,S-BER-01,F-BER-02,-19.8,46.6,0
2026-03-08T00:00:00Z,S-BER-01,F-BER-02,-19.3,42.0,0
2026-03-08T06:00:00Z,S-BER-01,F-BER-02,-20.9,46.5,0
2026-03-08T12:00:00Z,S-BER-01,F-BER-02,-20.5,47.0,0
2026-03-08T18:00:00Z,S-BER-01,F-BER-02,-20.8,46.5,0
2026-03-09T00:00:00Z,S-BER-01,F-BER-02,-20.9,49.9,0
2026-03-09T06:00:00Z,S-BER-01,F-BER-02,-19.7,47.7,0
2026-03-09T12:00:00Z,S-BER-01,F-BER-02,-19.4,43.0,0
2026-03-09T18:00:00Z,S-BER-01,F-BER-02,-20.4,47.9,0
2026-03-10T00:00:00Z,S-BER-01,F-BER-02,-19.4,41.3,0
2026-03-10T06:00:00Z,S-BER-01,F-BER-02,-19.0,42.3,0
2026-03-10T12:00:00Z,S-BER-01,F-BER-02,-20.3,41.4,0
2026-03-10T18:00:00Z,S-BER-01,F-BER-02,-20.7,39.1,0
2026-03-11T00:00:00Z,S-BER-01,F-BER-02,-20.8,39.5,0
2026-03-11T06:00:00Z,S-BER-01,F-BER-02,-20.1,40.1,0
2026-03-11T12:00:00Z,S-BER-01,F-BER-02,-20.9,48.8,0
2026-03-11T18:00:00Z,S-BER-01,F-BER-02,-19.8,48.1,0
2026-03-12T00:00:00Z,S-BER-01,F-BER-02,-20.8,47.0,0
2026-03-12T06:00:00Z,S-BER-01,F-BER-02,-19.1,45.7,0
2026-03-12T12:00:00Z,S-BER-01,F-BER-02,-19.8,51.1,0
2026-03-12T18:00:00Z,S-BER-01,F-BER-02,-20.1,38.5,0
2026-03-13T00:00:00Z,S-BER-01,F-BER-02,-20.6,38.9,0
2026-03-13T06:00:00Z,S-BER-01,F-BER-02,-20.9,49.9,0
2026-03-13T12:00:00Z,S-BER-01,F-BER-02,-20.5,40.6,0
2026-03-13T18:00:00Z,S-BER-01,F-BER-02,-19.7,43.6,0
2026-03-14T00:00:00Z,S-BER-01,F-BER-02,-20.4,39.9,0
2026-03-14T06:00:00Z,S-BER-01,F-BER-02,-20.3,51.5,0
2026-03-14T12:00:00Z,S-BER-01,F-BER-02,-20.2,42.4,0
2026-03-14T18:00:00Z,S-BER-01,F-BER-02,-19.9,47.8,1
2026-03-15T00:00:00Z,S-BER-01,F-BER-02,-19.4,51.4,0
2026-03-15T06:00:00Z,S-BER-01,F-BER-02,-20.2,44.8,0
2026-03-15T12:00:00Z,S-BER-01,F-BER-02,-19.0,40.1,0
2026-03-15T18:00:00Z,S-BER-01,F-BER-02,-20.5,46.5,0
2026-03-16T00:00:00Z,S-BER-01,F-BER-02,-19.2,48.1,0
2026-03-16T06:00:00Z,S-BER-01,F-BER-02,-20.2,48.8,0
2026-03-16T12:00:00Z,S-BER-01,F-BER-02,-19.7,48.0,0
2026-03-16T18:00:00Z,S-BER-01,F-BER-02,-20.3,38.0,0
2026-03-17T00:00:00Z,S-BER-01,F-BER-02,-19.4,45.0,0
2026-03-17T06:00:00Z,S-BER-01,F-BER-02,-20.6,42.7,0
2026-03-17T12:00:00Z,S-BER-01,F-BER-02,-19.7,48.3,0
2026-03-17T18:00:00Z,S-BER-01,F-BER-02,-19.9,50.5,0
2026-03-18T00:00:00Z,S-BER-01,F-BER-02,-19.8,46.6,0
2026-03-18T06:00:00Z,S-BER-01,F-BER-02,-20.1,51.3,0
2026-03-18T12:00:00Z,S-BER-01,F-BER-02,-19.4,44.4,0
2026-03-18T18:00:00Z,S-BER-01,F-BER-02,-19.9,45.5,0
2026-03-19T00:00:00Z,S-BER-01,F-BER-02,-20.9,42.7,0
2026-03-19T06:00:00Z,S-BER-01,F-BER-02,-20.2,46.8,0
2026-03-19T12:00:00Z,S-BER-01,F-BER-02,-19.4,44.6,0
2026-03-19T18:00:00Z,S-BER-01,F-BER-02,-19.1,50.8,0
2026-03-20T00:00:00Z,S-BER-01,F-BER-02,-20.5,42.4,0
2026-03-20T06:00:00Z,S-BER-01,F-BER-02,-19.8,44.3,0
2026-03-20T12:00:00Z,S-BER-01,F-BER-02,-20.4,47.1,1
2026-03-20T18:00:00Z,S-BER-01,F-BER-02,-20.5,50.7,0
2026-03-21T00:00:00Z,S-BER-01,F-BER-02,-20.5,45.4,0
2026-03-21T06:00:00Z,S-BER-01,F-BER-02,-20.9,51.3,0
2026-03-21T12:00:00Z,S-BER-01,F-BER-02,-20.1,43.6,0
2026-03-21T18:00:00Z,S-BER-01,F-BER-02,-19.1,49.2,0
2026-03-22T00:00:00Z,S-BER-01,F-BER-02,-19.4,45.7,0
2026-03-22T06:00:00Z,S-BER-01,F-BER-02,-20.2,45.0,0
2026-03-22T12:00:00Z,S-BER-01,F-BER-02,-19.1,49.1,0
2026-03-22T18:00:00Z,S-BER-01,F-BER-02,-20.4,46.4,1
2026-03-23T00:00:00Z,S-BER-01,F-BER-02,-19.0,41.0,0
2026-03-23T06:00:00Z,S-BER-01,F-BER-02,-19.7,42.0,0
2026-03-23T12:00:00Z,S-BER-01,F-BER-02,-20.8,41.3,0
2026-03-23T18:00:00Z,S-BER-01,F-BER-02,-19.9,42.6,0
2026-03-24T00:00:00Z,S-BER-01,F-BER-02,-20.6,47.6,0
2026-03-24T06:00:00Z,S-BER-01,F-BER-02,-20.8,47.1,0
2026-03-24T12:00:00Z,S-BER-01,F-BER-02,-19.1,38.3,0
2026-03-24T18:00:00Z,S-BER-01,F-BER-02,-19.5,41.6,0
2026-03-25T00:00:00Z,S-BER-01,F-BER-02,-19.7,43.8,0
2026-03-25T06:00:00Z,S-BER-01,F-BER-02,-19.2,40.9,0
2026-03-25T12:00:00Z,S-BER-01,F-BER-02,-20.7,39.4,0
2026-03-25T18:00:00Z,S-BER-01,F-BER-02,-20.4,45.6,0
2026-03-26T00:00:00Z,S-BER-01,F-BER-02,-20.9,51.8,0
2026-03-26T06:00:00Z,S-BER-01,F-BER-02,-19.3,49.9,0
2026-03-26T12:00:00Z,S-BER-01,F-BER-02,-21.0,41.4,0
2026-03-26T18:00:00Z,S-BER-01,F-BER-02,-19.4,51.2,0
2026-03-27T00:00:00Z,S-BER-01,F-BER-02,-20.8,44.3,0
2026-03-27T06:00:00Z,S-BER-01,F-BER-02,-20.8,48.7,0
2026-03-27T12:00:00Z,S-BER-01,F-BER-02,-19.4,44.5,0
2026-03-27T18:00:00Z,S-BER-01,F-BER-02,-19.7,41.9,1
2026-03-28T00:00:00Z,S-BER-01,F-BER-02,-19.4,42.9,0
2026-03-28T06:00:00Z,S-BER-01,F-BER-02,-20.2,40.7,0
2026-03-28T12:00:00Z,S-BER-01,F-BER-02,-19.1,48.2,0
2026-03-28T18:00:00Z,S-BER-01,F-BER-02,-19.8,51.6,0
2026-03-29T00:00:00Z,S-BER-01,F-BER-02,-19.0,40.3,0
2026-03-29T06:00:00Z,S-BER-01,F-BER-02,-20.3,45.3,0
2026-03-29T12:00:00Z,S-BER-01,F-BER-02,-19.6,40.7,0
2026-03-29T18:00:00Z,S-BER-01,F-BER-02,-19.5,42.9,0
2026-03-30T00:00:00Z,S-BER-01,F-BER-02,-20.2,48.6,0
2026-03-30T06:00:00Z,S-BER-01,F-BER-02,-20.8,45.2,0
2026-03-30T12:00:00Z,S-BER-01,F-BER-02,-19.4,41.0,0
2026-03-30T18:00:00Z,S-BER-01,F-BER-02,-19.7,48.8,0
2026-03-31T00:00:00Z,S-BER-01,F-BER-02,-20.9,51.9,0
2026-03-31T06:00:00Z,S-BER-01,F-BER-02,-20.5,47.2,0
2026-03-31T12:00:00Z,S-BER-01,F-BER-02,-19.2,44.9,0
2026-03-31T18:00:00Z,S-BER-01,F-BER-02,-20.2,47.0,0
2026-04-01T00:00:00Z,S-BER-01,F-BER-02,-20.9,44.3,0
2026-04-01T06:00:00Z,S-BER-01,F-BER-02,-21.0,43.0,0
2026-04-01T12:00:00Z,S-BER-01,F-BER-02,-19.0,51.1,0
2026-04-01T18:00:00Z,S-BER-01,F-BER-02,-20.2,49.7,0
2026-04-02T00:00:00Z,S-BER-01,F-BER-02,-19.3,39.2,0
2026-04-02T06:00:00Z,S-BER-01,F-BER-02,-19.3,46.3,0
2026-04-02T12:00:00Z,S-BER-01,F-BER-02,-19.9,39.6,0
2026-04-02T18:00:00Z,S-BER-01,F-BER-02,-20.0,51.9,0
2026-04-03T00:00:00Z,S-BER-01,F-BER-02,-20.3,46.7,0
2026-04-03T06:00:00Z,S-BER-01,F-BER-02,-20.9,49.7,0
2026-04-03T12:00:00Z,S-BER-01,F-BER-02,-20.4,42.4,0
2026-04-03T18:00:00Z,S-BER-01,F-BER-02,-20.4,50.0,1
2026-04-04T00:00:00Z,S-BER-01,F-BER-02,-20.4,51.5,0
2026-04-04T06:00:00Z,S-BER-01,F-BER-02,-20.7,41.6,0
2026-04-04T12:00:00Z,S-BER-01,F-BER-02,-20.2,40.1,0
2026-04-04T18:00:00Z,S-BER-01,F-BER-02,-20.2,39.0,0
2026-04-05T00:00:00Z,S-BER-01,F-BER-02,-20.8,42.3,0
2026-04-05T06:00:00Z,S-BER-01,F-BER-02,-20.4,38.3,0
2026-04-05T12:00:00Z,S-BER-01,F-BER-02,-19.0,42.6,0
2026-04-05T18:00:00Z,S-BER-01,F-BER-02,-19.3,51.0,0
2026-04-06T00:00:00Z,S-BER-01,F-BER-02,-19.3,43.1,0
2026-04-06T06:00:00Z,S-BER-01,F-BER-02,-20.8,41.7,0
2026-04-06T12:00:00Z,S-BER-01,F-BER-02,-20.3,50.4,0
2026-04-06T18:00:00Z,S-BER-01,F-BER-02,-20.6,49.2,0
2026-04-07T00:00:00Z,S-BER-01,F-BER-02,-20.4,49.8,0
2026-04-07T06:00:00Z,S-BER-01,F-BER-02,-19.9,45.6,0
2026-04-07T12:00:00Z,S-BER-01,F-BER-02,-19.3,49.4,0
2026-04-07T18:00:00Z,S-BER-01,F-BER-02,-19.8,47.7,0
2026-04-08T00:00:00Z,S-BER-01,F-BER-02,-19.9,42.2,0
2026-04-08T06:00:00Z,S-BER-01,F-BER-02,-19.2,48.5,0
2026-04-08T12:00:00Z,S-BER-01,F-BER-02,-20.9,50.9,0
2026-04-08T18:00:00Z,S-BER-01,F-BER-02,-19.7,41.8,1
2026-04-09T00:00:00Z,S-BER-01,F-BER-02,-20.9,51.3,0
2026-04-09T06:00:00Z,S-BER-01,F-BER-02,-19.8,39.5,0
2026-04-09T12:00:00Z,S-BER-01,F-BER-02,-20.0,44.6,0
2026-04-09T18:00:00Z,S-BER-01,F-BER-02,-19.9,41.7,0
2026-04-10T00:00:00Z,S-BER-01,F-BER-02,-19.9,49.1,0
2026-04-10T06:00:00Z,S-BER-01,F-BER-02,-20.8,40.4,0
2026-04-10T12:00:00Z,S-BER-01,F-BER-02,-19.7,46.0,0
2026-04-10T18:00:00Z,S-BER-01,F-BER-02,-19.7,38.2,0
2026-04-11T00:00:00Z,S-BER-01,F-BER-02,-19.6,40.4,0
2026-04-11T06:00:00Z,S-BER-01,F-BER-02,-19.1,50.1,0
2026-04-11T12:00:00Z,S-BER-01,F-BER-02,-20.0,51.9,1
2026-04-11T18:00:00Z,S-BER-01,F-BER-02,-20.0,41.8,0
2026-04-12T00:00:00Z,S-BER-01,F-BER-02,-19.4,40.6,0
2026-04-12T06:00:00Z,S-BER-01,F-BER-02,-19.9,38.8,0
2026-04-12T12:00:00Z,S-BER-01,F-BER-02,-20.6,47.3,0
2026-04-12T18:00:00Z,S-BER-01,F-BER-02,-19.9,42.8,0
2026-04-13T00:00:00Z,S-BER-01,F-BER-02,-19.8,50.8,0
2026-04-13T06:00:00Z,S-BER-01,F-BER-02,-20.4,41.5,0
2026-04-13T12:00:00Z,S-BER-01,F-BER-02,-19.3,39.7,0
2026-04-13T18:00:00Z,S-BER-01,F-BER-02,-19.7,45.0,0
2026-04-14T00:00:00Z,S-BER-01,F-BER-02,-20.2,40.7,0
2026-04-14T06:00:00Z,S-BER-01,F-BER-02,-20.5,39.8,0
2026-04-14T12:00:00Z,S-BER-01,F-BER-02,-20.6,47.0,1
2026-04-14T18:00:00Z,S-BER-01,F-BER-02,-19.7,39.9,1
2026-04-15T00:00:00Z,S-BER-01,F-BER-02,-19.0,48.4,0
2026-04-15T06:00:00Z,S-BER-01,F-BER-02,-19.5,47.6,0
2026-04-15T12:00:00Z,S-BER-01,F-BER-02,-20.7,41.1,0
2026-04-15T18:00:00Z,S-BER-01,F-BER-02,-19.9,47.1,0
2026-04-16T00:00:00Z,S-BER-01,F-BER-02,-19.3,38.2,0
2026-04-16T06:00:00Z,S-BER-01,F-BER-02,-20.8,40.9,0
2026-04-16T12:00:00Z,S-BER-01,F-BER-02,-20.7,48.1,0
2026-04-16T18:00:00Z,S-BER-01,F-BER-02,-19.3,42.6,0
2026-04-17T00:00:00Z,S-BER-01,F-BER-02,-19.7,47.5,0
2026-04-17T06:00:00Z,S-BER-01,F-BER-02,-20.1,40.8,0
2026-04-17T12:00:00Z,S-BER-01,F-BER-02,-19.7,40.9,0
2026-04-17T18:00:00Z,S-BER-01,F-BER-02,-19.3,50.0,0
2026-04-18T00:00:00Z,S-BER-01,F-BER-02,-20.0,51.3,0
2026-04-18T06:00:00Z,S-BER-01,F-BER-02,-20.1,41.5,0
2026-04-18T12:00:00Z,S-BER-01,F-BER-02,-20.1,40.2,0
2026-04-18T18:00:00Z,S-BER-01,F-BER-02,-19.3,48.5,0
2026-04-19T00:00:00Z,S-BER-01,F-BER-02,-20.6,39.5,0
2026-04-19T06:00:00Z,S-BER-01,F-BER-02,-20.4,42.0,0
2026-04-19T12:00:00Z,S-BER-01,F-BER-02,-20.6,48.8,0
2026-04-19T18:00:00Z,S-BER-01,F-BER-02,-19.5,38.9,0
2026-04-20T00:00:00Z,S-BER-01,F-BER-02,-20.4,41.1,0
2026-04-20T06:00:00Z,S-BER-01,F-BER-02,-20.6,50.1,0
2026-04-20T12:00:00Z,S-BER-01,F-BER-02,-19.3,51.5,0
2026-04-20T18:00:00Z,S-BER-01,F-BER-02,-20.0,44.1,0
2026-04-21T00:00:00Z,S-BER-01,F-BER-02,-19.4,47.0,0
2026-04-21T06:00:00Z,S-BER-01,F-BER-02,-20.2,51.8,0
2026-04-21T12:00:00Z,S-BER-01,F-BER-02,-19.9,47.0,0
2026-04-21T18:00:00Z,S-BER-01,F-BER-02,-20.5,43.2,0
2026-04-22T00:00:00Z,S-BER-01,F-BER-02,-20.8,50.1,0
2026-04-22T06:00:00Z,S-BER-01,F-BER-02,-20.0,42.3,0
2026-04-22T12:00:00Z,S-BER-01,F-BER-02,-20.2,38.9,0
2026-04-22T18:00:00Z,S-BER-01,F-BER-02,-20.8,50.6,0
2026-04-23T00:00:00Z,S-BER-01,F-BER-02,-20.5,51.4,0
2026-04-23T06:00:00Z,S-BER-01,F-BER-02,-19.1,50.0,0
2026-04-23T12:00:00Z,S-BER-01,F-BER-02,-19.9,50.9,0
2026-04-23T18:00:00Z,S-BER-01,F-BER-02,-19.7,51.7,1
2026-04-24T00:00:00Z,S-BER-01,F-BER-02,-19.1,42.6,0
2026-04-24T06:00:00Z,S-BER-01,F-BER-02,-19.6,45.8,0
2026-04-24T12:00:00Z,S-BER-01,F-BER-02,-19.9,38.0,0
2026-04-24T18:00:00Z,S-BER-01,F-BER-02,-20.8,42.3,0
2026-04-25T00:00:00Z,S-BER-01,F-BER-02,-20.5,49.3,0
2026-04-25T06:00:00Z,S-BER-01,F-BER-02,-19.8,46.8,0
2026-04-25T12:00:00Z,S-BER-01,F-BER-02,-19.7,51.4,0
2026-04-25T18:00:00Z,S-BER-01,F-BER-02,-20.3,43.3,0
2026-04-26T00:00:00Z,S-BER-01,F-BER-02,-19.2,42.5,0
2026-04-26T06:00:00Z,S-BER-01,F-BER-02,-19.3,43.0,0
2026-04-26T12:00:00Z,S-BER-01,F-BER-02,-19.5,45.5,0
2026-04-26T18:00:00Z,S-BER-01,F-BER-02,-20.1,45.9,0
2026-04-27T00:00:00Z,S-BER-01,F-BER-02,-20.8,50.5,0
2026-04-27T06:00:00Z,S-BER-01,F-BER-02,-20.5,50.1,0
2026-04-27T12:00:00Z,S-BER-01,F-BER-02,-20.6,43.8,0
2026-04-27T18:00:00Z,S-BER-01,F-BER-02,-20.9,47.5,0
2026-04-28T00:00:00Z,S-BER-01,F-BER-02,-20.1,39.9,0
2026-04-28T06:00:00Z,S-BER-01,F-BER-02,-19.5,41.1,0
2026-04-28T12:00:00Z,S-BER-01,F-BER-02,-20.8,41.6,0
2026-04-28T18:00:00Z,S-BER-01,F-BER-02,-20.2,51.9,0
2026-04-29T00:00:00Z,S-BER-01,F-BER-02,-19.2,50.5,0
2026-04-29T06:00:00Z,S-BER-01,F-BER-02,-20.8,50.9,0
2026-04-29T12:00:00Z,S-BER-01,F-BER-02,-19.8,39.3,0
2026-04-29T18:00:00Z,S-BER-01,F-BER-02,-19.8,48.4,0
2026-04-30T00:00:00Z,S-BER-01,F-BER-02,-20.5,44.7,0
2026-04-30T06:00:00Z,S-BER-01,F-BER-02,-20.4,40.3,0
2026-04-30T12:00:00Z,S-BER-01,F-BER-02,-19.5,48.2,0
2026-04-30T18:00:00Z,S-BER-01,F-BER-02,-20.0,51.9,0
2026-05-01T00:00:00Z,S-BER-01,F-BER-02,-19.2,39.4,0
2026-05-01T06:00:00Z,S-BER-01,F-BER-02,-20.0,41.2,0
2026-05-01T12:00:00Z,S-BER-01,F-BER-02,-19.8,38.0,0
2026-05-01T18:00:00Z,S-BER-01,F-BER-02,-19.1,48.5,0
2026-05-02T00:00:00Z,S-BER-01,F-BER-02,-20.7,48.3,0
2026-05-02T06:00:00Z,S-BER-01,F-BER-02,-19.0,46.0,0
2026-05-02T12:00:00Z,S-BER-01,F-BER-02,-19.7,40.7,0
2026-05-02T18:00:00Z,S-BER-01,F-BER-02,-20.5,38.6,0
2026-05-03T00:00:00Z,S-BER-01,F-BER-02,-19.3,40.8,0
2026-05-03T06:00:00Z,S-BER-01,F-BER-02,-20.4,38.9,0
2026-05-03T12:00:00Z,S-BER-01,F-BER-02,-20.1,46.7,1
2026-05-03T18:00:00Z,S-BER-01,F-BER-02,-19.5,48.1,0
2026-05-04T00:00:00Z,S-BER-01,F-BER-02,-19.5,48.7,0
2026-05-04T06:00:00Z,S-BER-01,F-BER-02,-19.3,44.0,0
2026-05-04T12:00:00Z,S-BER-01,F-BER-02,-19.6,49.7,0
2026-05-04T18:00:00Z,S-BER-01,F-BER-02,-20.2,40.4,1
2026-05-05T00:00:00Z,S-BER-01,F-BER-02,-20.6,49.8,0
2026-05-05T06:00:00Z,S-BER-01,F-BER-02,-20.2,39.2,0
2026-05-05T12:00:00Z,S-BER-01,F-BER-02,-20.7,39.0,0
2026-05-05T18:00:00Z,S-BER-01,F-BER-02,-20.1,47.8,0
2026-05-06T00:00:00Z,S-BER-01,F-BER-02,-19.6,48.0,0
2026-05-06T06:00:00Z,S-BER-01,F-BER-02,-19.2,45.4,0
2026-05-06T12:00:00Z,S-BER-01,F-BER-02,-19.2,46.3,0
2026-05-06T18:00:00Z,S-BER-01,F-BER-02,-19.8,42.6,0
2026-05-07T00:00:00Z,S-BER-01,F-BER-02,-19.3,46.3,0
2026-05-07T06:00:00Z,S-BER-01,F-BER-02,-19.7,41.0,0
2026-05-07T12:00:00Z,S-BER-01,F-BER-02,-20.1,40.4,0
2026-05-07T18:00:00Z,S-BER-01,F-BER-02,-20.1,42.4,0
2026-05-08T00:00:00Z,S-BER-01,F-BER-02,-19.1,49.2,0
2026-05-08T06:00:00Z,S-BER-01,F-BER-02,-19.3,40.7,0
2026-05-08T12:00:00Z,S-BER-01,F-BER-02,-20.4,48.8,0
2026-05-08T18:00:00Z,S-BER-01,F-BER-02,-20.8,46.1,0
2026-05-09T00:00:00Z,S-BER-01,F-BER-02,-20.7,38.8,0
2026-05-09T06:00:00Z,S-BER-01,F-BER-02,-19.5,45.5,0
2026-05-09T12:00:00Z,S-BER-01,F-BER-02,-19.3,45.8,0
2026-05-09T18:00:00Z,S-BER-01,F-BER-02,-19.7,48.0,0
2026-05-10T00:00:00Z,S-BER-01,F-BER-02,-20.9,40.5,0
2026-05-10T06:00:00Z,S-BER-01,F-BER-02,-19.2,49.2,0
2026-05-10T12:00:00Z,S-BER-01,F-BER-02,-20.5,38.7,0
2026-05-10T18:00:00Z,S-BER-01,F-BER-02,-19.9,39.0,0
2026-05-11T00:00:00Z,S-BER-01,F-BER-02,-20.8,45.4,0
2026-05-11T06:00:00Z,S-BER-01,F-BER-02,-20.8,41.7,0
2026-05-11T12:00:00Z,S-BER-01,F-BER-02,-19.9,49.6,1
2026-05-11T18:00:00Z,S-BER-01,F-BER-02,-20.0,49.7,0
2026-05-12T00:00:00Z,S-BER-01,F-BER-02,-19.4,47.8,0
2026-05-12T06:00:00Z,S-BER-01,F-BER-02,-20.8,40.1,0
2026-05-12T12:00:00Z,S-BER-01,F-BER-02,-20.1,43.9,0
2026-05-12T18:00:00Z,S-BER-01,F-BER-02,-20.8,48.6,0
2026-05-13T00:00:00Z,S-BER-01,F-BER-02,-19.6,51.9,0
2026-05-13T06:00:00Z,S-BER-01,F-BER-02,-20.3,38.5,0
2026-05-13T12:00:00Z,S-BER-01,F-BER-02,-21.0,38.4,0
2026-05-13T18:00:00Z,S-BER-01,F-BER-02,-21.0,49.3,1
2026-05-14T00:00:00Z,S-BER-01,F-BER-02,-20.4,48.6,0
2026-05-14T06:00:00Z,S-BER-01,F-BER-02,-19.4,46.2,0
2026-05-14T12:00:00Z,S-BER-01,F-BER-02,-20.8,40.7,0
2026-05-14T18:00:00Z,S-BER-01,F-BER-02,-20.8,49.0,0
2026-05-15T00:00:00Z,S-BER-01,F-BER-02,-20.3,49.0,0
2026-05-15T06:00:00Z,S-BER-01,F-BER-02,-19.5,46.5,0
2026-05-15T12:00:00Z,S-BER-01,F-BER-02,-19.6,51.8,0
2026-05-15T18:00:00Z,S-BER-01,F-BER-02,-19.7,49.1,0
2026-05-16T00:00:00Z,S-BER-01,F-BER-02,-20.4,42.1,0
2026-05-16T06:00:00Z,S-BER-01,F-BER-02,-20.7,45.6,0
2026-05-16T12:00:00Z,S-BER-01,F-BER-02,-20.7,47.4,0
2026-05-16T18:00:00Z,S-BER-01,F-BER-02,-20.4,45.3,0
2026-05-17T00:00:00Z,S-BER-01,F-BER-02,-20.7,49.5,0
2026-05-17T06:00:00Z,S-BER-01,F-BER-02,-20.4,46.7,0
2026-05-17T12:00:00Z,S-BER-01,F-BER-02,-20.9,43.3,1
2026-05-17T18:00:00Z,S-BER-01,F-BER-02,-20.1,38.4,0
2026-05-18T00:00:00Z,S-BER-01,F-BER-02,-21.0,41.7,0
2026-05-18T06:00:00Z,S-BER-01,F-BER-02,-20.5,42.8,0
2026-05-18T12:00:00Z,S-BER-01,F-BER-02,-20.3,43.1,0
2026-05-18T18:00:00Z,S-BER-01,F-BER-02,-19.9,43.7,0
2026-05-19T00:00:00Z,S-BER-01,F-BER-02,-20.5,40.1,0
2026-05-19T06:00:00Z,S-BER-01,F-BER-02,-20.5,41.2,0
2026-05-19T12:00:00Z,S-BER-01,F-BER-02,-20.4,47.3,0
2026-05-19T18:00:00Z,S-BER-01,F-BER-02,-19.4,49.0,0
2026-05-20T00:00:00Z,S-BER-01,F-BER-02,-20.9,48.0,0
2026-05-20T06:00:00Z,S-BER-01,F-BER-02,-19.7,38.7,0
2026-05-20T12:00:00Z,S-BER-01,F-BER-02,-20.6,43.7,0
2026-05-20T18:00:00Z,S-BER-01,F-BER-02,-19.9,46.7,0
2026-05-21T00:00:00Z,S-BER-01,F-BER-02,-21.0,46.7,0
2026-05-21T06:00:00Z,S-BER-01,F-BER-02,-19.7,51.1,0
2026-05-21T12:00:00Z,S-BER-01,F-BER-02,-19.2,40.6,1
2026-05-21T18:00:00Z,S-BER-01,F-BER-02,-20.5,38.7,0
2026-05-22T00:00:00Z,S-BER-01,F-BER-02,-20.2,49.7,0
2026-05-22T06:00:00Z,S-BER-01,F-BER-02,-20.8,45.8,0
2026-05-22T12:00:00Z,S-BER-01,F-BER-02,-19.9,38.1,0
2026-05-22T18:00:00Z,S-BER-01,F-BER-02,-20.5,50.0,0
2026-05-23T00:00:00Z,S-BER-01,F-BER-02,-19.1,45.0,0
2026-05-23T06:00:00Z,S-BER-01,F-BER-02,-19.1,45.2,0
2026-05-23T12:00:00Z,S-BER-01,F-BER-02,-20.2,48.7,0
2026-05-23T18:00:00Z,S-BER-01,F-BER-02,-20.9,41.7,0
2026-05-24T00:00:00Z,S-BER-01,F-BER-02,-20.9,47.8,0
2026-05-24T06:00:00Z,S-BER-01,F-BER-02,-19.8,42.1,0
2026-05-24T12:00:00Z,S-BER-01,F-BER-02,-20.7,46.0,0
2026-05-24T18:00:00Z,S-BER-01,F-BER-02,-19.5,43.7,0
2026-05-25T00:00:00Z,S-BER-01,F-BER-02,-20.5,43.9,0
2026-05-25T06:00:00Z,S-BER-01,F-BER-02,-19.6,43.2,0
2026-05-25T12:00:00Z,S-BER-01,F-BER-02,-19.5,45.4,0
2026-05-25T18:00:00Z,S-BER-01,F-BER-02,-20.4,48.9,1
2026-05-26T00:00:00Z,S-BER-01,F-BER-02,-19.3,49.5,0
2026-05-26T06:00:00Z,S-BER-01,F-BER-02,-20.4,51.8,0
2026-05-26T12:00:00Z,S-BER-01,F-BER-02,-20.2,43.0,0
2026-05-26T18:00:00Z,S-BER-01,F-BER-02,-19.5,50.1,1
2026-05-27T00:00:00Z,S-BER-01,F-BER-02,-20.2,41.2,0
2026-05-27T06:00:00Z,S-BER-01,F-BER-02,-19.6,42.8,0
2026-05-27T12:00:00Z,S-BER-01,F-BER-02,-19.6,42.1,0
2026-05-27T18:00:00Z,S-BER-01,F-BER-02,-19.2,38.3,1
2026-05-28T00:00:00Z,S-BER-01,F-BER-02,-20.2,43.8,0
2026-05-28T06:00:00Z,S-BER-01,F-BER-02,-20.4,42.1,0
2026-05-28T12:00:00Z,S-BER-01,F-BER-02,-19.8,49.4,0
2026-05-28T18:00:00Z,S-BER-01,F-BER-02,-19.2,48.8,0
2026-05-29T00:00:00Z,S-BER-01,F-BER-02,-20.3,45.8,0
2026-05-29T06:00:00Z,S-BER-01,F-BER-02,-20.0,40.5,0
2026-05-29T12:00:00Z,S-BER-01,F-BER-02,-19.0,42.6,0
2026-05-29T18:00:00Z,S-BER-01,F-BER-02,-20.1,49.6,1
2026-05-30T00:00:00Z,S-BER-01,F-BER-02,-19.6,38.5,0
2026-05-30T06:00:00Z,S-BER-01,F-BER-02,-19.6,38.8,0
2026-05-30T12:00:00Z,S-BER-01,F-BER-02,-19.3,41.3,0
2026-05-30T18:00:00Z,S-BER-01,F-BER-02,-20.6,48.7,0
2026-05-31T00:00:00Z,S-BER-01,F-BER-02,-19.3,41.6,0
2026-05-31T06:00:00Z,S-BER-01,F-BER-02,-20.4,47.9,0
2026-05-31T12:00:00Z,S-BER-01,F-BER-02,-20.2,41.1,0
2026-05-31T18:00:00Z,S-BER-01,F-BER-02,-20.8,39.3,0
2026-06-01T00:00:00Z,S-BER-01,F-BER-02,-19.9,48.1,0
2026-06-01T06:00:00Z,S-BER-01,F-BER-02,-19.4,45.6,0
2026-06-01T12:00:00Z,S-BER-01,F-BER-02,-19.8,40.8,0
2026-06-01T18:00:00Z,S-BER-01,F-BER-02,-19.7,40.8,0
2026-06-02T00:00:00Z,S-BER-01,F-BER-02,-20.2,42.5,0
2026-06-02T06:00:00Z,S-BER-01,F-BER-02,-20.5,50.4,0
2026-06-02T12:00:00Z,S-BER-01,F-BER-02,-19.3,48.1,0
2026-06-02T18:00:00Z,S-BER-01,F-BER-02,-19.2,46.6,0
2026-06-03T00:00:00Z,S-BER-01,F-BER-02,-19.5,42.6,0
2026-06-03T06:00:00Z,S-BER-01,F-BER-02,-20.2,44.5,0
2026-06-03T12:00:00Z,S-BER-01,F-BER-02,-20.0,43.7,0
2026-06-03T18:00:00Z,S-BER-01,F-BER-02,-19.3,50.5,1
2026-01-01T00:00:00Z,S-BER-01,F-BER-03,-20.6,49.5,0
2026-01-01T06:00:00Z,S-BER-01,F-BER-03,-19.0,38.4,0
2026-01-01T12:00:00Z,S-BER-01,F-BER-03,-20.8,48.9,1
2026-01-01T18:00:00Z,S-BER-01,F-BER-03,-20.7,46.4,0
2026-01-02T00:00:00Z,S-BER-01,F-BER-03,-20.5,43.3,0
2026-01-02T06:00:00Z,S-BER-01,F-BER-03,-20.1,47.8,0
2026-01-02T12:00:00Z,S-BER-01,F-BER-03,-20.5,42.0,0
2026-01-02T18:00:00Z,S-BER-01,F-BER-03,-20.8,48.1,0
2026-01-03T00:00:00Z,S-BER-01,F-BER-03,-21.0,46.7,0
2026-01-03T06:00:00Z,S-BER-01,F-BER-03,-20.6,43.2,0
2026-01-03T12:00:00Z,S-BER-01,F-BER-03,-19.4,39.9,1
2026-01-03T18:00:00Z,S-BER-01,F-BER-03,-20.4,39.0,0
2026-01-04T00:00:00Z,S-BER-01,F-BER-03,-19.9,48.8,0
2026-01-04T06:00:00Z,S-BER-01,F-BER-03,-20.4,45.5,0
2026-01-04T12:00:00Z,S-BER-01,F-BER-03,-20.5,43.6,0
2026-01-04T18:00:00Z,S-BER-01,F-BER-03,-19.3,46.2,0
2026-01-05T00:00:00Z,S-BER-01,F-BER-03,-20.2,40.4,0
2026-01-05T06:00:00Z,S-BER-01,F-BER-03,-19.6,51.2,0
2026-01-05T12:00:00Z,S-BER-01,F-BER-03,-19.8,45.1,1
2026-01-05T18:00:00Z,S-BER-01,F-BER-03,-20.1,42.7,0
2026-01-06T00:00:00Z,S-BER-01,F-BER-03,-20.8,51.1,0
2026-01-06T06:00:00Z,S-BER-01,F-BER-03,-19.6,50.0,0
2026-01-06T12:00:00Z,S-BER-01,F-BER-03,-20.4,45.3,0
2026-01-06T18:00:00Z,S-BER-01,F-BER-03,-19.5,49.6,0
2026-01-07T00:00:00Z,S-BER-01,F-BER-03,-19.4,42.7,0
2026-01-07T06:00:00Z,S-BER-01,F-BER-03,-20.0,43.5,0
2026-01-07T12:00:00Z,S-BER-01,F-BER-03,-20.1,49.1,1
2026-01-07T18:00:00Z,S-BER-01,F-BER-03,-19.6,39.6,0
2026-01-08T00:00:00Z,S-BER-01,F-BER-03,-19.4,38.3,0
2026-01-08T06:00:00Z,S-BER-01,F-BER-03,-20.9,40.7,0
2026-01-08T12:00:00Z,S-BER-01,F-BER-03,-19.0,45.3,0
2026-01-08T18:00:00Z,S-BER-01,F-BER-03,-20.2,50.4,1
2026-01-09T00:00:00Z,S-BER-01,F-BER-03,-19.3,38.4,0
2026-01-09T06:00:00Z,S-BER-01,F-BER-03,-20.7,44.4,0
2026-01-09T12:00:00Z,S-BER-01,F-BER-03,-20.4,48.4,1
2026-01-09T18:00:00Z,S-BER-01,F-BER-03,-20.6,41.1,0
2026-01-10T00:00:00Z,S-BER-01,F-BER-03,-20.3,49.4,0
2026-01-10T06:00:00Z,S-BER-01,F-BER-03,-20.0,40.6,0
2026-01-10T12:00:00Z,S-BER-01,F-BER-03,-19.9,44.8,0
2026-01-10T18:00:00Z,S-BER-01,F-BER-03,-20.2,45.9,0
2026-01-11T00:00:00Z,S-BER-01,F-BER-03,-19.8,51.8,0
2026-01-11T06:00:00Z,S-BER-01,F-BER-03,-19.3,42.1,0
2026-01-11T12:00:00Z,S-BER-01,F-BER-03,-19.1,39.6,0
2026-01-11T18:00:00Z,S-BER-01,F-BER-03,-19.9,49.1,0
2026-01-12T00:00:00Z,S-BER-01,F-BER-03,-19.4,42.8,0
2026-01-12T06:00:00Z,S-BER-01,F-BER-03,-20.5,50.1,0
2026-01-12T12:00:00Z,S-BER-01,F-BER-03,-19.2,48.3,0
2026-01-12T18:00:00Z,S-BER-01,F-BER-03,-20.2,41.0,0
2026-01-13T00:00:00Z,S-BER-01,F-BER-03,-19.8,39.7,0
2026-01-13T06:00:00Z,S-BER-01,F-BER-03,-20.8,43.2,0
2026-01-13T12:00:00Z,S-BER-01,F-BER-03,-19.6,38.3,0
2026-01-13T18:00:00Z,S-BER-01,F-BER-03,-20.0,51.9,0
2026-01-14T00:00:00Z,S-BER-01,F-BER-03,-20.9,42.1,0
2026-01-14T06:00:00Z,S-BER-01,F-BER-03,-19.9,51.1,0
2026-01-14T12:00:00Z,S-BER-01,F-BER-03,-19.6,44.3,0
2026-01-14T18:00:00Z,S-BER-01,F-BER-03,-19.4,43.6,0
2026-01-15T00:00:00Z,S-BER-01,F-BER-03,-19.9,51.2,0
2026-01-15T06:00:00Z,S-BER-01,F-BER-03,-20.2,46.7,0
2026-01-15T12:00:00Z,S-BER-01,F-BER-03,-19.4,50.2,0
2026-01-15T18:00:00Z,S-BER-01,F-BER-03,-19.3,47.0,0
2026-01-16T00:00:00Z,S-BER-01,F-BER-03,-19.5,47.5,0
2026-01-16T06:00:00Z,S-BER-01,F-BER-03,-19.5,50.0,0
2026-01-16T12:00:00Z,S-BER-01,F-BER-03,-20.8,45.3,0
2026-01-16T18:00:00Z,S-BER-01,F-BER-03,-19.4,46.1,0
2026-01-17T00:00:00Z,S-BER-01,F-BER-03,-19.9,40.1,0
2026-01-17T06:00:00Z,S-BER-01,F-BER-03,-19.9,42.1,0
2026-01-17T12:00:00Z,S-BER-01,F-BER-03,-19.5,50.4,0
2026-01-17T18:00:00Z,S-BER-01,F-BER-03,-19.4,50.0,0
2026-01-18T00:00:00Z,S-BER-01,F-BER-03,-19.2,39.5,0
2026-01-18T06:00:00Z,S-BER-01,F-BER-03,-19.3,49.3,0
2026-01-18T12:00:00Z,S-BER-01,F-BER-03,-20.6,48.9,0
2026-01-18T18:00:00Z,S-BER-01,F-BER-03,-20.1,45.9,0
2026-01-19T00:00:00Z,S-BER-01,F-BER-03,-20.9,46.7,0
2026-01-19T06:00:00Z,S-BER-01,F-BER-03,-21.0,45.8,0
2026-01-19T12:00:00Z,S-BER-01,F-BER-03,-20.7,47.0,0
2026-01-19T18:00:00Z,S-BER-01,F-BER-03,-20.2,50.5,0
2026-01-20T00:00:00Z,S-BER-01,F-BER-03,-20.7,41.0,0
2026-01-20T06:00:00Z,S-BER-01,F-BER-03,-19.9,51.9,0
2026-01-20T12:00:00Z,S-BER-01,F-BER-03,-20.5,46.5,0
2026-01-20T18:00:00Z,S-BER-01,F-BER-03,-19.7,50.7,0
2026-01-21T00:00:00Z,S-BER-01,F-BER-03,-19.2,45.3,0
2026-01-21T06:00:00Z,S-BER-01,F-BER-03,-19.7,45.9,0
2026-01-21T12:00:00Z,S-BER-01,F-BER-03,-21.0,49.5,0
2026-01-21T18:00:00Z,S-BER-01,F-BER-03,-21.0,42.8,0
2026-01-22T00:00:00Z,S-BER-01,F-BER-03,-19.7,51.7,0
2026-01-22T06:00:00Z,S-BER-01,F-BER-03,-19.2,45.9,0
2026-01-22T12:00:00Z,S-BER-01,F-BER-03,-20.1,38.4,0
2026-01-22T18:00:00Z,S-BER-01,F-BER-03,-19.4,43.7,0
2026-01-23T00:00:00Z,S-BER-01,F-BER-03,-19.9,40.1,0
2026-01-23T06:00:00Z,S-BER-01,F-BER-03,-19.7,39.3,0
2026-01-23T12:00:00Z,S-BER-01,F-BER-03,-19.9,46.0,0
2026-01-23T18:00:00Z,S-BER-01,F-BER-03,-19.7,50.9,0
2026-01-24T00:00:00Z,S-BER-01,F-BER-03,-19.9,49.3,0
2026-01-24T06:00:00Z,S-BER-01,F-BER-03,-20.8,49.6,0
2026-01-24T12:00:00Z,S-BER-01,F-BER-03,-19.2,48.7,0
2026-01-24T18:00:00Z,S-BER-01,F-BER-03,-20.4,42.7,0
2026-01-25T00:00:00Z,S-BER-01,F-BER-03,-20.8,49.8,0
2026-01-25T06:00:00Z,S-BER-01,F-BER-03,-19.4,43.6,0
2026-01-25T12:00:00Z,S-BER-01,F-BER-03,-20.7,46.2,0
2026-01-25T18:00:00Z,S-BER-01,F-BER-03,-19.3,41.8,0
2026-01-26T00:00:00Z,S-BER-01,F-BER-03,-19.3,49.7,0
2026-01-26T06:00:00Z,S-BER-01,F-BER-03,-20.7,48.5,0
2026-01-26T12:00:00Z,S-BER-01,F-BER-03,-21.0,47.3,0
2026-01-26T18:00:00Z,S-BER-01,F-BER-03,-19.8,50.7,0
2026-01-27T00:00:00Z,S-BER-01,F-BER-03,-19.0,39.6,0
2026-01-27T06:00:00Z,S-BER-01,F-BER-03,-19.0,43.4,0
2026-01-27T12:00:00Z,S-BER-01,F-BER-03,-20.6,39.1,0
2026-01-27T18:00:00Z,S-BER-01,F-BER-03,-19.8,49.5,0
2026-01-28T00:00:00Z,S-BER-01,F-BER-03,-20.9,51.2,0
2026-01-28T06:00:00Z,S-BER-01,F-BER-03,-20.2,38.8,0
2026-01-28T12:00:00Z,S-BER-01,F-BER-03,-19.7,39.1,0
2026-01-28T18:00:00Z,S-BER-01,F-BER-03,-20.9,48.3,1
2026-01-29T00:00:00Z,S-BER-01,F-BER-03,-20.2,40.5,0
2026-01-29T06:00:00Z,S-BER-01,F-BER-03,-19.7,40.7,0
2026-01-29T12:00:00Z,S-BER-01,F-BER-03,-19.8,44.2,0
2026-01-29T18:00:00Z,S-BER-01,F-BER-03,-20.7,48.2,0
2026-01-30T00:00:00Z,S-BER-01,F-BER-03,-20.4,38.2,0
2026-01-30T06:00:00Z,S-BER-01,F-BER-03,-20.0,44.2,0
2026-01-30T12:00:00Z,S-BER-01,F-BER-03,-20.4,40.3,0
2026-01-30T18:00:00Z,S-BER-01,F-BER-03,-20.1,40.0,0
2026-01-31T00:00:00Z,S-BER-01,F-BER-03,-19.3,47.4,0
2026-01-31T06:00:00Z,S-BER-01,F-BER-03,-19.8,42.8,0
2026-01-31T12:00:00Z,S-BER-01,F-BER-03,-19.9,39.3,0
2026-01-31T18:00:00Z,S-BER-01,F-BER-03,-19.6,49.6,0
2026-02-01T00:00:00Z,S-BER-01,F-BER-03,-19.2,51.7,0
2026-02-01T06:00:00Z,S-BER-01,F-BER-03,-19.9,51.1,0
2026-02-01T12:00:00Z,S-BER-01,F-BER-03,-20.9,48.9,1
2026-02-01T18:00:00Z,S-BER-01,F-BER-03,-19.1,47.4,0
2026-02-02T00:00:00Z,S-BER-01,F-BER-03,-19.1,40.8,0
2026-02-02T06:00:00Z,S-BER-01,F-BER-03,-20.1,39.2,0
2026-02-02T12:00:00Z,S-BER-01,F-BER-03,-20.7,51.0,0
2026-02-02T18:00:00Z,S-BER-01,F-BER-03,-19.1,40.8,0
2026-02-03T00:00:00Z,S-BER-01,F-BER-03,-20.2,44.5,0
2026-02-03T06:00:00Z,S-BER-01,F-BER-03,-19.1,44.5,0
2026-02-03T12:00:00Z,S-BER-01,F-BER-03,-20.6,51.9,0
2026-02-03T18:00:00Z,S-BER-01,F-BER-03,-19.6,39.1,0
2026-02-04T00:00:00Z,S-BER-01,F-BER-03,-20.2,41.1,0
2026-02-04T06:00:00Z,S-BER-01,F-BER-03,-20.2,49.6,0
2026-02-04T12:00:00Z,S-BER-01,F-BER-03,-19.0,42.4,0
2026-02-04T18:00:00Z,S-BER-01,F-BER-03,-19.9,51.7,0
2026-02-05T00:00:00Z,S-BER-01,F-BER-03,-20.6,44.3,0
2026-02-05T06:00:00Z,S-BER-01,F-BER-03,-19.2,45.6,0
2026-02-05T12:00:00Z,S-BER-01,F-BER-03,-20.4,46.3,0
2026-02-05T18:00:00Z,S-BER-01,F-BER-03,-20.7,46.1,1
2026-02-06T00:00:00Z,S-BER-01,F-BER-03,-19.3,42.1,0
2026-02-06T06:00:00Z,S-BER-01,F-BER-03,-20.9,49.4,0
2026-02-06T12:00:00Z,S-BER-01,F-BER-03,-20.1,42.0,1
2026-02-06T18:00:00Z,S-BER-01,F-BER-03,-20.1,47.5,0
2026-02-07T00:00:00Z,S-BER-01,F-BER-03,-20.2,45.5,0
2026-02-07T06:00:00Z,S-BER-01,F-BER-03,-19.1,50.7,0
2026-02-07T12:00:00Z,S-BER-01,F-BER-03,-19.5,45.0,0
2026-02-07T18:00:00Z,S-BER-01,F-BER-03,-19.2,39.1,0
2026-02-08T00:00:00Z,S-BER-01,F-BER-03,-19.7,50.3,0
2026-02-08T06:00:00Z,S-BER-01,F-BER-03,-19.2,46.2,0
2026-02-08T12:00:00Z,S-BER-01,F-BER-03,-19.3,39.4,0
2026-02-08T18:00:00Z,S-BER-01,F-BER-03,-20.0,51.6,0
2026-02-09T00:00:00Z,S-BER-01,F-BER-03,-19.9,48.3,0
2026-02-09T06:00:00Z,S-BER-01,F-BER-03,-20.0,48.2,0
2026-02-09T12:00:00Z,S-BER-01,F-BER-03,-19.8,41.3,0
2026-02-09T18:00:00Z,S-BER-01,F-BER-03,-19.3,50.2,0
2026-02-10T00:00:00Z,S-BER-01,F-BER-03,-19.2,49.9,0
2026-02-10T06:00:00Z,S-BER-01,F-BER-03,-20.6,47.5,0
2026-02-10T12:00:00Z,S-BER-01,F-BER-03,-20.4,38.4,0
2026-02-10T18:00:00Z,S-BER-01,F-BER-03,-19.5,51.4,1
2026-02-11T00:00:00Z,S-BER-01,F-BER-03,-19.4,46.2,0
2026-02-11T06:00:00Z,S-BER-01,F-BER-03,-19.6,44.0,0
2026-02-11T12:00:00Z,S-BER-01,F-BER-03,-19.6,51.9,0
2026-02-11T18:00:00Z,S-BER-01,F-BER-03,-19.6,43.6,0
2026-02-12T00:00:00Z,S-BER-01,F-BER-03,-20.5,43.7,0
2026-02-12T06:00:00Z,S-BER-01,F-BER-03,-19.4,40.1,0
2026-02-12T12:00:00Z,S-BER-01,F-BER-03,-19.4,43.1,1
2026-02-12T18:00:00Z,S-BER-01,F-BER-03,-19.9,39.2,0
2026-02-13T00:00:00Z,S-BER-01,F-BER-03,-20.6,46.8,0
2026-02-13T06:00:00Z,S-BER-01,F-BER-03,-20.3,40.2,0
2026-02-13T12:00:00Z,S-BER-01,F-BER-03,-19.0,47.5,0
2026-02-13T18:00:00Z,S-BER-01,F-BER-03,-21.0,42.7,0
2026-02-14T00:00:00Z,S-BER-01,F-BER-03,-19.1,47.6,0
2026-02-14T06:00:00Z,S-BER-01,F-BER-03,-20.2,40.1,0
2026-02-14T12:00:00Z,S-BER-01,F-BER-03,-20.9,47.1,0
2026-02-14T18:00:00Z,S-BER-01,F-BER-03,-20.9,46.0,0
2026-02-15T00:00:00Z,S-BER-01,F-BER-03,-20.2,44.4,0
2026-02-15T06:00:00Z,S-BER-01,F-BER-03,-19.8,38.6,0
2026-02-15T12:00:00Z,S-BER-01,F-BER-03,-19.8,48.8,0
2026-02-15T18:00:00Z,S-BER-01,F-BER-03,-20.1,46.5,0
2026-02-16T00:00:00Z,S-BER-01,F-BER-03,-19.9,38.2,0
2026-02-16T06:00:00Z,S-BER-01,F-BER-03,-20.7,50.5,0
2026-02-16T12:00:00Z,S-BER-01,F-BER-03,-20.9,42.6,1
2026-02-16T18:00:00Z,S-BER-01,F-BER-03,-19.8,48.2,0
2026-02-17T00:00:00Z,S-BER-01,F-BER-03,-19.9,51.7,0
2026-02-17T06:00:00Z,S-BER-01,F-BER-03,-19.8,47.7,0
2026-02-17T12:00:00Z,S-BER-01,F-BER-03,-20.0,42.1,0
2026-02-17T18:00:00Z,S-BER-01,F-BER-03,-19.2,42.7,0
2026-02-18T00:00:00Z,S-BER-01,F-BER-03,-20.0,46.8,0
2026-02-18T06:00:00Z,S-BER-01,F-BER-03,-19.7,42.0,0
2026-02-18T12:00:00Z,S-BER-01,F-BER-03,-20.1,45.6,0
2026-02-18T18:00:00Z,S-BER-01,F-BER-03,-19.4,50.8,0
2026-02-19T00:00:00Z,S-BER-01,F-BER-03,-20.1,43.0,0
2026-02-19T06:00:00Z,S-BER-01,F-BER-03,-20.6,50.5,0
2026-02-19T12:00:00Z,S-BER-01,F-BER-03,-20.2,43.5,0
2026-02-19T18:00:00Z,S-BER-01,F-BER-03,-19.5,47.2,1
2026-02-20T00:00:00Z,S-BER-01,F-BER-03,-19.8,41.8,0
2026-02-20T06:00:00Z,S-BER-01,F-BER-03,-19.4,51.5,0
2026-02-20T12:00:00Z,S-BER-01,F-BER-03,-20.9,46.8,0
2026-02-20T18:00:00Z,S-BER-01,F-BER-03,-20.0,45.5,0
2026-02-21T00:00:00Z,S-BER-01,F-BER-03,-20.7,46.7,0
2026-02-21T06:00:00Z,S-BER-01,F-BER-03,-19.2,45.1,0
2026-02-21T12:00:00Z,S-BER-01,F-BER-03,-19.6,40.2,0
2026-02-21T18:00:00Z,S-BER-01,F-BER-03,-20.4,46.1,0
2026-02-22T00:00:00Z,S-BER-01,F-BER-03,-19.5,49.1,0
2026-02-22T06:00:00Z,S-BER-01,F-BER-03,-19.9,47.5,0
2026-02-22T12:00:00Z,S-BER-01,F-BER-03,-21.0,47.0,0
2026-02-22T18:00:00Z,S-BER-01,F-BER-03,-19.4,43.2,0
2026-02-23T00:00:00Z,S-BER-01,F-BER-03,-19.2,47.3,0
2026-02-23T06:00:00Z,S-BER-01,F-BER-03,-19.3,48.6,0
2026-02-23T12:00:00Z,S-BER-01,F-BER-03,-20.2,48.2,0
2026-02-23T18:00:00Z,S-BER-01,F-BER-03,-20.1,38.5,0
2026-02-24T00:00:00Z,S-BER-01,F-BER-03,-20.7,50.6,0
2026-02-24T06:00:00Z,S-BER-01,F-BER-03,-20.6,48.5,0
2026-02-24T12:00:00Z,S-BER-01,F-BER-03,-19.3,41.8,0
2026-02-24T18:00:00Z,S-BER-01,F-BER-03,-20.0,44.4,0
2026-02-25T00:00:00Z,S-BER-01,F-BER-03,-20.7,49.6,0
2026-02-25T06:00:00Z,S-BER-01,F-BER-03,-19.8,40.6,0
2026-02-25T12:00:00Z,S-BER-01,F-BER-03,-20.5,51.3,0
2026-02-25T18:00:00Z,S-BER-01,F-BER-03,-19.5,49.9,0
2026-02-26T00:00:00Z,S-BER-01,F-BER-03,-19.3,41.1,0
2026-02-26T06:00:00Z,S-BER-01,F-BER-03,-19.1,45.6,0
2026-02-26T12:00:00Z,S-BER-01,F-BER-03,-19.2,46.0,1
2026-02-26T18:00:00Z,S-BER-01,F-BER-03,-20.2,41.7,0
2026-02-27T00:00:00Z,S-BER-01,F-BER-03,-19.2,40.6,0
2026-02-27T06:00:00Z,S-BER-01,F-BER-03,-19.5,48.1,0
2026-02-27T12:00:00Z,S-BER-01,F-BER-03,-19.1,40.5,0
2026-02-27T18:00:00Z,S-BER-01,F-BER-03,-20.2,51.6,0
2026-02-28T00:00:00Z,S-BER-01,F-BER-03,-19.1,41.1,0
2026-02-28T06:00:00Z,S-BER-01,F-BER-03,-19.6,42.8,0
2026-02-28T12:00:00Z,S-BER-01,F-BER-03,-19.8,47.6,1
2026-02-28T18:00:00Z,S-BER-01,F-BER-03,-19.3,51.2,1
2026-03-01T00:00:00Z,S-BER-01,F-BER-03,-19.6,43.2,0
2026-03-01T06:00:00Z,S-BER-01,F-BER-03,-20.9,47.0,0
2026-03-01T12:00:00Z,S-BER-01,F-BER-03,-20.0,51.4,0
2026-03-01T18:00:00Z,S-BER-01,F-BER-03,-19.9,38.2,0
2026-03-02T00:00:00Z,S-BER-01,F-BER-03,-20.0,47.5,0
2026-03-02T06:00:00Z,S-BER-01,F-BER-03,-19.4,41.1,0
2026-03-02T12:00:00Z,S-BER-01,F-BER-03,-20.6,46.8,1
2026-03-02T18:00:00Z,S-BER-01,F-BER-03,-19.6,45.2,0
2026-03-03T00:00:00Z,S-BER-01,F-BER-03,-19.1,39.6,0
2026-03-03T06:00:00Z,S-BER-01,F-BER-03,-20.0,44.8,0
2026-03-03T12:00:00Z,S-BER-01,F-BER-03,-20.9,45.3,0
2026-03-03T18:00:00Z,S-BER-01,F-BER-03,-19.8,41.8,1
2026-03-04T00:00:00Z,S-BER-01,F-BER-03,-19.3,40.9,0
2026-03-04T06:00:00Z,S-BER-01,F-BER-03,-20.4,42.6,0
2026-03-04T12:00:00Z,S-BER-01,F-BER-03,-20.1,42.6,0
2026-03-04T18:00:00Z,S-BER-01,F-BER-03,-20.8,48.2,0
2026-03-05T00:00:00Z,S-BER-01,F-BER-03,-19.2,49.4,0
2026-03-05T06:00:00Z,S-BER-01,F-BER-03,-20.0,49.8,0
2026-03-05T12:00:00Z,S-BER-01,F-BER-03,-20.0,41.3,0
2026-03-05T18:00:00Z,S-BER-01,F-BER-03,-19.3,38.6,0
2026-03-06T00:00:00Z,S-BER-01,F-BER-03,-20.5,49.9,0
2026-03-06T06:00:00Z,S-BER-01,F-BER-03,-19.6,47.0,0
2026-03-06T12:00:00Z,S-BER-01,F-BER-03,-20.8,51.3,0
2026-03-06T18:00:00Z,S-BER-01,F-BER-03,-20.9,43.0,0
2026-03-07T00:00:00Z,S-BER-01,F-BER-03,-19.8,51.3,0
2026-03-07T06:00:00Z,S-BER-01,F-BER-03,-20.8,46.3,0
2026-03-07T12:00:00Z,S-BER-01,F-BER-03,-20.1,38.8,0
2026-03-07T18:00:00Z,S-BER-01,F-BER-03,-20.7,44.7,0
2026-03-08T00:00:00Z,S-BER-01,F-BER-03,-20.7,49.8,0
2026-03-08T06:00:00Z,S-BER-01,F-BER-03,-19.9,50.0,0
2026-03-08T12:00:00Z,S-BER-01,F-BER-03,-20.3,40.3,0
2026-03-08T18:00:00Z,S-BER-01,F-BER-03,-20.3,49.3,0
2026-03-09T00:00:00Z,S-BER-01,F-BER-03,-20.1,38.8,0
2026-03-09T06:00:00Z,S-BER-01,F-BER-03,-20.4,48.8,0
2026-03-09T12:00:00Z,S-BER-01,F-BER-03,-20.0,49.1,0
2026-03-09T18:00:00Z,S-BER-01,F-BER-03,-20.1,42.2,0
2026-03-10T00:00:00Z,S-BER-01,F-BER-03,-20.0,42.7,0
2026-03-10T06:00:00Z,S-BER-01,F-BER-03,-20.3,48.4,0
2026-03-10T12:00:00Z,S-BER-01,F-BER-03,-19.7,45.6,0
2026-03-10T18:00:00Z,S-BER-01,F-BER-03,-19.8,51.5,0
2026-03-11T00:00:00Z,S-BER-01,F-BER-03,-20.4,48.0,0
2026-03-11T06:00:00Z,S-BER-01,F-BER-03,-19.8,40.5,0
2026-03-11T12:00:00Z,S-BER-01,F-BER-03,-20.7,51.4,0
2026-03-11T18:00:00Z,S-BER-01,F-BER-03,-19.1,49.4,0
2026-03-12T00:00:00Z,S-BER-01,F-BER-03,-20.3,39.9,0
2026-03-12T06:00:00Z,S-BER-01,F-BER-03,-19.3,50.4,0
2026-03-12T12:00:00Z,S-BER-01,F-BER-03,-20.9,49.2,0
2026-03-12T18:00:00Z,S-BER-01,F-BER-03,-20.5,47.1,0
2026-03-13T00:00:00Z,S-BER-01,F-BER-03,-19.1,39.8,0
2026-03-13T06:00:00Z,S-BER-01,F-BER-03,-19.2,50.4,0
2026-03-13T12:00:00Z,S-BER-01,F-BER-03,-19.3,49.2,0
2026-03-13T18:00:00Z,S-BER-01,F-BER-03,-20.9,38.1,0
2026-03-14T00:00:00Z,S-BER-01,F-BER-03,-20.9,40.9,0
2026-03-14T06:00:00Z,S-BER-01,F-BER-03,-19.7,45.8,0
2026-03-14T12:00:00Z,S-BER-01,F-BER-03,-20.6,39.4,0
2026-03-14T18:00:00Z,S-BER-01,F-BER-03,-19.3,45.3,0
2026-03-15T00:00:00Z,S-BER-01,F-BER-03,-19.8,51.9,0
2026-03-15T06:00:00Z,S-BER-01,F-BER-03,-20.0,45.0,0
2026-03-15T12:00:00Z,S-BER-01,F-BER-03,-19.3,51.9,0
2026-03-15T18:00:00Z,S-BER-01,F-BER-03,-20.1,46.9,0
2026-03-16T00:00:00Z,S-BER-01,F-BER-03,-19.1,47.0,0
2026-03-16T06:00:00Z,S-BER-01,F-BER-03,-20.7,38.1,0
2026-03-16T12:00:00Z,S-BER-01,F-BER-03,-20.3,45.2,0
2026-03-16T18:00:00Z,S-BER-01,F-BER-03,-20.7,43.2,0
2026-03-17T00:00:00Z,S-BER-01,F-BER-03,-19.1,45.4,0
2026-03-17T06:00:00Z,S-BER-01,F-BER-03,-19.4,40.4,0
2026-03-17T12:00:00Z,S-BER-01,F-BER-03,-19.9,49.4,0
2026-03-17T18:00:00Z,S-BER-01,F-BER-03,-20.6,38.9,0
2026-03-18T00:00:00Z,S-BER-01,F-BER-03,-20.7,49.8,0
2026-03-18T06:00:00Z,S-BER-01,F-BER-03,-21.0,42.3,0
2026-03-18T12:00:00Z,S-BER-01,F-BER-03,-20.8,43.3,1
2026-03-18T18:00:00Z,S-BER-01,F-BER-03,-20.8,41.4,0
2026-03-19T00:00:00Z,S-BER-01,F-BER-03,-20.7,48.0,0
2026-03-19T06:00:00Z,S-BER-01,F-BER-03,-20.1,38.3,0
2026-03-19T12:00:00Z,S-BER-01,F-BER-03,-20.7,44.6,0
2026-03-19T18:00:00Z,S-BER-01,F-BER-03,-20.8,44.4,0
2026-03-20T00:00:00Z,S-BER-01,F-BER-03,-19.2,44.7,0
2026-03-20T06:00:00Z,S-BER-01,F-BER-03,-20.4,48.5,0
2026-03-20T12:00:00Z,S-BER-01,F-BER-03,-20.3,46.8,0
2026-03-20T18:00:00Z,S-BER-01,F-BER-03,-20.2,50.1,0
2026-03-21T00:00:00Z,S-BER-01,F-BER-03,-20.3,46.7,0
2026-03-21T06:00:00Z,S-BER-01,F-BER-03,-20.0,48.9,0
2026-03-21T12:00:00Z,S-BER-01,F-BER-03,-19.7,44.4,0
2026-03-21T18:00:00Z,S-BER-01,F-BER-03,-19.9,48.2,0
2026-03-22T00:00:00Z,S-BER-01,F-BER-03,-19.9,40.5,0
2026-03-22T06:00:00Z,S-BER-01,F-BER-03,-20.1,39.7,0
2026-03-22T12:00:00Z,S-BER-01,F-BER-03,-20.1,38.9,0
2026-03-22T18:00:00Z,S-BER-01,F-BER-03,-20.6,49.0,0
2026-03-23T00:00:00Z,S-BER-01,F-BER-03,-19.1,47.2,0
2026-03-23T06:00:00Z,S-BER-01,F-BER-03,-19.1,51.4,0
2026-03-23T12:00:00Z,S-BER-01,F-BER-03,-19.1,42.6,0
2026-03-23T18:00:00Z,S-BER-01,F-BER-03,-19.8,45.9,0
2026-03-24T00:00:00Z,S-BER-01,F-BER-03,-19.5,50.3,0
2026-03-24T06:00:00Z,S-BER-01,F-BER-03,-19.1,48.3,0
2026-03-24T12:00:00Z,S-BER-01,F-BER-03,-19.4,47.2,0
2026-03-24T18:00:00Z,S-BER-01,F-BER-03,-19.7,41.3,0
2026-03-25T00:00:00Z,S-BER-01,F-BER-03,-20.5,40.3,0
2026-03-25T06:00:00Z,S-BER-01,F-BER-03,-19.7,47.8,0
2026-03-25T12:00:00Z,S-BER-01,F-BER-03,-20.5,46.1,0
2026-03-25T18:00:00Z,S-BER-01,F-BER-03,-20.6,45.8,0
2026-03-26T00:00:00Z,S-BER-01,F-BER-03,-20.2,44.8,0
2026-03-26T06:00:00Z,S-BER-01,F-BER-03,-19.7,48.3,0
2026-03-26T12:00:00Z,S-BER-01,F-BER-03,-19.2,41.1,0
2026-03-26T18:00:00Z,S-BER-01,F-BER-03,-20.4,51.2,0
2026-03-27T00:00:00Z,S-BER-01,F-BER-03,-20.5,41.6,0
2026-03-27T06:00:00Z,S-BER-01,F-BER-03,-19.4,48.8,0
2026-03-27T12:00:00Z,S-BER-01,F-BER-03,-19.8,48.2,0
2026-03-27T18:00:00Z,S-BER-01,F-BER-03,-20.1,49.5,0
2026-03-28T00:00:00Z,S-BER-01,F-BER-03,-20.1,40.6,0
2026-03-28T06:00:00Z,S-BER-01,F-BER-03,-20.7,39.0,0
2026-03-28T12:00:00Z,S-BER-01,F-BER-03,-20.9,41.5,0
2026-03-28T18:00:00Z,S-BER-01,F-BER-03,-20.1,45.4,0
2026-03-29T00:00:00Z,S-BER-01,F-BER-03,-20.8,44.9,0
2026-03-29T06:00:00Z,S-BER-01,F-BER-03,-19.2,42.6,0
2026-03-29T12:00:00Z,S-BER-01,F-BER-03,-19.8,45.8,0
2026-03-29T18:00:00Z,S-BER-01,F-BER-03,-20.5,40.1,0
2026-03-30T00:00:00Z,S-BER-01,F-BER-03,-19.5,39.4,0
2026-03-30T06:00:00Z,S-BER-01,F-BER-03,-19.4,43.6,0
2026-03-30T12:00:00Z,S-BER-01,F-BER-03,-19.4,50.1,0
2026-03-30T18:00:00Z,S-BER-01,F-BER-03,-20.7,50.4,0
2026-03-31T00:00:00Z,S-BER-01,F-BER-03,-19.9,46.5,0
2026-03-31T06:00:00Z,S-BER-01,F-BER-03,-19.1,50.4,0
2026-03-31T12:00:00Z,S-BER-01,F-BER-03,-20.0,45.1,0
2026-03-31T18:00:00Z,S-BER-01,F-BER-03,-20.3,40.9,0
2026-04-01T00:00:00Z,S-BER-01,F-BER-03,-19.6,43.2,0
2026-04-01T06:00:00Z,S-BER-01,F-BER-03,-20.0,40.6,0
2026-04-01T12:00:00Z,S-BER-01,F-BER-03,-19.7,43.5,1
2026-04-01T18:00:00Z,S-BER-01,F-BER-03,-19.3,48.5,0
2026-04-02T00:00:00Z,S-BER-01,F-BER-03,-19.5,40.8,0
2026-04-02T06:00:00Z,S-BER-01,F-BER-03,-20.4,42.2,0
2026-04-02T12:00:00Z,S-BER-01,F-BER-03,-19.2,47.0,0
2026-04-02T18:00:00Z,S-BER-01,F-BER-03,-19.3,46.0,1
2026-04-03T00:00:00Z,S-BER-01,F-BER-03,-20.9,49.7,0
2026-04-03T06:00:00Z,S-BER-01,F-BER-03,-20.7,40.9,0
2026-04-03T12:00:00Z,S-BER-01,F-BER-03,-19.5,50.6,0
2026-04-03T18:00:00Z,S-BER-01,F-BER-03,-21.0,40.1,0
2026-04-04T00:00:00Z,S-BER-01,F-BER-03,-19.4,48.2,0
2026-04-04T06:00:00Z,S-BER-01,F-BER-03,-19.8,42.9,0
2026-04-04T12:00:00Z,S-BER-01,F-BER-03,-21.0,42.2,0
2026-04-04T18:00:00Z,S-BER-01,F-BER-03,-19.7,48.3,0
2026-04-05T00:00:00Z,S-BER-01,F-BER-03,-19.8,40.7,0
2026-04-05T06:00:00Z,S-BER-01,F-BER-03,-21.0,43.8,0
2026-04-05T12:00:00Z,S-BER-01,F-BER-03,-20.1,40.9,0
2026-04-05T18:00:00Z,S-BER-01,F-BER-03,-20.8,51.5,0
2026-04-06T00:00:00Z,S-BER-01,F-BER-03,-20.9,40.1,0
2026-04-06T06:00:00Z,S-BER-01,F-BER-03,-20.7,40.9,0
2026-04-06T12:00:00Z,S-BER-01,F-BER-03,-20.8,47.6,0
2026-04-06T18:00:00Z,S-BER-01,F-BER-03,-20.1,44.5,0
2026-04-07T00:00:00Z,S-BER-01,F-BER-03,-20.9,46.5,0
2026-04-07T06:00:00Z,S-BER-01,F-BER-03,-19.5,39.2,0
2026-04-07T12:00:00Z,S-BER-01,F-BER-03,-20.8,43.6,0
2026-04-07T18:00:00Z,S-BER-01,F-BER-03,-20.6,39.7,0
2026-04-08T00:00:00Z,S-BER-01,F-BER-03,-20.1,48.1,0
2026-04-08T06:00:00Z,S-BER-01,F-BER-03,-19.7,51.0,0
2026-04-08T12:00:00Z,S-BER-01,F-BER-03,-19.5,51.1,0
2026-04-08T18:00:00Z,S-BER-01,F-BER-03,-19.8,48.2,1
2026-04-09T00:00:00Z,S-BER-01,F-BER-03,-19.9,44.0,0
2026-04-09T06:00:00Z,S-BER-01,F-BER-03,-20.3,45.5,0
2026-04-09T12:00:00Z,S-BER-01,F-BER-03,-19.7,44.4,0
2026-04-09T18:00:00Z,S-BER-01,F-BER-03,-19.4,48.9,1
2026-04-10T00:00:00Z,S-BER-01,F-BER-03,-19.5,41.9,0
2026-04-10T06:00:00Z,S-BER-01,F-BER-03,-20.8,42.0,0
2026-04-10T12:00:00Z,S-BER-01,F-BER-03,-19.4,47.6,0
2026-04-10T18:00:00Z,S-BER-01,F-BER-03,-20.7,42.7,1
2026-04-11T00:00:00Z,S-BER-01,F-BER-03,-19.7,51.7,0
2026-04-11T06:00:00Z,S-BER-01,F-BER-03,-20.7,42.0,0
2026-04-11T12:00:00Z,S-BER-01,F-BER-03,-20.7,49.8,0
2026-04-11T18:00:00Z,S-BER-01,F-BER-03,-19.6,43.1,0
2026-04-12T00:00:00Z,S-BER-01,F-BER-03,-19.6,49.8,0
2026-04-12T06:00:00Z,S-BER-01,F-BER-03,-20.9,48.4,0
2026-04-12T12:00:00Z,S-BER-01,F-BER-03,-19.7,49.3,0
2026-04-12T18:00:00Z,S-BER-01,F-BER-03,-19.7,46.3,0
2026-04-13T00:00:00Z,S-BER-01,F-BER-03,-19.6,45.0,0
2026-04-13T06:00:00Z,S-BER-01,F-BER-03,-21.0,39.4,0
2026-04-13T12:00:00Z,S-BER-01,F-BER-03,-19.1,39.7,0
2026-04-13T18:00:00Z,S-BER-01,F-BER-03,-20.2,43.0,0
2026-04-14T00:00:00Z,S-BER-01,F-BER-03,-20.3,42.3,0
2026-04-14T06:00:00Z,S-BER-01,F-BER-03,-19.2,41.0,0
2026-04-14T12:00:00Z,S-BER-01,F-BER-03,-20.9,51.2,0
2026-04-14T18:00:00Z,S-BER-01,F-BER-03,-19.4,38.4,0
2026-04-15T00:00:00Z,S-BER-01,F-BER-03,-19.1,43.9,0
2026-04-15T06:00:00Z,S-BER-01,F-BER-03,-20.3,40.3,0
2026-04-15T12:00:00Z,S-BER-01,F-BER-03,-20.5,44.9,1
2026-04-15T18:00:00Z,S-BER-01,F-BER-03,-19.8,38.9,0
2026-04-16T00:00:00Z,S-BER-01,F-BER-03,-19.1,44.0,0
2026-04-16T06:00:00Z,S-BER-01,F-BER-03,-19.3,38.3,0
2026-04-16T12:00:00Z,S-BER-01,F-BER-03,-20.5,39.8,0
2026-04-16T18:00:00Z,S-BER-01,F-BER-03,-19.7,50.6,0
2026-04-17T00:00:00Z,S-BER-01,F-BER-03,-20.5,50.1,0
2026-04-17T06:00:00Z,S-BER-01,F-BER-03,-19.3,47.6,0
2026-04-17T12:00:00Z,S-BER-01,F-BER-03,-19.7,41.1,0
2026-04-17T18:00:00Z,S-BER-01,F-BER-03,-20.4,41.5,0
2026-04-18T00:00:00Z,S-BER-01,F-BER-03,-19.8,50.7,0
2026-04-18T06:00:00Z,S-BER-01,F-BER-03,-20.2,44.9,0
2026-04-18T12:00:00Z,S-BER-01,F-BER-03,-19.2,47.0,0
2026-04-18T18:00:00Z,S-BER-01,F-BER-03,-19.2,42.3,1
2026-04-19T00:00:00Z,S-BER-01,F-BER-03,-20.1,47.5,0
2026-04-19T06:00:00Z,S-BER-01,F-BER-03,-19.0,43.2,0
2026-04-19T12:00:00Z,S-BER-01,F-BER-03,-20.1,40.4,0
2026-04-19T18:00:00Z,S-BER-01,F-BER-03,-20.0,39.5,0
2026-04-20T00:00:00Z,S-BER-01,F-BER-03,-20.5,44.1,0
2026-04-20T06:00:00Z,S-BER-01,F-BER-03,-20.8,45.8,0
2026-04-20T12:00:00Z,S-BER-01,F-BER-03,-19.5,49.2,0
2026-04-20T18:00:00Z,S-BER-01,F-BER-03,-20.9,38.4,0
2026-04-21T00:00:00Z,S-BER-01,F-BER-03,-19.4,45.8,0
2026-04-21T06:00:00Z,S-BER-01,F-BER-03,-20.8,43.6,0
2026-04-21T12:00:00Z,S-BER-01,F-BER-03,-19.5,39.3,0
2026-04-21T18:00:00Z,S-BER-01,F-BER-03,-20.0,45.6,0
2026-04-22T00:00:00Z,S-BER-01,F-BER-03,-19.4,47.4,0
2026-04-22T06:00:00Z,S-BER-01,F-BER-03,-20.1,40.1,0
2026-04-22T12:00:00Z,S-BER-01,F-BER-03,-20.9,48.1,0
2026-04-22T18:00:00Z,S-BER-01,F-BER-03,-19.6,44.5,0
2026-04-23T00:00:00Z,S-BER-01,F-BER-03,-20.9,44.3,0
2026-04-23T06:00:00Z,S-BER-01,F-BER-03,-20.5,44.5,0
2026-04-23T12:00:00Z,S-BER-01,F-BER-03,-20.5,39.1,1
2026-04-23T18:00:00Z,S-BER-01,F-BER-03,-19.3,43.1,0
2026-04-24T00:00:00Z,S-BER-01,F-BER-03,-20.4,42.2,0
2026-04-24T06:00:00Z,S-BER-01,F-BER-03,-19.4,40.4,0
2026-04-24T12:00:00Z,S-BER-01,F-BER-03,-19.6,38.3,0
2026-04-24T18:00:00Z,S-BER-01,F-BER-03,-20.6,45.4,0
2026-04-25T00:00:00Z,S-BER-01,F-BER-03,-20.3,44.0,0
2026-04-25T06:00:00Z,S-BER-01,F-BER-03,-20.1,41.6,0
2026-04-25T12:00:00Z,S-BER-01,F-BER-03,-20.9,39.7,1
2026-04-25T18:00:00Z,S-BER-01,F-BER-03,-20.6,47.4,0
2026-04-26T00:00:00Z,S-BER-01,F-BER-03,-20.6,43.6,0
2026-04-26T06:00:00Z,S-BER-01,F-BER-03,-19.4,50.9,0
2026-04-26T12:00:00Z,S-BER-01,F-BER-03,-20.1,41.6,0
2026-04-26T18:00:00Z,S-BER-01,F-BER-03,-20.2,49.5,1
2026-04-27T00:00:00Z,S-BER-01,F-BER-03,-19.8,45.3,0
2026-04-27T06:00:00Z,S-BER-01,F-BER-03,-19.3,47.8,0
2026-04-27T12:00:00Z,S-BER-01,F-BER-03,-20.0,38.4,0
2026-04-27T18:00:00Z,S-BER-01,F-BER-03,-20.2,44.0,0
2026-04-28T00:00:00Z,S-BER-01,F-BER-03,-20.3,46.3,0
2026-04-28T06:00:00Z,S-BER-01,F-BER-03,-19.5,49.1,0
2026-04-28T12:00:00Z,S-BER-01,F-BER-03,-20.9,46.2,0
2026-04-28T18:00:00Z,S-BER-01,F-BER-03,-20.8,41.5,1
2026-04-29T00:00:00Z,S-BER-01,F-BER-03,-19.7,46.2,0
2026-04-29T06:00:00Z,S-BER-01,F-BER-03,-19.9,51.2,0
2026-04-29T12:00:00Z,S-BER-01,F-BER-03,-20.9,48.0,0
2026-04-29T18:00:00Z,S-BER-01,F-BER-03,-19.3,46.8,0
2026-04-30T00:00:00Z,S-BER-01,F-BER-03,-21.0,41.5,0
2026-04-30T06:00:00Z,S-BER-01,F-BER-03,-19.0,38.9,0
2026-04-30T12:00:00Z,S-BER-01,F-BER-03,-19.4,38.6,0
2026-04-30T18:00:00Z,S-BER-01,F-BER-03,-20.0,49.3,0
2026-05-01T00:00:00Z,S-BER-01,F-BER-03,-19.3,49.5,0
2026-05-01T06:00:00Z,S-BER-01,F-BER-03,-19.1,43.5,0
2026-05-01T12:00:00Z,S-BER-01,F-BER-03,-19.8,51.9,0
2026-05-01T18:00:00Z,S-BER-01,F-BER-03,-19.7,40.8,0
2026-05-02T00:00:00Z,S-BER-01,F-BER-03,-19.6,49.4,0
2026-05-02T06:00:00Z,S-BER-01,F-BER-03,-20.2,45.8,0
2026-05-02T12:00:00Z,S-BER-01,F-BER-03,-20.4,43.8,0
2026-05-02T18:00:00Z,S-BER-01,F-BER-03,-20.8,41.0,0
2026-05-03T00:00:00Z,S-BER-01,F-BER-03,-20.9,44.7,0
2026-05-03T06:00:00Z,S-BER-01,F-BER-03,-20.5,41.3,0
2026-05-03T12:00:00Z,S-BER-01,F-BER-03,-20.7,42.5,0
2026-05-03T18:00:00Z,S-BER-01,F-BER-03,-19.5,51.5,0
2026-05-04T00:00:00Z,S-BER-01,F-BER-03,-19.8,46.2,0
2026-05-04T06:00:00Z,S-BER-01,F-BER-03,-19.2,51.9,0
2026-05-04T12:00:00Z,S-BER-01,F-BER-03,-20.1,38.2,0
2026-05-04T18:00:00Z,S-BER-01,F-BER-03,-19.2,40.3,0
2026-05-05T00:00:00Z,S-BER-01,F-BER-03,-19.0,47.2,0
2026-05-05T06:00:00Z,S-BER-01,F-BER-03,-20.9,44.5,0
2026-05-05T12:00:00Z,S-BER-01,F-BER-03,-20.0,49.5,0
2026-05-05T18:00:00Z,S-BER-01,F-BER-03,-20.7,39.2,1
2026-05-06T00:00:00Z,S-BER-01,F-BER-03,-20.0,57.4,1
2026-05-06T06:00:00Z,S-BER-01,F-BER-03,-11.5,65.0,1
2026-05-06T12:00:00Z,S-BER-01,F-BER-03,-20.0,55.4,1
2026-05-06T18:00:00Z,S-BER-01,F-BER-03,-19.4,46.8,1
2026-05-07T00:00:00Z,S-BER-01,F-BER-03,-19.1,51.1,0
2026-05-07T06:00:00Z,S-BER-01,F-BER-03,-19.1,49.2,0
2026-05-07T12:00:00Z,S-BER-01,F-BER-03,-20.5,47.6,0
2026-05-07T18:00:00Z,S-BER-01,F-BER-03,-19.9,46.3,0
2026-05-08T00:00:00Z,S-BER-01,F-BER-03,-19.4,44.3,0
2026-05-08T06:00:00Z,S-BER-01,F-BER-03,-20.7,39.6,0
2026-05-08T12:00:00Z,S-BER-01,F-BER-03,-19.0,51.5,0
2026-05-08T18:00:00Z,S-BER-01,F-BER-03,-19.9,46.8,0
2026-05-09T00:00:00Z,S-BER-01,F-BER-03,-19.1,45.1,0
2026-05-09T06:00:00Z,S-BER-01,F-BER-03,-19.4,49.9,0
2026-05-09T12:00:00Z,S-BER-01,F-BER-03,-19.1,51.0,0
2026-05-09T18:00:00Z,S-BER-01,F-BER-03,-20.4,39.9,0
2026-05-10T00:00:00Z,S-BER-01,F-BER-03,-20.1,50.3,0
2026-05-10T06:00:00Z,S-BER-01,F-BER-03,-20.3,45.2,0
2026-05-10T12:00:00Z,S-BER-01,F-BER-03,-19.1,46.0,0
2026-05-10T18:00:00Z,S-BER-01,F-BER-03,-20.0,44.1,1
2026-05-11T00:00:00Z,S-BER-01,F-BER-03,-20.7,49.4,0
2026-05-11T06:00:00Z,S-BER-01,F-BER-03,-20.5,38.7,0
2026-05-11T12:00:00Z,S-BER-01,F-BER-03,-20.1,44.6,1
2026-05-11T18:00:00Z,S-BER-01,F-BER-03,-19.3,49.8,0
2026-05-12T00:00:00Z,S-BER-01,F-BER-03,-20.8,46.3,0
2026-05-12T06:00:00Z,S-BER-01,F-BER-03,-20.8,47.1,0
2026-05-12T12:00:00Z,S-BER-01,F-BER-03,-20.8,40.2,0
2026-05-12T18:00:00Z,S-BER-01,F-BER-03,-19.7,46.3,0
2026-05-13T00:00:00Z,S-BER-01,F-BER-03,-19.8,43.9,0
2026-05-13T06:00:00Z,S-BER-01,F-BER-03,-19.2,40.1,0
2026-05-13T12:00:00Z,S-BER-01,F-BER-03,-19.5,43.5,0
2026-05-13T18:00:00Z,S-BER-01,F-BER-03,-19.7,49.9,0
2026-05-14T00:00:00Z,S-BER-01,F-BER-03,-20.9,38.6,0
2026-05-14T06:00:00Z,S-BER-01,F-BER-03,-20.3,48.0,0
2026-05-14T12:00:00Z,S-BER-01,F-BER-03,-20.5,49.1,0
2026-05-14T18:00:00Z,S-BER-01,F-BER-03,-20.2,43.0,1
2026-05-15T00:00:00Z,S-BER-01,F-BER-03,-19.2,47.0,0
2026-05-15T06:00:00Z,S-BER-01,F-BER-03,-20.6,42.0,0
2026-05-15T12:00:00Z,S-BER-01,F-BER-03,-19.2,47.7,0
2026-05-15T18:00:00Z,S-BER-01,F-BER-03,-20.3,43.3,1
2026-05-16T00:00:00Z,S-BER-01,F-BER-03,-19.1,46.1,0
2026-05-16T06:00:00Z,S-BER-01,F-BER-03,-19.3,47.2,0
2026-05-16T12:00:00Z,S-BER-01,F-BER-03,-19.7,40.5,0
2026-05-16T18:00:00Z,S-BER-01,F-BER-03,-19.2,51.0,0
2026-05-17T00:00:00Z,S-BER-01,F-BER-03,-20.4,46.5,0
2026-05-17T06:00:00Z,S-BER-01,F-BER-03,-20.2,41.5,0
2026-05-17T12:00:00Z,S-BER-01,F-BER-03,-20.5,46.6,1
2026-05-17T18:00:00Z,S-BER-01,F-BER-03,-20.1,42.4,1
2026-05-18T00:00:00Z,S-BER-01,F-BER-03,-21.0,45.9,0
2026-05-18T06:00:00Z,S-BER-01,F-BER-03,-20.8,40.0,0
2026-05-18T12:00:00Z,S-BER-01,F-BER-03,-19.0,43.0,0
2026-05-18T18:00:00Z,S-BER-01,F-BER-03,-19.3,43.7,0
2026-05-19T00:00:00Z,S-BER-01,F-BER-03,-20.7,45.0,0
2026-05-19T06:00:00Z,S-BER-01,F-BER-03,-19.9,49.1,0
2026-05-19T12:00:00Z,S-BER-01,F-BER-03,-20.6,45.5,0
2026-05-19T18:00:00Z,S-BER-01,F-BER-03,-20.0,46.6,0
2026-05-20T00:00:00Z,S-BER-01,F-BER-03,-20.7,41.6,0
2026-05-20T06:00:00Z,S-BER-01,F-BER-03,-20.0,51.9,0
2026-05-20T12:00:00Z,S-BER-01,F-BER-03,-19.5,44.2,0
2026-05-20T18:00:00Z,S-BER-01,F-BER-03,-20.2,46.7,1
2026-05-21T00:00:00Z,S-BER-01,F-BER-03,-20.4,41.0,0
2026-05-21T06:00:00Z,S-BER-01,F-BER-03,-19.3,46.2,0
2026-05-21T12:00:00Z,S-BER-01,F-BER-03,-19.5,48.1,0
2026-05-21T18:00:00Z,S-BER-01,F-BER-03,-19.5,46.4,0
2026-05-22T00:00:00Z,S-BER-01,F-BER-03,-19.0,50.2,0
2026-05-22T06:00:00Z,S-BER-01,F-BER-03,-19.6,39.5,0
2026-05-22T12:00:00Z,S-BER-01,F-BER-03,-20.6,48.1,0
2026-05-22T18:00:00Z,S-BER-01,F-BER-03,-20.3,51.7,1
2026-05-23T00:00:00Z,S-BER-01,F-BER-03,-20.5,45.8,0
2026-05-23T06:00:00Z,S-BER-01,F-BER-03,-20.8,42.7,0
2026-05-23T12:00:00Z,S-BER-01,F-BER-03,-19.3,38.3,0
2026-05-23T18:00:00Z,S-BER-01,F-BER-03,-19.2,41.9,0
2026-05-24T00:00:00Z,S-BER-01,F-BER-03,-20.7,39.7,0
2026-05-24T06:00:00Z,S-BER-01,F-BER-03,-20.8,42.5,0
2026-05-24T12:00:00Z,S-BER-01,F-BER-03,-20.9,40.7,0
2026-05-24T18:00:00Z,S-BER-01,F-BER-03,-20.9,45.9,0
2026-05-25T00:00:00Z,S-BER-01,F-BER-03,-20.9,48.6,0
2026-05-25T06:00:00Z,S-BER-01,F-BER-03,-20.0,50.8,0
2026-05-25T12:00:00Z,S-BER-01,F-BER-03,-19.5,48.8,0
2026-05-25T18:00:00Z,S-BER-01,F-BER-03,-20.5,45.5,0
2026-05-26T00:00:00Z,S-BER-01,F-BER-03,-19.7,45.7,0
2026-05-26T06:00:00Z,S-BER-01,F-BER-03,-19.1,48.2,0
2026-05-26T12:00:00Z,S-BER-01,F-BER-03,-19.3,44.5,0
2026-05-26T18:00:00Z,S-BER-01,F-BER-03,-20.8,39.1,0
2026-05-27T00:00:00Z,S-BER-01,F-BER-03,-20.0,51.9,0
2026-05-27T06:00:00Z,S-BER-01,F-BER-03,-19.4,49.8,0
2026-05-27T12:00:00Z,S-BER-01,F-BER-03,-19.8,50.9,0
2026-05-27T18:00:00Z,S-BER-01,F-BER-03,-19.1,45.6,0
2026-05-28T00:00:00Z,S-BER-01,F-BER-03,-19.9,49.3,0
2026-05-28T06:00:00Z,S-BER-01,F-BER-03,-20.5,51.7,0
2026-05-28T12:00:00Z,S-BER-01,F-BER-03,-20.2,46.7,0
2026-05-28T18:00:00Z,S-BER-01,F-BER-03,-19.1,43.3,0
2026-05-29T00:00:00Z,S-BER-01,F-BER-03,-19.2,39.3,0
2026-05-29T06:00:00Z,S-BER-01,F-BER-03,-20.3,41.7,0
2026-05-29T12:00:00Z,S-BER-01,F-BER-03,-20.4,47.2,1
2026-05-29T18:00:00Z,S-BER-01,F-BER-03,-19.8,48.1,0
2026-05-30T00:00:00Z,S-BER-01,F-BER-03,-20.9,47.6,0
2026-05-30T06:00:00Z,S-BER-01,F-BER-03,-20.0,43.1,0
2026-05-30T12:00:00Z,S-BER-01,F-BER-03,-19.6,43.3,0
2026-05-30T18:00:00Z,S-BER-01,F-BER-03,-20.3,39.0,1
2026-05-31T00:00:00Z,S-BER-01,F-BER-03,-19.6,38.9,0
2026-05-31T06:00:00Z,S-BER-01,F-BER-03,-19.3,45.5,0
2026-05-31T12:00:00Z,S-BER-01,F-BER-03,-19.5,49.3,0
2026-05-31T18:00:00Z,S-BER-01,F-BER-03,-20.4,43.8,0
2026-06-01T00:00:00Z,S-BER-01,F-BER-03,-20.7,45.2,0
2026-06-01T06:00:00Z,S-BER-01,F-BER-03,-20.5,43.2,0
2026-06-01T12:00:00Z,S-BER-01,F-BER-03,-20.9,44.8,1
2026-06-01T18:00:00Z,S-BER-01,F-BER-03,-19.8,47.1,0
2026-06-02T00:00:00Z,S-BER-01,F-BER-03,-20.7,45.4,0
2026-06-02T06:00:00Z,S-BER-01,F-BER-03,-19.8,40.5,0
2026-06-02T12:00:00Z,S-BER-01,F-BER-03,-20.4,43.3,0
2026-06-02T18:00:00Z,S-BER-01,F-BER-03,-19.3,49.0,0
2026-06-03T00:00:00Z,S-BER-01,F-BER-03,-19.9,44.1,0
2026-06-03T06:00:00Z,S-BER-01,F-BER-03,-20.0,38.7,0
2026-06-03T12:00:00Z,S-BER-01,F-BER-03,-19.4,41.7,1
2026-06-03T18:00:00Z,S-BER-01,F-BER-03,-19.4,42.4,0
2026-01-01T00:00:00Z,S-AMS-01,F-AMS-03,-20.3,48.6,0
2026-01-01T06:00:00Z,S-AMS-01,F-AMS-03,-20.3,50.5,0
2026-01-01T12:00:00Z,S-AMS-01,F-AMS-03,-19.9,49.0,0
2026-01-01T18:00:00Z,S-AMS-01,F-AMS-03,-20.4,41.1,0
2026-01-02T00:00:00Z,S-AMS-01,F-AMS-03,-19.4,38.4,0
2026-01-02T06:00:00Z,S-AMS-01,F-AMS-03,-20.7,50.0,0
2026-01-02T12:00:00Z,S-AMS-01,F-AMS-03,-20.3,49.2,0
2026-01-02T18:00:00Z,S-AMS-01,F-AMS-03,-19.4,50.0,0
2026-01-03T00:00:00Z,S-AMS-01,F-AMS-03,-20.2,47.8,0
2026-01-03T06:00:00Z,S-AMS-01,F-AMS-03,-20.9,43.6,0
2026-01-03T12:00:00Z,S-AMS-01,F-AMS-03,-20.3,46.5,0
2026-01-03T18:00:00Z,S-AMS-01,F-AMS-03,-20.9,47.7,0
2026-01-04T00:00:00Z,S-AMS-01,F-AMS-03,-20.7,40.6,0
2026-01-04T06:00:00Z,S-AMS-01,F-AMS-03,-20.7,42.1,0
2026-01-04T12:00:00Z,S-AMS-01,F-AMS-03,-19.1,49.2,0
2026-01-04T18:00:00Z,S-AMS-01,F-AMS-03,-19.2,47.7,0
2026-01-05T00:00:00Z,S-AMS-01,F-AMS-03,-20.2,48.7,0
2026-01-05T06:00:00Z,S-AMS-01,F-AMS-03,-19.8,43.5,0
2026-01-05T12:00:00Z,S-AMS-01,F-AMS-03,-20.8,40.5,0
2026-01-05T18:00:00Z,S-AMS-01,F-AMS-03,-20.8,43.2,0
2026-01-06T00:00:00Z,S-AMS-01,F-AMS-03,-20.0,51.4,0
2026-01-06T06:00:00Z,S-AMS-01,F-AMS-03,-19.9,45.2,0
2026-01-06T12:00:00Z,S-AMS-01,F-AMS-03,-20.2,38.8,0
2026-01-06T18:00:00Z,S-AMS-01,F-AMS-03,-19.0,38.2,0
2026-01-07T00:00:00Z,S-AMS-01,F-AMS-03,-20.0,43.5,0
2026-01-07T06:00:00Z,S-AMS-01,F-AMS-03,-19.6,51.9,0
2026-01-07T12:00:00Z,S-AMS-01,F-AMS-03,-20.7,50.2,0
2026-01-07T18:00:00Z,S-AMS-01,F-AMS-03,-19.8,51.2,0
2026-01-08T00:00:00Z,S-AMS-01,F-AMS-03,-19.4,38.2,0
2026-01-08T06:00:00Z,S-AMS-01,F-AMS-03,-19.4,44.2,0
2026-01-08T12:00:00Z,S-AMS-01,F-AMS-03,-19.0,43.7,0
2026-01-08T18:00:00Z,S-AMS-01,F-AMS-03,-20.7,49.4,1
2026-01-09T00:00:00Z,S-AMS-01,F-AMS-03,-19.5,50.9,0
2026-01-09T06:00:00Z,S-AMS-01,F-AMS-03,-20.9,45.4,0
2026-01-09T12:00:00Z,S-AMS-01,F-AMS-03,-20.5,48.6,0
2026-01-09T18:00:00Z,S-AMS-01,F-AMS-03,-20.5,42.8,0
2026-01-10T00:00:00Z,S-AMS-01,F-AMS-03,-20.2,48.5,0
2026-01-10T06:00:00Z,S-AMS-01,F-AMS-03,-20.9,45.8,0
2026-01-10T12:00:00Z,S-AMS-01,F-AMS-03,-19.1,46.9,0
2026-01-10T18:00:00Z,S-AMS-01,F-AMS-03,-20.5,45.2,0
2026-01-11T00:00:00Z,S-AMS-01,F-AMS-03,-20.8,45.8,0
2026-01-11T06:00:00Z,S-AMS-01,F-AMS-03,-19.5,45.0,0
2026-01-11T12:00:00Z,S-AMS-01,F-AMS-03,-19.2,43.1,0
2026-01-11T18:00:00Z,S-AMS-01,F-AMS-03,-19.1,38.7,0
2026-01-12T00:00:00Z,S-AMS-01,F-AMS-03,-20.1,42.3,0
2026-01-12T06:00:00Z,S-AMS-01,F-AMS-03,-20.3,47.1,0
2026-01-12T12:00:00Z,S-AMS-01,F-AMS-03,-20.3,40.0,0
2026-01-12T18:00:00Z,S-AMS-01,F-AMS-03,-19.2,39.6,0
2026-01-13T00:00:00Z,S-AMS-01,F-AMS-03,-20.7,48.0,0
2026-01-13T06:00:00Z,S-AMS-01,F-AMS-03,-20.1,48.8,0
2026-01-13T12:00:00Z,S-AMS-01,F-AMS-03,-19.8,48.3,0
2026-01-13T18:00:00Z,S-AMS-01,F-AMS-03,-19.6,46.7,0
2026-01-14T00:00:00Z,S-AMS-01,F-AMS-03,-20.8,44.1,0
2026-01-14T06:00:00Z,S-AMS-01,F-AMS-03,-19.5,48.7,0
2026-01-14T12:00:00Z,S-AMS-01,F-AMS-03,-20.5,42.1,0
2026-01-14T18:00:00Z,S-AMS-01,F-AMS-03,-19.5,44.8,1
2026-01-15T00:00:00Z,S-AMS-01,F-AMS-03,-19.3,45.8,0
2026-01-15T06:00:00Z,S-AMS-01,F-AMS-03,-20.2,40.4,0
2026-01-15T12:00:00Z,S-AMS-01,F-AMS-03,-20.9,44.6,0
2026-01-15T18:00:00Z,S-AMS-01,F-AMS-03,-19.7,38.9,0
2026-01-16T00:00:00Z,S-AMS-01,F-AMS-03,-19.8,43.4,0
2026-01-16T06:00:00Z,S-AMS-01,F-AMS-03,-20.5,38.6,0
2026-01-16T12:00:00Z,S-AMS-01,F-AMS-03,-20.3,46.9,1
2026-01-16T18:00:00Z,S-AMS-01,F-AMS-03,-19.8,49.1,0
2026-01-17T00:00:00Z,S-AMS-01,F-AMS-03,-19.6,45.0,0
2026-01-17T06:00:00Z,S-AMS-01,F-AMS-03,-20.7,46.7,0
2026-01-17T12:00:00Z,S-AMS-01,F-AMS-03,-20.5,49.9,0
2026-01-17T18:00:00Z,S-AMS-01,F-AMS-03,-21.0,50.0,0
2026-01-18T00:00:00Z,S-AMS-01,F-AMS-03,-19.4,48.4,0
2026-01-18T06:00:00Z,S-AMS-01,F-AMS-03,-20.0,48.0,0
2026-01-18T12:00:00Z,S-AMS-01,F-AMS-03,-20.2,44.6,0
2026-01-18T18:00:00Z,S-AMS-01,F-AMS-03,-19.2,49.8,0
2026-01-19T00:00:00Z,S-AMS-01,F-AMS-03,-20.7,41.6,0
2026-01-19T06:00:00Z,S-AMS-01,F-AMS-03,-19.2,51.4,0
2026-01-19T12:00:00Z,S-AMS-01,F-AMS-03,-20.5,44.0,0
2026-01-19T18:00:00Z,S-AMS-01,F-AMS-03,-20.6,45.5,0
2026-01-20T00:00:00Z,S-AMS-01,F-AMS-03,-20.9,46.4,0
2026-01-20T06:00:00Z,S-AMS-01,F-AMS-03,-20.6,47.9,0
2026-01-20T12:00:00Z,S-AMS-01,F-AMS-03,-19.9,38.2,0
2026-01-20T18:00:00Z,S-AMS-01,F-AMS-03,-19.5,49.2,0
2026-01-21T00:00:00Z,S-AMS-01,F-AMS-03,-20.5,46.3,0
2026-01-21T06:00:00Z,S-AMS-01,F-AMS-03,-20.7,44.4,0
2026-01-21T12:00:00Z,S-AMS-01,F-AMS-03,-20.0,47.3,0
2026-01-21T18:00:00Z,S-AMS-01,F-AMS-03,-19.5,49.3,0
2026-01-22T00:00:00Z,S-AMS-01,F-AMS-03,-20.1,46.2,0
2026-01-22T06:00:00Z,S-AMS-01,F-AMS-03,-20.0,40.2,0
2026-01-22T12:00:00Z,S-AMS-01,F-AMS-03,-19.2,47.7,1
2026-01-22T18:00:00Z,S-AMS-01,F-AMS-03,-19.0,42.4,0
2026-01-23T00:00:00Z,S-AMS-01,F-AMS-03,-20.7,44.7,0
2026-01-23T06:00:00Z,S-AMS-01,F-AMS-03,-20.5,44.3,0
2026-01-23T12:00:00Z,S-AMS-01,F-AMS-03,-20.7,43.3,1
2026-01-23T18:00:00Z,S-AMS-01,F-AMS-03,-20.8,48.2,0
2026-01-24T00:00:00Z,S-AMS-01,F-AMS-03,-19.5,43.3,0
2026-01-24T06:00:00Z,S-AMS-01,F-AMS-03,-20.5,41.7,0
2026-01-24T12:00:00Z,S-AMS-01,F-AMS-03,-19.2,49.6,0
2026-01-24T18:00:00Z,S-AMS-01,F-AMS-03,-19.8,40.3,0
2026-01-25T00:00:00Z,S-AMS-01,F-AMS-03,-19.9,39.4,0
2026-01-25T06:00:00Z,S-AMS-01,F-AMS-03,-19.0,51.8,0
2026-01-25T12:00:00Z,S-AMS-01,F-AMS-03,-19.7,45.0,0
2026-01-25T18:00:00Z,S-AMS-01,F-AMS-03,-19.4,51.2,0
2026-01-26T00:00:00Z,S-AMS-01,F-AMS-03,-19.0,45.2,0
2026-01-26T06:00:00Z,S-AMS-01,F-AMS-03,-20.0,38.7,0
2026-01-26T12:00:00Z,S-AMS-01,F-AMS-03,-19.8,50.9,0
2026-01-26T18:00:00Z,S-AMS-01,F-AMS-03,-20.8,49.4,1
2026-01-27T00:00:00Z,S-AMS-01,F-AMS-03,-20.5,50.4,0
2026-01-27T06:00:00Z,S-AMS-01,F-AMS-03,-21.0,47.7,0
2026-01-27T12:00:00Z,S-AMS-01,F-AMS-03,-20.2,44.1,1
2026-01-27T18:00:00Z,S-AMS-01,F-AMS-03,-19.2,45.1,0
2026-01-28T00:00:00Z,S-AMS-01,F-AMS-03,-19.7,45.8,0
2026-01-28T06:00:00Z,S-AMS-01,F-AMS-03,-19.4,44.7,0
2026-01-28T12:00:00Z,S-AMS-01,F-AMS-03,-20.2,38.2,1
2026-01-28T18:00:00Z,S-AMS-01,F-AMS-03,-20.4,43.2,0
2026-01-29T00:00:00Z,S-AMS-01,F-AMS-03,-20.4,50.8,0
2026-01-29T06:00:00Z,S-AMS-01,F-AMS-03,-20.5,45.7,0
2026-01-29T12:00:00Z,S-AMS-01,F-AMS-03,-19.1,47.1,0
2026-01-29T18:00:00Z,S-AMS-01,F-AMS-03,-20.8,45.1,1
2026-01-30T00:00:00Z,S-AMS-01,F-AMS-03,-20.0,43.9,0
2026-01-30T06:00:00Z,S-AMS-01,F-AMS-03,-19.5,50.0,0
2026-01-30T12:00:00Z,S-AMS-01,F-AMS-03,-19.7,40.7,0
2026-01-30T18:00:00Z,S-AMS-01,F-AMS-03,-19.3,46.2,0
2026-01-31T00:00:00Z,S-AMS-01,F-AMS-03,-19.4,38.5,0
2026-01-31T06:00:00Z,S-AMS-01,F-AMS-03,-20.6,48.8,0
2026-01-31T12:00:00Z,S-AMS-01,F-AMS-03,-21.0,49.7,0
2026-01-31T18:00:00Z,S-AMS-01,F-AMS-03,-20.6,43.2,0
2026-02-01T00:00:00Z,S-AMS-01,F-AMS-03,-19.1,51.3,0
2026-02-01T06:00:00Z,S-AMS-01,F-AMS-03,-19.8,44.1,0
2026-02-01T12:00:00Z,S-AMS-01,F-AMS-03,-20.9,38.3,0
2026-02-01T18:00:00Z,S-AMS-01,F-AMS-03,-20.1,51.6,0
2026-02-02T00:00:00Z,S-AMS-01,F-AMS-03,-20.2,39.3,0
2026-02-02T06:00:00Z,S-AMS-01,F-AMS-03,-21.0,47.1,0
2026-02-02T12:00:00Z,S-AMS-01,F-AMS-03,-19.2,42.2,1
2026-02-02T18:00:00Z,S-AMS-01,F-AMS-03,-20.8,49.8,0
2026-02-03T00:00:00Z,S-AMS-01,F-AMS-03,-20.6,42.0,0
2026-02-03T06:00:00Z,S-AMS-01,F-AMS-03,-19.4,45.6,0
2026-02-03T12:00:00Z,S-AMS-01,F-AMS-03,-20.8,46.6,0
2026-02-03T18:00:00Z,S-AMS-01,F-AMS-03,-19.8,48.8,0
2026-02-04T00:00:00Z,S-AMS-01,F-AMS-03,-20.0,38.2,0
2026-02-04T06:00:00Z,S-AMS-01,F-AMS-03,-19.5,48.6,0
2026-02-04T12:00:00Z,S-AMS-01,F-AMS-03,-20.1,45.7,0
2026-02-04T18:00:00Z,S-AMS-01,F-AMS-03,-20.7,45.5,0
2026-02-05T00:00:00Z,S-AMS-01,F-AMS-03,-19.8,40.2,0
2026-02-05T06:00:00Z,S-AMS-01,F-AMS-03,-19.8,49.0,0
2026-02-05T12:00:00Z,S-AMS-01,F-AMS-03,-19.9,45.6,0
2026-02-05T18:00:00Z,S-AMS-01,F-AMS-03,-20.0,46.9,1
2026-02-06T00:00:00Z,S-AMS-01,F-AMS-03,-19.9,47.5,0
2026-02-06T06:00:00Z,S-AMS-01,F-AMS-03,-19.7,48.9,0
2026-02-06T12:00:00Z,S-AMS-01,F-AMS-03,-20.9,38.4,0
2026-02-06T18:00:00Z,S-AMS-01,F-AMS-03,-20.1,43.1,0
2026-02-07T00:00:00Z,S-AMS-01,F-AMS-03,-19.9,50.6,0
2026-02-07T06:00:00Z,S-AMS-01,F-AMS-03,-21.0,46.3,0
2026-02-07T12:00:00Z,S-AMS-01,F-AMS-03,-20.7,51.2,0
2026-02-07T18:00:00Z,S-AMS-01,F-AMS-03,-19.2,48.7,0
2026-02-08T00:00:00Z,S-AMS-01,F-AMS-03,-19.3,46.8,0
2026-02-08T06:00:00Z,S-AMS-01,F-AMS-03,-19.8,49.6,0
2026-02-08T12:00:00Z,S-AMS-01,F-AMS-03,-20.6,38.2,0
2026-02-08T18:00:00Z,S-AMS-01,F-AMS-03,-19.9,38.1,0
2026-02-09T00:00:00Z,S-AMS-01,F-AMS-03,-19.2,43.2,0
2026-02-09T06:00:00Z,S-AMS-01,F-AMS-03,-20.7,39.0,0
2026-02-09T12:00:00Z,S-AMS-01,F-AMS-03,-20.1,42.7,0
2026-02-09T18:00:00Z,S-AMS-01,F-AMS-03,-19.1,44.4,0
2026-02-10T00:00:00Z,S-AMS-01,F-AMS-03,-19.6,47.4,0
2026-02-10T06:00:00Z,S-AMS-01,F-AMS-03,-20.7,42.2,0
2026-02-10T12:00:00Z,S-AMS-01,F-AMS-03,-19.8,49.0,1
2026-02-10T18:00:00Z,S-AMS-01,F-AMS-03,-19.7,49.7,0
2026-02-11T00:00:00Z,S-AMS-01,F-AMS-03,-20.4,46.5,0
2026-02-11T06:00:00Z,S-AMS-01,F-AMS-03,-19.8,51.2,0
2026-02-11T12:00:00Z,S-AMS-01,F-AMS-03,-20.1,40.5,0
2026-02-11T18:00:00Z,S-AMS-01,F-AMS-03,-19.1,42.7,0
2026-02-12T00:00:00Z,S-AMS-01,F-AMS-03,-20.1,49.4,0
2026-02-12T06:00:00Z,S-AMS-01,F-AMS-03,-19.2,50.8,0
2026-02-12T12:00:00Z,S-AMS-01,F-AMS-03,-20.5,48.2,0
2026-02-12T18:00:00Z,S-AMS-01,F-AMS-03,-20.7,49.5,0
2026-02-13T00:00:00Z,S-AMS-01,F-AMS-03,-20.4,44.8,0
2026-02-13T06:00:00Z,S-AMS-01,F-AMS-03,-19.3,42.5,0
2026-02-13T12:00:00Z,S-AMS-01,F-AMS-03,-19.4,39.8,0
2026-02-13T18:00:00Z,S-AMS-01,F-AMS-03,-20.7,49.8,0
2026-02-14T00:00:00Z,S-AMS-01,F-AMS-03,-19.3,47.9,0
2026-02-14T06:00:00Z,S-AMS-01,F-AMS-03,-21.0,48.3,0
2026-02-14T12:00:00Z,S-AMS-01,F-AMS-03,-20.9,43.6,0
2026-02-14T18:00:00Z,S-AMS-01,F-AMS-03,-19.2,43.7,0
2026-02-15T00:00:00Z,S-AMS-01,F-AMS-03,-20.1,41.0,0
2026-02-15T06:00:00Z,S-AMS-01,F-AMS-03,-20.7,49.9,0
2026-02-15T12:00:00Z,S-AMS-01,F-AMS-03,-20.1,40.5,0
2026-02-15T18:00:00Z,S-AMS-01,F-AMS-03,-19.9,42.6,0
2026-02-16T00:00:00Z,S-AMS-01,F-AMS-03,-19.4,38.1,0
2026-02-16T06:00:00Z,S-AMS-01,F-AMS-03,-20.8,45.3,0
2026-02-16T12:00:00Z,S-AMS-01,F-AMS-03,-19.1,49.4,0
2026-02-16T18:00:00Z,S-AMS-01,F-AMS-03,-19.6,48.0,0
2026-02-17T00:00:00Z,S-AMS-01,F-AMS-03,-20.7,43.9,0
2026-02-17T06:00:00Z,S-AMS-01,F-AMS-03,-20.2,51.1,0
2026-02-17T12:00:00Z,S-AMS-01,F-AMS-03,-19.2,49.1,0
2026-02-17T18:00:00Z,S-AMS-01,F-AMS-03,-20.0,38.8,0
2026-02-18T00:00:00Z,S-AMS-01,F-AMS-03,-19.9,47.8,0
2026-02-18T06:00:00Z,S-AMS-01,F-AMS-03,-19.1,39.3,0
2026-02-18T12:00:00Z,S-AMS-01,F-AMS-03,-19.9,51.6,0
2026-02-18T18:00:00Z,S-AMS-01,F-AMS-03,-19.3,50.4,1
2026-02-19T00:00:00Z,S-AMS-01,F-AMS-03,-19.4,39.2,0
2026-02-19T06:00:00Z,S-AMS-01,F-AMS-03,-20.6,39.1,0
2026-02-19T12:00:00Z,S-AMS-01,F-AMS-03,-19.2,48.4,0
2026-02-19T18:00:00Z,S-AMS-01,F-AMS-03,-19.4,49.1,1
2026-02-20T00:00:00Z,S-AMS-01,F-AMS-03,-19.9,40.8,0
2026-02-20T06:00:00Z,S-AMS-01,F-AMS-03,-20.0,55.5,1
2026-02-20T12:00:00Z,S-AMS-01,F-AMS-03,-20.0,56.1,1
2026-02-20T18:00:00Z,S-AMS-01,F-AMS-03,-20.1,42.4,1
2026-02-21T00:00:00Z,S-AMS-01,F-AMS-03,-19.1,41.6,0
2026-02-21T06:00:00Z,S-AMS-01,F-AMS-03,-19.6,51.8,0
2026-02-21T12:00:00Z,S-AMS-01,F-AMS-03,-20.8,45.1,0
2026-02-21T18:00:00Z,S-AMS-01,F-AMS-03,-19.9,42.6,0
2026-02-22T00:00:00Z,S-AMS-01,F-AMS-03,-19.4,40.0,0
2026-02-22T06:00:00Z,S-AMS-01,F-AMS-03,-19.9,44.6,0
2026-02-22T12:00:00Z,S-AMS-01,F-AMS-03,-19.8,46.0,0
2026-02-22T18:00:00Z,S-AMS-01,F-AMS-03,-20.2,39.8,0
2026-02-23T00:00:00Z,S-AMS-01,F-AMS-03,-19.1,48.7,0
2026-02-23T06:00:00Z,S-AMS-01,F-AMS-03,-20.2,48.3,0
2026-02-23T12:00:00Z,S-AMS-01,F-AMS-03,-19.1,49.1,0
2026-02-23T18:00:00Z,S-AMS-01,F-AMS-03,-20.7,44.6,0
2026-02-24T00:00:00Z,S-AMS-01,F-AMS-03,-19.4,39.2,0
2026-02-24T06:00:00Z,S-AMS-01,F-AMS-03,-19.2,48.2,0
2026-02-24T12:00:00Z,S-AMS-01,F-AMS-03,-20.9,41.6,1
2026-02-24T18:00:00Z,S-AMS-01,F-AMS-03,-20.3,45.9,0
2026-02-25T00:00:00Z,S-AMS-01,F-AMS-03,-20.6,40.6,0
2026-02-25T06:00:00Z,S-AMS-01,F-AMS-03,-20.1,42.2,0
2026-02-25T12:00:00Z,S-AMS-01,F-AMS-03,-19.1,49.0,0
2026-02-25T18:00:00Z,S-AMS-01,F-AMS-03,-20.1,45.3,0
2026-02-26T00:00:00Z,S-AMS-01,F-AMS-03,-20.5,50.2,0
2026-02-26T06:00:00Z,S-AMS-01,F-AMS-03,-20.7,45.4,0
2026-02-26T12:00:00Z,S-AMS-01,F-AMS-03,-20.2,41.8,0
2026-02-26T18:00:00Z,S-AMS-01,F-AMS-03,-20.9,44.0,0
2026-02-27T00:00:00Z,S-AMS-01,F-AMS-03,-19.9,51.9,0
2026-02-27T06:00:00Z,S-AMS-01,F-AMS-03,-19.0,50.5,0
2026-02-27T12:00:00Z,S-AMS-01,F-AMS-03,-19.1,45.0,0
2026-02-27T18:00:00Z,S-AMS-01,F-AMS-03,-19.1,42.5,0
2026-02-28T00:00:00Z,S-AMS-01,F-AMS-03,-19.2,49.2,0
2026-02-28T06:00:00Z,S-AMS-01,F-AMS-03,-19.7,49.9,0
2026-02-28T12:00:00Z,S-AMS-01,F-AMS-03,-20.2,39.9,1
2026-02-28T18:00:00Z,S-AMS-01,F-AMS-03,-20.3,44.2,0
2026-03-01T00:00:00Z,S-AMS-01,F-AMS-03,-20.4,38.7,0
2026-03-01T06:00:00Z,S-AMS-01,F-AMS-03,-20.3,46.7,0
2026-03-01T12:00:00Z,S-AMS-01,F-AMS-03,-20.3,43.1,0
2026-03-01T18:00:00Z,S-AMS-01,F-AMS-03,-20.6,40.6,0
2026-03-02T00:00:00Z,S-AMS-01,F-AMS-03,-19.8,45.6,0
2026-03-02T06:00:00Z,S-AMS-01,F-AMS-03,-20.3,48.7,0
2026-03-02T12:00:00Z,S-AMS-01,F-AMS-03,-20.8,44.9,0
2026-03-02T18:00:00Z,S-AMS-01,F-AMS-03,-19.5,47.3,0
2026-03-03T00:00:00Z,S-AMS-01,F-AMS-03,-19.2,39.4,0
2026-03-03T06:00:00Z,S-AMS-01,F-AMS-03,-20.8,39.4,0
2026-03-03T12:00:00Z,S-AMS-01,F-AMS-03,-19.4,51.2,1
2026-03-03T18:00:00Z,S-AMS-01,F-AMS-03,-19.0,38.3,0
2026-03-04T00:00:00Z,S-AMS-01,F-AMS-03,-20.4,51.2,0
2026-03-04T06:00:00Z,S-AMS-01,F-AMS-03,-19.6,38.8,0
2026-03-04T12:00:00Z,S-AMS-01,F-AMS-03,-19.6,40.4,1
2026-03-04T18:00:00Z,S-AMS-01,F-AMS-03,-19.6,43.2,0
2026-03-05T00:00:00Z,S-AMS-01,F-AMS-03,-19.4,51.1,0
2026-03-05T06:00:00Z,S-AMS-01,F-AMS-03,-19.6,39.2,0
2026-03-05T12:00:00Z,S-AMS-01,F-AMS-03,-20.6,38.0,1
2026-03-05T18:00:00Z,S-AMS-01,F-AMS-03,-20.7,44.1,0
2026-03-06T00:00:00Z,S-AMS-01,F-AMS-03,-19.4,45.9,0
2026-03-06T06:00:00Z,S-AMS-01,F-AMS-03,-19.3,38.8,0
2026-03-06T12:00:00Z,S-AMS-01,F-AMS-03,-20.7,43.8,0
2026-03-06T18:00:00Z,S-AMS-01,F-AMS-03,-19.2,39.1,1
2026-03-07T00:00:00Z,S-AMS-01,F-AMS-03,-20.6,48.1,0
2026-03-07T06:00:00Z,S-AMS-01,F-AMS-03,-20.6,50.3,0
2026-03-07T12:00:00Z,S-AMS-01,F-AMS-03,-19.1,47.2,0
2026-03-07T18:00:00Z,S-AMS-01,F-AMS-03,-20.5,46.9,0
2026-03-08T00:00:00Z,S-AMS-01,F-AMS-03,-20.9,42.0,0
2026-03-08T06:00:00Z,S-AMS-01,F-AMS-03,-19.1,44.9,0
2026-03-08T12:00:00Z,S-AMS-01,F-AMS-03,-19.5,47.9,0
2026-03-08T18:00:00Z,S-AMS-01,F-AMS-03,-20.1,45.7,0
2026-03-09T00:00:00Z,S-AMS-01,F-AMS-03,-19.6,46.3,0
2026-03-09T06:00:00Z,S-AMS-01,F-AMS-03,-20.3,38.4,0
2026-03-09T12:00:00Z,S-AMS-01,F-AMS-03,-20.5,48.5,1
2026-03-09T18:00:00Z,S-AMS-01,F-AMS-03,-21.0,43.5,0
2026-03-10T00:00:00Z,S-AMS-01,F-AMS-03,-19.8,51.6,0
2026-03-10T06:00:00Z,S-AMS-01,F-AMS-03,-19.5,38.2,0
2026-03-10T12:00:00Z,S-AMS-01,F-AMS-03,-19.6,46.1,1
2026-03-10T18:00:00Z,S-AMS-01,F-AMS-03,-20.3,51.1,0
2026-03-11T00:00:00Z,S-AMS-01,F-AMS-03,-20.1,45.1,0
2026-03-11T06:00:00Z,S-AMS-01,F-AMS-03,-19.6,48.6,0
2026-03-11T12:00:00Z,S-AMS-01,F-AMS-03,-20.9,45.6,0
2026-03-11T18:00:00Z,S-AMS-01,F-AMS-03,-19.2,51.4,0
2026-03-12T00:00:00Z,S-AMS-01,F-AMS-03,-20.3,46.6,0
2026-03-12T06:00:00Z,S-AMS-01,F-AMS-03,-19.2,51.4,0
2026-03-12T12:00:00Z,S-AMS-01,F-AMS-03,-20.3,48.6,0
2026-03-12T18:00:00Z,S-AMS-01,F-AMS-03,-20.3,45.9,0
2026-03-13T00:00:00Z,S-AMS-01,F-AMS-03,-20.3,39.0,0
2026-03-13T06:00:00Z,S-AMS-01,F-AMS-03,-20.9,51.5,0
2026-03-13T12:00:00Z,S-AMS-01,F-AMS-03,-19.9,46.1,0
2026-03-13T18:00:00Z,S-AMS-01,F-AMS-03,-20.2,44.0,0
2026-03-14T00:00:00Z,S-AMS-01,F-AMS-03,-19.4,38.8,0
2026-03-14T06:00:00Z,S-AMS-01,F-AMS-03,-19.9,48.0,0
2026-03-14T12:00:00Z,S-AMS-01,F-AMS-03,-20.0,38.6,0
2026-03-14T18:00:00Z,S-AMS-01,F-AMS-03,-20.5,44.7,0
2026-03-15T00:00:00Z,S-AMS-01,F-AMS-03,-19.6,48.0,0
2026-03-15T06:00:00Z,S-AMS-01,F-AMS-03,-19.1,47.3,0
2026-03-15T12:00:00Z,S-AMS-01,F-AMS-03,-19.9,42.0,0
2026-03-15T18:00:00Z,S-AMS-01,F-AMS-03,-19.1,43.2,0
2026-03-16T00:00:00Z,S-AMS-01,F-AMS-03,-21.0,44.9,0
2026-03-16T06:00:00Z,S-AMS-01,F-AMS-03,-20.2,49.9,0
2026-03-16T12:00:00Z,S-AMS-01,F-AMS-03,-20.7,42.6,0
2026-03-16T18:00:00Z,S-AMS-01,F-AMS-03,-19.7,49.6,1
2026-03-17T00:00:00Z,S-AMS-01,F-AMS-03,-20.6,43.3,0
2026-03-17T06:00:00Z,S-AMS-01,F-AMS-03,-20.5,50.6,0
2026-03-17T12:00:00Z,S-AMS-01,F-AMS-03,-20.6,39.5,0
2026-03-17T18:00:00Z,S-AMS-01,F-AMS-03,-20.6,38.9,0
2026-03-18T00:00:00Z,S-AMS-01,F-AMS-03,-19.1,47.8,0
2026-03-18T06:00:00Z,S-AMS-01,F-AMS-03,-20.7,49.0,0
2026-03-18T12:00:00Z,S-AMS-01,F-AMS-03,-20.4,50.0,1
2026-03-18T18:00:00Z,S-AMS-01,F-AMS-03,-19.5,38.4,1
2026-03-19T00:00:00Z,S-AMS-01,F-AMS-03,-19.2,43.9,0
2026-03-19T06:00:00Z,S-AMS-01,F-AMS-03,-19.6,43.0,0
2026-03-19T12:00:00Z,S-AMS-01,F-AMS-03,-21.0,48.7,0
2026-03-19T18:00:00Z,S-AMS-01,F-AMS-03,-19.2,45.1,0
2026-03-20T00:00:00Z,S-AMS-01,F-AMS-03,-20.7,50.6,0
2026-03-20T06:00:00Z,S-AMS-01,F-AMS-03,-20.8,43.5,0
2026-03-20T12:00:00Z,S-AMS-01,F-AMS-03,-20.6,39.9,0
2026-03-20T18:00:00Z,S-AMS-01,F-AMS-03,-20.4,47.5,0
2026-03-21T00:00:00Z,S-AMS-01,F-AMS-03,-19.2,44.4,0
2026-03-21T06:00:00Z,S-AMS-01,F-AMS-03,-19.5,51.9,0
2026-03-21T12:00:00Z,S-AMS-01,F-AMS-03,-19.9,51.7,0
2026-03-21T18:00:00Z,S-AMS-01,F-AMS-03,-19.3,50.0,1
2026-03-22T00:00:00Z,S-AMS-01,F-AMS-03,-19.8,46.3,0
2026-03-22T06:00:00Z,S-AMS-01,F-AMS-03,-20.2,40.3,0
2026-03-22T12:00:00Z,S-AMS-01,F-AMS-03,-20.9,51.3,0
2026-03-22T18:00:00Z,S-AMS-01,F-AMS-03,-19.7,50.4,0
2026-03-23T00:00:00Z,S-AMS-01,F-AMS-03,-19.2,40.0,0
2026-03-23T06:00:00Z,S-AMS-01,F-AMS-03,-20.3,45.3,0
2026-03-23T12:00:00Z,S-AMS-01,F-AMS-03,-20.8,44.5,0
2026-03-23T18:00:00Z,S-AMS-01,F-AMS-03,-21.0,46.3,1
2026-03-24T00:00:00Z,S-AMS-01,F-AMS-03,-20.1,39.3,0
2026-03-24T06:00:00Z,S-AMS-01,F-AMS-03,-20.3,40.3,0
2026-03-24T12:00:00Z,S-AMS-01,F-AMS-03,-19.6,45.7,0
2026-03-24T18:00:00Z,S-AMS-01,F-AMS-03,-20.1,51.4,1
2026-03-25T00:00:00Z,S-AMS-01,F-AMS-03,-19.4,48.2,0
2026-03-25T06:00:00Z,S-AMS-01,F-AMS-03,-20.7,42.9,0
2026-03-25T12:00:00Z,S-AMS-01,F-AMS-03,-19.2,49.0,0
2026-03-25T18:00:00Z,S-AMS-01,F-AMS-03,-19.2,48.1,0
2026-03-26T00:00:00Z,S-AMS-01,F-AMS-03,-19.9,44.1,0
2026-03-26T06:00:00Z,S-AMS-01,F-AMS-03,-19.5,45.0,0
2026-03-26T12:00:00Z,S-AMS-01,F-AMS-03,-20.6,43.2,0
2026-03-26T18:00:00Z,S-AMS-01,F-AMS-03,-20.8,46.2,0
2026-03-27T00:00:00Z,S-AMS-01,F-AMS-03,-19.5,47.7,0
2026-03-27T06:00:00Z,S-AMS-01,F-AMS-03,-20.1,47.9,0
2026-03-27T12:00:00Z,S-AMS-01,F-AMS-03,-20.8,45.8,1
2026-03-27T18:00:00Z,S-AMS-01,F-AMS-03,-20.9,51.9,0
2026-03-28T00:00:00Z,S-AMS-01,F-AMS-03,-20.5,45.5,0
2026-03-28T06:00:00Z,S-AMS-01,F-AMS-03,-19.4,46.5,0
2026-03-28T12:00:00Z,S-AMS-01,F-AMS-03,-20.6,45.7,0
2026-03-28T18:00:00Z,S-AMS-01,F-AMS-03,-19.1,45.1,0
2026-03-29T00:00:00Z,S-AMS-01,F-AMS-03,-19.2,49.3,0
2026-03-29T06:00:00Z,S-AMS-01,F-AMS-03,-20.4,51.5,0
2026-03-29T12:00:00Z,S-AMS-01,F-AMS-03,-20.4,38.7,1
2026-03-29T18:00:00Z,S-AMS-01,F-AMS-03,-20.0,40.4,0
2026-03-30T00:00:00Z,S-AMS-01,F-AMS-03,-20.7,38.8,0
2026-03-30T06:00:00Z,S-AMS-01,F-AMS-03,-19.9,46.6,0
2026-03-30T12:00:00Z,S-AMS-01,F-AMS-03,-19.9,46.8,0
2026-03-30T18:00:00Z,S-AMS-01,F-AMS-03,-20.5,47.3,0
2026-03-31T00:00:00Z,S-AMS-01,F-AMS-03,-20.5,41.9,0
2026-03-31T06:00:00Z,S-AMS-01,F-AMS-03,-20.0,41.9,0
2026-03-31T12:00:00Z,S-AMS-01,F-AMS-03,-20.6,39.8,0
2026-03-31T18:00:00Z,S-AMS-01,F-AMS-03,-20.0,39.5,0
2026-04-01T00:00:00Z,S-AMS-01,F-AMS-03,-19.1,43.0,0
2026-04-01T06:00:00Z,S-AMS-01,F-AMS-03,-19.8,40.7,0
2026-04-01T12:00:00Z,S-AMS-01,F-AMS-03,-21.0,39.8,0
2026-04-01T18:00:00Z,S-AMS-01,F-AMS-03,-21.0,38.5,0
2026-04-02T00:00:00Z,S-AMS-01,F-AMS-03,-20.9,51.1,0
2026-04-02T06:00:00Z,S-AMS-01,F-AMS-03,-19.6,41.1,0
2026-04-02T12:00:00Z,S-AMS-01,F-AMS-03,-20.7,48.0,0
2026-04-02T18:00:00Z,S-AMS-01,F-AMS-03,-19.3,39.8,0
2026-04-03T00:00:00Z,S-AMS-01,F-AMS-03,-20.5,48.0,0
2026-04-03T06:00:00Z,S-AMS-01,F-AMS-03,-20.9,48.9,0
2026-04-03T12:00:00Z,S-AMS-01,F-AMS-03,-20.7,39.3,0
2026-04-03T18:00:00Z,S-AMS-01,F-AMS-03,-20.9,41.5,0
2026-04-04T00:00:00Z,S-AMS-01,F-AMS-03,-19.6,49.5,0
2026-04-04T06:00:00Z,S-AMS-01,F-AMS-03,-20.3,49.1,0
2026-04-04T12:00:00Z,S-AMS-01,F-AMS-03,-20.5,49.6,0
2026-04-04T18:00:00Z,S-AMS-01,F-AMS-03,-20.3,50.6,1
2026-04-05T00:00:00Z,S-AMS-01,F-AMS-03,-19.9,39.8,0
2026-04-05T06:00:00Z,S-AMS-01,F-AMS-03,-20.9,38.3,0
2026-04-05T12:00:00Z,S-AMS-01,F-AMS-03,-20.7,46.4,0
2026-04-05T18:00:00Z,S-AMS-01,F-AMS-03,-19.2,47.6,0
2026-04-06T00:00:00Z,S-AMS-01,F-AMS-03,-20.1,43.3,0
2026-04-06T06:00:00Z,S-AMS-01,F-AMS-03,-19.8,50.0,0
2026-04-06T12:00:00Z,S-AMS-01,F-AMS-03,-20.7,48.5,0
2026-04-06T18:00:00Z,S-AMS-01,F-AMS-03,-20.8,49.0,0
2026-04-07T00:00:00Z,S-AMS-01,F-AMS-03,-19.3,48.4,0
2026-04-07T06:00:00Z,S-AMS-01,F-AMS-03,-19.4,38.9,0
2026-04-07T12:00:00Z,S-AMS-01,F-AMS-03,-20.2,40.3,0
2026-04-07T18:00:00Z,S-AMS-01,F-AMS-03,-19.4,40.8,1
2026-04-08T00:00:00Z,S-AMS-01,F-AMS-03,-20.0,45.0,0
2026-04-08T06:00:00Z,S-AMS-01,F-AMS-03,-20.3,45.8,0
2026-04-08T12:00:00Z,S-AMS-01,F-AMS-03,-20.3,49.8,0
2026-04-08T18:00:00Z,S-AMS-01,F-AMS-03,-19.2,44.4,0
2026-04-09T00:00:00Z,S-AMS-01,F-AMS-03,-19.2,43.4,0
2026-04-09T06:00:00Z,S-AMS-01,F-AMS-03,-19.6,51.0,0
2026-04-09T12:00:00Z,S-AMS-01,F-AMS-03,-20.8,45.2,0
2026-04-09T18:00:00Z,S-AMS-01,F-AMS-03,-20.3,42.2,0
2026-04-10T00:00:00Z,S-AMS-01,F-AMS-03,-19.5,41.6,0
2026-04-10T06:00:00Z,S-AMS-01,F-AMS-03,-19.7,44.2,0
2026-04-10T12:00:00Z,S-AMS-01,F-AMS-03,-20.1,51.7,0
2026-04-10T18:00:00Z,S-AMS-01,F-AMS-03,-19.8,40.6,0
2026-04-11T00:00:00Z,S-AMS-01,F-AMS-03,-20.2,38.1,0
2026-04-11T06:00:00Z,S-AMS-01,F-AMS-03,-19.7,43.3,0
2026-04-11T12:00:00Z,S-AMS-01,F-AMS-03,-20.1,39.8,0
2026-04-11T18:00:00Z,S-AMS-01,F-AMS-03,-20.7,50.3,1
2026-04-12T00:00:00Z,S-AMS-01,F-AMS-03,-20.4,40.1,0
2026-04-12T06:00:00Z,S-AMS-01,F-AMS-03,-20.6,43.8,0
2026-04-12T12:00:00Z,S-AMS-01,F-AMS-03,-20.7,49.6,0
2026-04-12T18:00:00Z,S-AMS-01,F-AMS-03,-19.7,47.7,0
2026-04-13T00:00:00Z,S-AMS-01,F-AMS-03,-20.7,47.5,0
2026-04-13T06:00:00Z,S-AMS-01,F-AMS-03,-19.3,46.9,0
2026-04-13T12:00:00Z,S-AMS-01,F-AMS-03,-19.1,45.5,0
2026-04-13T18:00:00Z,S-AMS-01,F-AMS-03,-19.0,51.3,0
2026-04-14T00:00:00Z,S-AMS-01,F-AMS-03,-19.5,51.0,0
2026-04-14T06:00:00Z,S-AMS-01,F-AMS-03,-20.7,41.4,0
2026-04-14T12:00:00Z,S-AMS-01,F-AMS-03,-20.4,49.5,1
2026-04-14T18:00:00Z,S-AMS-01,F-AMS-03,-19.8,47.6,0
2026-04-15T00:00:00Z,S-AMS-01,F-AMS-03,-20.6,42.7,0
2026-04-15T06:00:00Z,S-AMS-01,F-AMS-03,-20.5,39.9,0
2026-04-15T12:00:00Z,S-AMS-01,F-AMS-03,-19.1,51.9,0
2026-04-15T18:00:00Z,S-AMS-01,F-AMS-03,-19.1,40.6,0
2026-04-16T00:00:00Z,S-AMS-01,F-AMS-03,-20.9,45.4,0
2026-04-16T06:00:00Z,S-AMS-01,F-AMS-03,-20.6,41.7,0
2026-04-16T12:00:00Z,S-AMS-01,F-AMS-03,-20.6,49.4,0
2026-04-16T18:00:00Z,S-AMS-01,F-AMS-03,-20.5,39.1,0
2026-04-17T00:00:00Z,S-AMS-01,F-AMS-03,-19.3,45.4,0
2026-04-17T06:00:00Z,S-AMS-01,F-AMS-03,-20.2,43.2,0
2026-04-17T12:00:00Z,S-AMS-01,F-AMS-03,-19.6,43.2,0
2026-04-17T18:00:00Z,S-AMS-01,F-AMS-03,-19.5,50.8,0
2026-04-18T00:00:00Z,S-AMS-01,F-AMS-03,-20.5,42.6,0
2026-04-18T06:00:00Z,S-AMS-01,F-AMS-03,-20.1,46.2,0
2026-04-18T12:00:00Z,S-AMS-01,F-AMS-03,-19.2,49.2,0
2026-04-18T18:00:00Z,S-AMS-01,F-AMS-03,-19.5,50.6,0
2026-04-19T00:00:00Z,S-AMS-01,F-AMS-03,-19.1,43.0,0
2026-04-19T06:00:00Z,S-AMS-01,F-AMS-03,-20.5,43.2,0
2026-04-19T12:00:00Z,S-AMS-01,F-AMS-03,-20.1,50.0,0
2026-04-19T18:00:00Z,S-AMS-01,F-AMS-03,-19.1,46.3,0
2026-04-20T00:00:00Z,S-AMS-01,F-AMS-03,-19.1,38.9,0
2026-04-20T06:00:00Z,S-AMS-01,F-AMS-03,-20.6,41.9,0
2026-04-20T12:00:00Z,S-AMS-01,F-AMS-03,-20.8,42.8,0
2026-04-20T18:00:00Z,S-AMS-01,F-AMS-03,-19.9,50.7,0
2026-04-21T00:00:00Z,S-AMS-01,F-AMS-03,-19.1,51.1,0
2026-04-21T06:00:00Z,S-AMS-01,F-AMS-03,-19.2,42.3,0
2026-04-21T12:00:00Z,S-AMS-01,F-AMS-03,-20.8,42.8,0
2026-04-21T18:00:00Z,S-AMS-01,F-AMS-03,-19.8,42.5,0
2026-04-22T00:00:00Z,S-AMS-01,F-AMS-03,-19.8,43.6,0
2026-04-22T06:00:00Z,S-AMS-01,F-AMS-03,-19.3,40.5,0
2026-04-22T12:00:00Z,S-AMS-01,F-AMS-03,-19.3,41.4,0
2026-04-22T18:00:00Z,S-AMS-01,F-AMS-03,-19.0,39.9,0
2026-04-23T00:00:00Z,S-AMS-01,F-AMS-03,-19.6,51.8,0
2026-04-23T06:00:00Z,S-AMS-01,F-AMS-03,-20.5,43.4,0
2026-04-23T12:00:00Z,S-AMS-01,F-AMS-03,-19.1,42.0,0
2026-04-23T18:00:00Z,S-AMS-01,F-AMS-03,-19.1,47.1,0
2026-04-24T00:00:00Z,S-AMS-01,F-AMS-03,-20.5,50.6,0
2026-04-24T06:00:00Z,S-AMS-01,F-AMS-03,-19.1,49.4,0
2026-04-24T12:00:00Z,S-AMS-01,F-AMS-03,-20.4,42.4,0
2026-04-24T18:00:00Z,S-AMS-01,F-AMS-03,-19.6,38.8,0
2026-04-25T00:00:00Z,S-AMS-01,F-AMS-03,-20.6,48.8,0
2026-04-25T06:00:00Z,S-AMS-01,F-AMS-03,-20.5,51.5,0
2026-04-25T12:00:00Z,S-AMS-01,F-AMS-03,-19.6,38.3,0
2026-04-25T18:00:00Z,S-AMS-01,F-AMS-03,-19.6,39.7,0
2026-04-26T00:00:00Z,S-AMS-01,F-AMS-03,-19.4,50.9,0
2026-04-26T06:00:00Z,S-AMS-01,F-AMS-03,-20.7,39.7,0
2026-04-26T12:00:00Z,S-AMS-01,F-AMS-03,-20.3,45.7,1
2026-04-26T18:00:00Z,S-AMS-01,F-AMS-03,-19.1,41.9,0
2026-04-27T00:00:00Z,S-AMS-01,F-AMS-03,-20.3,51.6,0
2026-04-27T06:00:00Z,S-AMS-01,F-AMS-03,-20.4,50.5,0
2026-04-27T12:00:00Z,S-AMS-01,F-AMS-03,-20.1,50.7,0
2026-04-27T18:00:00Z,S-AMS-01,F-AMS-03,-20.5,49.8,0
2026-04-28T00:00:00Z,S-AMS-01,F-AMS-03,-19.6,38.7,0
2026-04-28T06:00:00Z,S-AMS-01,F-AMS-03,-20.0,47.0,0
2026-04-28T12:00:00Z,S-AMS-01,F-AMS-03,-20.7,47.1,0
2026-04-28T18:00:00Z,S-AMS-01,F-AMS-03,-20.9,45.4,0
2026-04-29T00:00:00Z,S-AMS-01,F-AMS-03,-19.2,49.5,0
2026-04-29T06:00:00Z,S-AMS-01,F-AMS-03,-20.6,44.2,0
2026-04-29T12:00:00Z,S-AMS-01,F-AMS-03,-20.1,46.1,0
2026-04-29T18:00:00Z,S-AMS-01,F-AMS-03,-20.4,40.6,0
2026-04-30T00:00:00Z,S-AMS-01,F-AMS-03,-20.8,50.8,0
2026-04-30T06:00:00Z,S-AMS-01,F-AMS-03,-19.7,38.7,0
2026-04-30T12:00:00Z,S-AMS-01,F-AMS-03,-19.5,47.8,0
2026-04-30T18:00:00Z,S-AMS-01,F-AMS-03,-19.4,51.1,1
2026-05-01T00:00:00Z,S-AMS-01,F-AMS-03,-19.1,43.1,0
2026-05-01T06:00:00Z,S-AMS-01,F-AMS-03,-19.7,47.2,0
2026-05-01T12:00:00Z,S-AMS-01,F-AMS-03,-20.9,38.4,0
2026-05-01T18:00:00Z,S-AMS-01,F-AMS-03,-19.3,40.5,0
2026-05-02T00:00:00Z,S-AMS-01,F-AMS-03,-20.4,42.5,0
2026-05-02T06:00:00Z,S-AMS-01,F-AMS-03,-19.7,51.2,0
2026-05-02T12:00:00Z,S-AMS-01,F-AMS-03,-20.8,38.4,0
2026-05-02T18:00:00Z,S-AMS-01,F-AMS-03,-19.1,47.7,0
2026-05-03T00:00:00Z,S-AMS-01,F-AMS-03,-19.2,48.7,0
2026-05-03T06:00:00Z,S-AMS-01,F-AMS-03,-19.9,46.8,0
2026-05-03T12:00:00Z,S-AMS-01,F-AMS-03,-20.8,51.9,0
2026-05-03T18:00:00Z,S-AMS-01,F-AMS-03,-20.6,40.8,0
2026-05-04T00:00:00Z,S-AMS-01,F-AMS-03,-20.3,40.2,0
2026-05-04T06:00:00Z,S-AMS-01,F-AMS-03,-19.4,40.5,0
2026-05-04T12:00:00Z,S-AMS-01,F-AMS-03,-19.6,46.4,0
2026-05-04T18:00:00Z,S-AMS-01,F-AMS-03,-19.5,50.0,0
2026-05-05T00:00:00Z,S-AMS-01,F-AMS-03,-20.3,48.1,0
2026-05-05T06:00:00Z,S-AMS-01,F-AMS-03,-19.1,42.9,0
2026-05-05T12:00:00Z,S-AMS-01,F-AMS-03,-19.2,47.2,0
2026-05-05T18:00:00Z,S-AMS-01,F-AMS-03,-20.5,40.4,0
2026-05-06T00:00:00Z,S-AMS-01,F-AMS-03,-19.5,44.2,0
2026-05-06T06:00:00Z,S-AMS-01,F-AMS-03,-19.6,40.7,0
2026-05-06T12:00:00Z,S-AMS-01,F-AMS-03,-20.0,46.5,1
2026-05-06T18:00:00Z,S-AMS-01,F-AMS-03,-20.3,44.6,0
2026-05-07T00:00:00Z,S-AMS-01,F-AMS-03,-19.2,49.6,0
2026-05-07T06:00:00Z,S-AMS-01,F-AMS-03,-19.4,41.2,0
2026-05-07T12:00:00Z,S-AMS-01,F-AMS-03,-20.5,44.0,0
2026-05-07T18:00:00Z,S-AMS-01,F-AMS-03,-19.1,44.6,1
2026-05-08T00:00:00Z,S-AMS-01,F-AMS-03,-20.9,51.7,0
2026-05-08T06:00:00Z,S-AMS-01,F-AMS-03,-20.9,40.6,0
2026-05-08T12:00:00Z,S-AMS-01,F-AMS-03,-19.8,49.0,0
2026-05-08T18:00:00Z,S-AMS-01,F-AMS-03,-20.0,40.2,0
2026-05-09T00:00:00Z,S-AMS-01,F-AMS-03,-20.2,39.4,0
2026-05-09T06:00:00Z,S-AMS-01,F-AMS-03,-20.0,40.2,0
2026-05-09T12:00:00Z,S-AMS-01,F-AMS-03,-20.8,47.0,0
2026-05-09T18:00:00Z,S-AMS-01,F-AMS-03,-19.0,41.1,0
2026-05-10T00:00:00Z,S-AMS-01,F-AMS-03,-19.6,46.8,0
2026-05-10T06:00:00Z,S-AMS-01,F-AMS-03,-20.6,39.3,0
2026-05-10T12:00:00Z,S-AMS-01,F-AMS-03,-19.3,47.3,0
2026-05-10T18:00:00Z,S-AMS-01,F-AMS-03,-20.1,47.9,0
2026-05-11T00:00:00Z,S-AMS-01,F-AMS-03,-19.3,48.9,0
2026-05-11T06:00:00Z,S-AMS-01,F-AMS-03,-20.0,42.5,0
2026-05-11T12:00:00Z,S-AMS-01,F-AMS-03,-19.5,39.8,0
2026-05-11T18:00:00Z,S-AMS-01,F-AMS-03,-19.1,41.0,0
2026-05-12T00:00:00Z,S-AMS-01,F-AMS-03,-20.7,51.3,0
2026-05-12T06:00:00Z,S-AMS-01,F-AMS-03,-19.2,45.1,0
2026-05-12T12:00:00Z,S-AMS-01,F-AMS-03,-19.7,48.6,0
2026-05-12T18:00:00Z,S-AMS-01,F-AMS-03,-19.0,42.8,0
2026-05-13T00:00:00Z,S-AMS-01,F-AMS-03,-19.3,45.9,0
2026-05-13T06:00:00Z,S-AMS-01,F-AMS-03,-19.6,47.3,0
2026-05-13T12:00:00Z,S-AMS-01,F-AMS-03,-19.6,50.0,0
2026-05-13T18:00:00Z,S-AMS-01,F-AMS-03,-19.1,43.7,0
2026-05-14T00:00:00Z,S-AMS-01,F-AMS-03,-19.4,46.7,0
2026-05-14T06:00:00Z,S-AMS-01,F-AMS-03,-19.0,41.0,0
2026-05-14T12:00:00Z,S-AMS-01,F-AMS-03,-19.7,50.6,0
2026-05-14T18:00:00Z,S-AMS-01,F-AMS-03,-19.2,49.1,0
2026-05-15T00:00:00Z,S-AMS-01,F-AMS-03,-19.4,38.9,0
2026-05-15T06:00:00Z,S-AMS-01,F-AMS-03,-19.7,45.4,0
2026-05-15T12:00:00Z,S-AMS-01,F-AMS-03,-20.5,47.6,0
2026-05-15T18:00:00Z,S-AMS-01,F-AMS-03,-20.8,41.3,0
2026-05-16T00:00:00Z,S-AMS-01,F-AMS-03,-20.4,50.0,0
2026-05-16T06:00:00Z,S-AMS-01,F-AMS-03,-19.1,48.8,0
2026-05-16T12:00:00Z,S-AMS-01,F-AMS-03,-19.7,42.5,1
2026-05-16T18:00:00Z,S-AMS-01,F-AMS-03,-19.7,41.1,0
2026-05-17T00:00:00Z,S-AMS-01,F-AMS-03,-20.2,38.8,0
2026-05-17T06:00:00Z,S-AMS-01,F-AMS-03,-19.4,47.3,0
2026-05-17T12:00:00Z,S-AMS-01,F-AMS-03,-20.5,49.6,0
2026-05-17T18:00:00Z,S-AMS-01,F-AMS-03,-20.3,38.9,0
2026-05-18T00:00:00Z,S-AMS-01,F-AMS-03,-19.4,38.6,0
2026-05-18T06:00:00Z,S-AMS-01,F-AMS-03,-20.4,46.0,0
2026-05-18T12:00:00Z,S-AMS-01,F-AMS-03,-19.4,51.1,0
2026-05-18T18:00:00Z,S-AMS-01,F-AMS-03,-20.3,44.0,0
2026-05-19T00:00:00Z,S-AMS-01,F-AMS-03,-20.9,45.9,0
2026-05-19T06:00:00Z,S-AMS-01,F-AMS-03,-19.2,42.8,0
2026-05-19T12:00:00Z,S-AMS-01,F-AMS-03,-20.1,38.2,0
2026-05-19T18:00:00Z,S-AMS-01,F-AMS-03,-20.8,48.1,0
2026-05-20T00:00:00Z,S-AMS-01,F-AMS-03,-20.6,42.5,0
2026-05-20T06:00:00Z,S-AMS-01,F-AMS-03,-19.9,43.0,0
2026-05-20T12:00:00Z,S-AMS-01,F-AMS-03,-20.6,44.7,1
2026-05-20T18:00:00Z,S-AMS-01,F-AMS-03,-20.7,41.6,0
2026-05-21T00:00:00Z,S-AMS-01,F-AMS-03,-20.7,38.2,0
2026-05-21T06:00:00Z,S-AMS-01,F-AMS-03,-19.8,47.1,0
2026-05-21T12:00:00Z,S-AMS-01,F-AMS-03,-20.8,48.2,1
2026-05-21T18:00:00Z,S-AMS-01,F-AMS-03,-20.4,51.2,0
2026-05-22T00:00:00Z,S-AMS-01,F-AMS-03,-19.5,44.0,0
2026-05-22T06:00:00Z,S-AMS-01,F-AMS-03,-19.1,43.6,0
2026-05-22T12:00:00Z,S-AMS-01,F-AMS-03,-19.9,47.1,0
2026-05-22T18:00:00Z,S-AMS-01,F-AMS-03,-19.9,45.3,0
2026-05-23T00:00:00Z,S-AMS-01,F-AMS-03,-20.7,44.9,0
2026-05-23T06:00:00Z,S-AMS-01,F-AMS-03,-20.0,39.1,0
2026-05-23T12:00:00Z,S-AMS-01,F-AMS-03,-19.8,48.8,0
2026-05-23T18:00:00Z,S-AMS-01,F-AMS-03,-19.7,47.4,1
2026-05-24T00:00:00Z,S-AMS-01,F-AMS-03,-19.1,47.7,0
2026-05-24T06:00:00Z,S-AMS-01,F-AMS-03,-19.1,45.5,0
2026-05-24T12:00:00Z,S-AMS-01,F-AMS-03,-20.0,45.6,0
2026-05-24T18:00:00Z,S-AMS-01,F-AMS-03,-19.3,51.1,0
2026-05-25T00:00:00Z,S-AMS-01,F-AMS-03,-19.6,50.6,0
2026-05-25T06:00:00Z,S-AMS-01,F-AMS-03,-19.6,42.3,0
2026-05-25T12:00:00Z,S-AMS-01,F-AMS-03,-20.8,39.3,0
2026-05-25T18:00:00Z,S-AMS-01,F-AMS-03,-20.3,40.6,0
2026-05-26T00:00:00Z,S-AMS-01,F-AMS-03,-19.7,49.0,0
2026-05-26T06:00:00Z,S-AMS-01,F-AMS-03,-19.7,40.5,0
2026-05-26T12:00:00Z,S-AMS-01,F-AMS-03,-20.8,38.6,0
2026-05-26T18:00:00Z,S-AMS-01,F-AMS-03,-20.9,49.8,0
2026-05-27T00:00:00Z,S-AMS-01,F-AMS-03,-20.0,43.3,0
2026-05-27T06:00:00Z,S-AMS-01,F-AMS-03,-19.0,45.9,0
2026-05-27T12:00:00Z,S-AMS-01,F-AMS-03,-20.1,50.9,0
2026-05-27T18:00:00Z,S-AMS-01,F-AMS-03,-19.6,38.0,0
2026-05-28T00:00:00Z,S-AMS-01,F-AMS-03,-19.9,43.5,0
2026-05-28T06:00:00Z,S-AMS-01,F-AMS-03,-20.4,47.3,0
2026-05-28T12:00:00Z,S-AMS-01,F-AMS-03,-20.1,43.6,0
2026-05-28T18:00:00Z,S-AMS-01,F-AMS-03,-19.8,50.9,0
2026-05-29T00:00:00Z,S-AMS-01,F-AMS-03,-20.8,49.4,0
2026-05-29T06:00:00Z,S-AMS-01,F-AMS-03,-20.2,42.9,0
2026-05-29T12:00:00Z,S-AMS-01,F-AMS-03,-19.6,38.5,0
2026-05-29T18:00:00Z,S-AMS-01,F-AMS-03,-20.9,43.7,0
2026-05-30T00:00:00Z,S-AMS-01,F-AMS-03,-19.6,44.6,0
2026-05-30T06:00:00Z,S-AMS-01,F-AMS-03,-20.9,48.3,0
2026-05-30T12:00:00Z,S-AMS-01,F-AMS-03,-19.0,45.9,0
2026-05-30T18:00:00Z,S-AMS-01,F-AMS-03,-19.1,44.2,1
2026-05-31T00:00:00Z,S-AMS-01,F-AMS-03,-19.7,47.1,0
2026-05-31T06:00:00Z,S-AMS-01,F-AMS-03,-20.7,47.7,0
2026-05-31T12:00:00Z,S-AMS-01,F-AMS-03,-20.6,40.9,0
2026-05-31T18:00:00Z,S-AMS-01,F-AMS-03,-19.8,48.1,0
2026-06-01T00:00:00Z,S-AMS-01,F-AMS-03,-20.3,40.3,0
2026-06-01T06:00:00Z,S-AMS-01,F-AMS-03,-20.7,43.8,0
2026-06-01T12:00:00Z,S-AMS-01,F-AMS-03,-20.6,42.2,0
2026-06-01T18:00:00Z,S-AMS-01,F-AMS-03,-19.3,46.6,0
2026-06-02T00:00:00Z,S-AMS-01,F-AMS-03,-19.8,45.8,0
2026-06-02T06:00:00Z,S-AMS-01,F-AMS-03,-19.9,42.7,0
2026-06-02T12:00:00Z,S-AMS-01,F-AMS-03,-20.2,50.9,0
2026-06-02T18:00:00Z,S-AMS-01,F-AMS-03,-20.1,42.2,0
2026-06-03T00:00:00Z,S-AMS-01,F-AMS-03,-20.5,50.6,0
2026-06-03T06:00:00Z,S-AMS-01,F-AMS-03,-19.2,48.4,0
2026-06-03T12:00:00Z,S-AMS-01,F-AMS-03,-20.4,41.6,1
2026-06-03T18:00:00Z,S-AMS-01,F-AMS-03,-19.2,46.6,0
2026-01-01T00:00:00Z,S-AMS-01,F-AMS-06,-19.1,46.2,0
2026-01-01T06:00:00Z,S-AMS-01,F-AMS-06,-19.5,41.4,0
2026-01-01T12:00:00Z,S-AMS-01,F-AMS-06,-19.6,50.0,0
2026-01-01T18:00:00Z,S-AMS-01,F-AMS-06,-20.1,41.2,0
2026-01-02T00:00:00Z,S-AMS-01,F-AMS-06,-19.2,41.7,0
2026-01-02T06:00:00Z,S-AMS-01,F-AMS-06,-19.9,47.5,0
2026-01-02T12:00:00Z,S-AMS-01,F-AMS-06,-19.7,45.9,0
2026-01-02T18:00:00Z,S-AMS-01,F-AMS-06,-20.9,42.6,0
2026-01-03T00:00:00Z,S-AMS-01,F-AMS-06,-19.8,44.7,0
2026-01-03T06:00:00Z,S-AMS-01,F-AMS-06,-19.1,51.8,0
2026-01-03T12:00:00Z,S-AMS-01,F-AMS-06,-19.7,45.5,0
2026-01-03T18:00:00Z,S-AMS-01,F-AMS-06,-20.0,50.0,0
2026-01-04T00:00:00Z,S-AMS-01,F-AMS-06,-20.5,39.5,0
2026-01-04T06:00:00Z,S-AMS-01,F-AMS-06,-21.0,50.5,0
2026-01-04T12:00:00Z,S-AMS-01,F-AMS-06,-19.9,39.8,0
2026-01-04T18:00:00Z,S-AMS-01,F-AMS-06,-20.8,44.7,1
2026-01-05T00:00:00Z,S-AMS-01,F-AMS-06,-20.3,50.6,0
2026-01-05T06:00:00Z,S-AMS-01,F-AMS-06,-20.0,40.7,0
2026-01-05T12:00:00Z,S-AMS-01,F-AMS-06,-19.7,49.0,0
2026-01-05T18:00:00Z,S-AMS-01,F-AMS-06,-20.1,46.2,0
2026-01-06T00:00:00Z,S-AMS-01,F-AMS-06,-20.7,41.4,0
2026-01-06T06:00:00Z,S-AMS-01,F-AMS-06,-20.9,41.9,0
2026-01-06T12:00:00Z,S-AMS-01,F-AMS-06,-20.1,42.3,0
2026-01-06T18:00:00Z,S-AMS-01,F-AMS-06,-20.7,46.6,0
2026-01-07T00:00:00Z,S-AMS-01,F-AMS-06,-19.4,40.0,0
2026-01-07T06:00:00Z,S-AMS-01,F-AMS-06,-19.5,43.0,0
2026-01-07T12:00:00Z,S-AMS-01,F-AMS-06,-20.7,39.6,0
2026-01-07T18:00:00Z,S-AMS-01,F-AMS-06,-20.1,50.0,0
2026-01-08T00:00:00Z,S-AMS-01,F-AMS-06,-19.9,46.3,0
2026-01-08T06:00:00Z,S-AMS-01,F-AMS-06,-20.6,46.2,0
2026-01-08T12:00:00Z,S-AMS-01,F-AMS-06,-19.7,49.8,0
2026-01-08T18:00:00Z,S-AMS-01,F-AMS-06,-19.9,44.0,0
2026-01-09T00:00:00Z,S-AMS-01,F-AMS-06,-19.2,46.5,0
2026-01-09T06:00:00Z,S-AMS-01,F-AMS-06,-19.1,41.7,0
2026-01-09T12:00:00Z,S-AMS-01,F-AMS-06,-20.3,42.2,0
2026-01-09T18:00:00Z,S-AMS-01,F-AMS-06,-20.3,43.4,1
2026-01-10T00:00:00Z,S-AMS-01,F-AMS-06,-20.6,45.6,0
2026-01-10T06:00:00Z,S-AMS-01,F-AMS-06,-20.3,50.4,0
2026-01-10T12:00:00Z,S-AMS-01,F-AMS-06,-20.4,40.6,0
2026-01-10T18:00:00Z,S-AMS-01,F-AMS-06,-20.7,47.4,0
2026-01-11T00:00:00Z,S-AMS-01,F-AMS-06,-19.3,40.7,0
2026-01-11T06:00:00Z,S-AMS-01,F-AMS-06,-20.1,40.6,0
2026-01-11T12:00:00Z,S-AMS-01,F-AMS-06,-20.2,47.2,1
2026-01-11T18:00:00Z,S-AMS-01,F-AMS-06,-20.5,44.3,0
2026-01-12T00:00:00Z,S-AMS-01,F-AMS-06,-20.0,47.7,0
2026-01-12T06:00:00Z,S-AMS-01,F-AMS-06,-19.4,43.5,0
2026-01-12T12:00:00Z,S-AMS-01,F-AMS-06,-19.4,49.6,1
2026-01-12T18:00:00Z,S-AMS-01,F-AMS-06,-19.4,51.8,0
2026-01-13T00:00:00Z,S-AMS-01,F-AMS-06,-19.6,50.6,0
2026-01-13T06:00:00Z,S-AMS-01,F-AMS-06,-19.9,41.9,0
2026-01-13T12:00:00Z,S-AMS-01,F-AMS-06,-19.5,51.4,0
2026-01-13T18:00:00Z,S-AMS-01,F-AMS-06,-19.4,39.3,0
2026-01-14T00:00:00Z,S-AMS-01,F-AMS-06,-20.0,50.4,0
2026-01-14T06:00:00Z,S-AMS-01,F-AMS-06,-20.9,41.7,0
2026-01-14T12:00:00Z,S-AMS-01,F-AMS-06,-19.0,42.2,0
2026-01-14T18:00:00Z,S-AMS-01,F-AMS-06,-20.9,41.2,0
2026-01-15T00:00:00Z,S-AMS-01,F-AMS-06,-19.3,51.3,0
2026-01-15T06:00:00Z,S-AMS-01,F-AMS-06,-20.7,49.4,0
2026-01-15T12:00:00Z,S-AMS-01,F-AMS-06,-19.8,41.9,0
2026-01-15T18:00:00Z,S-AMS-01,F-AMS-06,-20.6,48.5,0
2026-01-16T00:00:00Z,S-AMS-01,F-AMS-06,-19.5,48.6,0
2026-01-16T06:00:00Z,S-AMS-01,F-AMS-06,-20.6,39.9,0
2026-01-16T12:00:00Z,S-AMS-01,F-AMS-06,-19.0,46.7,0
2026-01-16T18:00:00Z,S-AMS-01,F-AMS-06,-20.7,39.9,0
2026-01-17T00:00:00Z,S-AMS-01,F-AMS-06,-19.0,41.0,0
2026-01-17T06:00:00Z,S-AMS-01,F-AMS-06,-19.2,41.2,0
2026-01-17T12:00:00Z,S-AMS-01,F-AMS-06,-20.6,41.6,0
2026-01-17T18:00:00Z,S-AMS-01,F-AMS-06,-20.9,47.7,0
2026-01-18T00:00:00Z,S-AMS-01,F-AMS-06,-20.1,44.4,0
2026-01-18T06:00:00Z,S-AMS-01,F-AMS-06,-19.1,38.1,0
2026-01-18T12:00:00Z,S-AMS-01,F-AMS-06,-19.3,40.0,0
2026-01-18T18:00:00Z,S-AMS-01,F-AMS-06,-19.8,48.5,0
2026-01-19T00:00:00Z,S-AMS-01,F-AMS-06,-19.2,38.8,0
2026-01-19T06:00:00Z,S-AMS-01,F-AMS-06,-20.4,43.2,0
2026-01-19T12:00:00Z,S-AMS-01,F-AMS-06,-20.9,51.2,0
2026-01-19T18:00:00Z,S-AMS-01,F-AMS-06,-20.5,46.1,0
2026-01-20T00:00:00Z,S-AMS-01,F-AMS-06,-19.4,40.4,0
2026-01-20T06:00:00Z,S-AMS-01,F-AMS-06,-20.9,41.8,0
2026-01-20T12:00:00Z,S-AMS-01,F-AMS-06,-19.2,49.1,1
2026-01-20T18:00:00Z,S-AMS-01,F-AMS-06,-19.9,44.4,0
2026-01-21T00:00:00Z,S-AMS-01,F-AMS-06,-19.4,49.3,0
2026-01-21T06:00:00Z,S-AMS-01,F-AMS-06,-19.4,50.8,0
2026-01-21T12:00:00Z,S-AMS-01,F-AMS-06,-21.0,44.4,0
2026-01-21T18:00:00Z,S-AMS-01,F-AMS-06,-20.7,49.2,0
2026-01-22T00:00:00Z,S-AMS-01,F-AMS-06,-19.2,38.8,0
2026-01-22T06:00:00Z,S-AMS-01,F-AMS-06,-19.4,48.1,0
2026-01-22T12:00:00Z,S-AMS-01,F-AMS-06,-19.2,41.6,0
2026-01-22T18:00:00Z,S-AMS-01,F-AMS-06,-20.1,48.9,1
2026-01-23T00:00:00Z,S-AMS-01,F-AMS-06,-19.2,47.0,0
2026-01-23T06:00:00Z,S-AMS-01,F-AMS-06,-19.6,42.5,0
2026-01-23T12:00:00Z,S-AMS-01,F-AMS-06,-20.5,39.5,0
2026-01-23T18:00:00Z,S-AMS-01,F-AMS-06,-19.8,50.1,0
2026-01-24T00:00:00Z,S-AMS-01,F-AMS-06,-20.9,43.0,0
2026-01-24T06:00:00Z,S-AMS-01,F-AMS-06,-19.9,45.5,0
2026-01-24T12:00:00Z,S-AMS-01,F-AMS-06,-19.2,40.2,0
2026-01-24T18:00:00Z,S-AMS-01,F-AMS-06,-19.7,42.8,0
2026-01-25T00:00:00Z,S-AMS-01,F-AMS-06,-20.9,40.2,0
2026-01-25T06:00:00Z,S-AMS-01,F-AMS-06,-19.8,49.2,0
2026-01-25T12:00:00Z,S-AMS-01,F-AMS-06,-19.8,47.6,0
2026-01-25T18:00:00Z,S-AMS-01,F-AMS-06,-19.5,41.9,0
2026-01-26T00:00:00Z,S-AMS-01,F-AMS-06,-20.0,48.4,0
2026-01-26T06:00:00Z,S-AMS-01,F-AMS-06,-19.1,44.8,0
2026-01-26T12:00:00Z,S-AMS-01,F-AMS-06,-19.7,44.3,0
2026-01-26T18:00:00Z,S-AMS-01,F-AMS-06,-20.8,40.6,0
2026-01-27T00:00:00Z,S-AMS-01,F-AMS-06,-20.8,38.7,0
2026-01-27T06:00:00Z,S-AMS-01,F-AMS-06,-19.9,51.5,0
2026-01-27T12:00:00Z,S-AMS-01,F-AMS-06,-20.9,47.8,0
2026-01-27T18:00:00Z,S-AMS-01,F-AMS-06,-19.9,49.3,0
2026-01-28T00:00:00Z,S-AMS-01,F-AMS-06,-20.9,50.8,0
2026-01-28T06:00:00Z,S-AMS-01,F-AMS-06,-19.0,39.0,0
2026-01-28T12:00:00Z,S-AMS-01,F-AMS-06,-19.3,50.1,0
2026-01-28T18:00:00Z,S-AMS-01,F-AMS-06,-19.6,49.2,0
2026-01-29T00:00:00Z,S-AMS-01,F-AMS-06,-19.8,42.9,0
2026-01-29T06:00:00Z,S-AMS-01,F-AMS-06,-19.8,46.7,0
2026-01-29T12:00:00Z,S-AMS-01,F-AMS-06,-20.5,43.0,0
2026-01-29T18:00:00Z,S-AMS-01,F-AMS-06,-19.5,50.6,1
2026-01-30T00:00:00Z,S-AMS-01,F-AMS-06,-20.8,40.5,0
2026-01-30T06:00:00Z,S-AMS-01,F-AMS-06,-19.2,51.2,0
2026-01-30T12:00:00Z,S-AMS-01,F-AMS-06,-19.5,41.5,0
2026-01-30T18:00:00Z,S-AMS-01,F-AMS-06,-20.6,38.3,0
2026-01-31T00:00:00Z,S-AMS-01,F-AMS-06,-20.7,39.6,0
2026-01-31T06:00:00Z,S-AMS-01,F-AMS-06,-20.6,47.5,0
2026-01-31T12:00:00Z,S-AMS-01,F-AMS-06,-19.6,41.6,0
2026-01-31T18:00:00Z,S-AMS-01,F-AMS-06,-20.2,51.4,0
2026-02-01T00:00:00Z,S-AMS-01,F-AMS-06,-19.5,38.0,0
2026-02-01T06:00:00Z,S-AMS-01,F-AMS-06,-19.9,40.7,0
2026-02-01T12:00:00Z,S-AMS-01,F-AMS-06,-19.0,42.1,0
2026-02-01T18:00:00Z,S-AMS-01,F-AMS-06,-19.2,38.3,0
2026-02-02T00:00:00Z,S-AMS-01,F-AMS-06,-20.0,45.1,0
2026-02-02T06:00:00Z,S-AMS-01,F-AMS-06,-19.8,42.6,0
2026-02-02T12:00:00Z,S-AMS-01,F-AMS-06,-20.5,38.3,0
2026-02-02T18:00:00Z,S-AMS-01,F-AMS-06,-19.3,46.6,0
2026-02-03T00:00:00Z,S-AMS-01,F-AMS-06,-20.0,42.9,0
2026-02-03T06:00:00Z,S-AMS-01,F-AMS-06,-19.8,50.2,0
2026-02-03T12:00:00Z,S-AMS-01,F-AMS-06,-20.6,47.5,0
2026-02-03T18:00:00Z,S-AMS-01,F-AMS-06,-19.8,50.7,0
2026-02-04T00:00:00Z,S-AMS-01,F-AMS-06,-19.7,40.9,0
2026-02-04T06:00:00Z,S-AMS-01,F-AMS-06,-19.1,46.4,0
2026-02-04T12:00:00Z,S-AMS-01,F-AMS-06,-20.4,41.3,0
2026-02-04T18:00:00Z,S-AMS-01,F-AMS-06,-19.2,44.6,0
2026-02-05T00:00:00Z,S-AMS-01,F-AMS-06,-20.7,43.0,0
2026-02-05T06:00:00Z,S-AMS-01,F-AMS-06,-20.7,43.9,0
2026-02-05T12:00:00Z,S-AMS-01,F-AMS-06,-19.2,42.9,1
2026-02-05T18:00:00Z,S-AMS-01,F-AMS-06,-19.4,39.9,0
2026-02-06T00:00:00Z,S-AMS-01,F-AMS-06,-19.9,51.0,0
2026-02-06T06:00:00Z,S-AMS-01,F-AMS-06,-20.7,42.0,0
2026-02-06T12:00:00Z,S-AMS-01,F-AMS-06,-20.9,50.9,0
2026-02-06T18:00:00Z,S-AMS-01,F-AMS-06,-19.5,41.1,0
2026-02-07T00:00:00Z,S-AMS-01,F-AMS-06,-20.4,48.6,0
2026-02-07T06:00:00Z,S-AMS-01,F-AMS-06,-19.6,43.6,0
2026-02-07T12:00:00Z,S-AMS-01,F-AMS-06,-20.1,44.5,0
2026-02-07T18:00:00Z,S-AMS-01,F-AMS-06,-20.7,43.7,0
2026-02-08T00:00:00Z,S-AMS-01,F-AMS-06,-19.6,47.3,0
2026-02-08T06:00:00Z,S-AMS-01,F-AMS-06,-19.1,38.6,0
2026-02-08T12:00:00Z,S-AMS-01,F-AMS-06,-20.2,42.7,0
2026-02-08T18:00:00Z,S-AMS-01,F-AMS-06,-20.0,47.0,0
2026-02-09T00:00:00Z,S-AMS-01,F-AMS-06,-20.8,40.9,0
2026-02-09T06:00:00Z,S-AMS-01,F-AMS-06,-20.8,47.2,0
2026-02-09T12:00:00Z,S-AMS-01,F-AMS-06,-19.5,38.6,0
2026-02-09T18:00:00Z,S-AMS-01,F-AMS-06,-19.9,49.9,0
2026-02-10T00:00:00Z,S-AMS-01,F-AMS-06,-20.7,49.5,0
2026-02-10T06:00:00Z,S-AMS-01,F-AMS-06,-20.8,49.9,0
2026-02-10T12:00:00Z,S-AMS-01,F-AMS-06,-20.8,49.6,0
2026-02-10T18:00:00Z,S-AMS-01,F-AMS-06,-20.3,42.1,0
2026-02-11T00:00:00Z,S-AMS-01,F-AMS-06,-19.2,48.0,0
2026-02-11T06:00:00Z,S-AMS-01,F-AMS-06,-19.9,50.2,0
2026-02-11T12:00:00Z,S-AMS-01,F-AMS-06,-19.9,45.5,0
2026-02-11T18:00:00Z,S-AMS-01,F-AMS-06,-20.4,38.1,0
2026-02-12T00:00:00Z,S-AMS-01,F-AMS-06,-20.8,42.6,0
2026-02-12T06:00:00Z,S-AMS-01,F-AMS-06,-19.9,38.8,0
2026-02-12T12:00:00Z,S-AMS-01,F-AMS-06,-20.4,42.3,0
2026-02-12T18:00:00Z,S-AMS-01,F-AMS-06,-19.3,38.0,0
2026-02-13T00:00:00Z,S-AMS-01,F-AMS-06,-20.6,51.0,0
2026-02-13T06:00:00Z,S-AMS-01,F-AMS-06,-19.2,45.0,0
2026-02-13T12:00:00Z,S-AMS-01,F-AMS-06,-19.7,44.7,0
2026-02-13T18:00:00Z,S-AMS-01,F-AMS-06,-20.0,48.9,0
2026-02-14T00:00:00Z,S-AMS-01,F-AMS-06,-19.7,41.9,0
2026-02-14T06:00:00Z,S-AMS-01,F-AMS-06,-19.3,48.5,0
2026-02-14T12:00:00Z,S-AMS-01,F-AMS-06,-19.4,39.7,0
2026-02-14T18:00:00Z,S-AMS-01,F-AMS-06,-20.7,42.1,0
2026-02-15T00:00:00Z,S-AMS-01,F-AMS-06,-19.8,48.0,0
2026-02-15T06:00:00Z,S-AMS-01,F-AMS-06,-20.1,40.0,0
2026-02-15T12:00:00Z,S-AMS-01,F-AMS-06,-20.8,40.6,0
2026-02-15T18:00:00Z,S-AMS-01,F-AMS-06,-20.9,42.0,0
2026-02-16T00:00:00Z,S-AMS-01,F-AMS-06,-19.9,49.1,0
2026-02-16T06:00:00Z,S-AMS-01,F-AMS-06,-20.8,48.3,0
2026-02-16T12:00:00Z,S-AMS-01,F-AMS-06,-19.1,50.8,0
2026-02-16T18:00:00Z,S-AMS-01,F-AMS-06,-19.3,50.1,1
2026-02-17T00:00:00Z,S-AMS-01,F-AMS-06,-19.3,44.3,0
2026-02-17T06:00:00Z,S-AMS-01,F-AMS-06,-19.3,43.7,0
2026-02-17T12:00:00Z,S-AMS-01,F-AMS-06,-19.8,51.7,0
2026-02-17T18:00:00Z,S-AMS-01,F-AMS-06,-19.6,39.4,0
2026-02-18T00:00:00Z,S-AMS-01,F-AMS-06,-19.6,39.6,0
2026-02-18T06:00:00Z,S-AMS-01,F-AMS-06,-19.9,38.8,0
2026-02-18T12:00:00Z,S-AMS-01,F-AMS-06,-19.2,43.9,1
2026-02-18T18:00:00Z,S-AMS-01,F-AMS-06,-19.6,40.4,1
2026-02-19T00:00:00Z,S-AMS-01,F-AMS-06,-21.0,51.1,0
2026-02-19T06:00:00Z,S-AMS-01,F-AMS-06,-19.5,45.5,0
2026-02-19T12:00:00Z,S-AMS-01,F-AMS-06,-20.6,43.5,0
2026-02-19T18:00:00Z,S-AMS-01,F-AMS-06,-21.0,46.8,0
2026-02-20T00:00:00Z,S-AMS-01,F-AMS-06,-20.6,41.4,0
2026-02-20T06:00:00Z,S-AMS-01,F-AMS-06,-19.9,41.3,0
2026-02-20T12:00:00Z,S-AMS-01,F-AMS-06,-19.6,51.1,0
2026-02-20T18:00:00Z,S-AMS-01,F-AMS-06,-20.7,43.9,0
2026-02-21T00:00:00Z,S-AMS-01,F-AMS-06,-20.7,48.9,0
2026-02-21T06:00:00Z,S-AMS-01,F-AMS-06,-19.5,38.9,0
2026-02-21T12:00:00Z,S-AMS-01,F-AMS-06,-20.1,45.5,0
2026-02-21T18:00:00Z,S-AMS-01,F-AMS-06,-19.4,48.6,0
2026-02-22T00:00:00Z,S-AMS-01,F-AMS-06,-19.3,40.5,0
2026-02-22T06:00:00Z,S-AMS-01,F-AMS-06,-19.9,50.5,0
2026-02-22T12:00:00Z,S-AMS-01,F-AMS-06,-19.2,45.0,0
2026-02-22T18:00:00Z,S-AMS-01,F-AMS-06,-19.7,50.4,0
2026-02-23T00:00:00Z,S-AMS-01,F-AMS-06,-19.4,43.7,0
2026-02-23T06:00:00Z,S-AMS-01,F-AMS-06,-19.5,45.1,0
2026-02-23T12:00:00Z,S-AMS-01,F-AMS-06,-19.7,50.4,0
2026-02-23T18:00:00Z,S-AMS-01,F-AMS-06,-19.2,48.5,0
2026-02-24T00:00:00Z,S-AMS-01,F-AMS-06,-20.6,44.4,0
2026-02-24T06:00:00Z,S-AMS-01,F-AMS-06,-20.5,45.7,0
2026-02-24T12:00:00Z,S-AMS-01,F-AMS-06,-19.1,39.5,0
2026-02-24T18:00:00Z,S-AMS-01,F-AMS-06,-20.6,47.3,0
2026-02-25T00:00:00Z,S-AMS-01,F-AMS-06,-20.6,41.2,0
2026-02-25T06:00:00Z,S-AMS-01,F-AMS-06,-19.8,39.4,0
2026-02-25T12:00:00Z,S-AMS-01,F-AMS-06,-19.9,45.1,0
2026-02-25T18:00:00Z,S-AMS-01,F-AMS-06,-20.3,40.6,0
2026-02-26T00:00:00Z,S-AMS-01,F-AMS-06,-19.5,38.9,0
2026-02-26T06:00:00Z,S-AMS-01,F-AMS-06,-20.0,47.9,0
2026-02-26T12:00:00Z,S-AMS-01,F-AMS-06,-19.5,51.2,1
2026-02-26T18:00:00Z,S-AMS-01,F-AMS-06,-19.1,44.8,0
2026-02-27T00:00:00Z,S-AMS-01,F-AMS-06,-19.7,43.9,0
2026-02-27T06:00:00Z,S-AMS-01,F-AMS-06,-19.7,43.2,0
2026-02-27T12:00:00Z,S-AMS-01,F-AMS-06,-19.8,38.1,0
2026-02-27T18:00:00Z,S-AMS-01,F-AMS-06,-19.9,39.4,0
2026-02-28T00:00:00Z,S-AMS-01,F-AMS-06,-20.5,48.8,0
2026-02-28T06:00:00Z,S-AMS-01,F-AMS-06,-19.8,44.5,0
2026-02-28T12:00:00Z,S-AMS-01,F-AMS-06,-20.1,43.7,0
2026-02-28T18:00:00Z,S-AMS-01,F-AMS-06,-20.0,39.5,0
2026-03-01T00:00:00Z,S-AMS-01,F-AMS-06,-20.2,49.9,0
2026-03-01T06:00:00Z,S-AMS-01,F-AMS-06,-19.7,45.6,0
2026-03-01T12:00:00Z,S-AMS-01,F-AMS-06,-20.4,47.3,0
2026-03-01T18:00:00Z,S-AMS-01,F-AMS-06,-19.6,51.9,0
2026-03-02T00:00:00Z,S-AMS-01,F-AMS-06,-20.7,43.5,0
2026-03-02T06:00:00Z,S-AMS-01,F-AMS-06,-20.3,51.3,0
2026-03-02T12:00:00Z,S-AMS-01,F-AMS-06,-20.2,43.4,0
2026-03-02T18:00:00Z,S-AMS-01,F-AMS-06,-19.3,46.0,1
2026-03-03T00:00:00Z,S-AMS-01,F-AMS-06,-20.4,40.9,0
2026-03-03T06:00:00Z,S-AMS-01,F-AMS-06,-19.8,46.3,0
2026-03-03T12:00:00Z,S-AMS-01,F-AMS-06,-19.2,40.3,0
2026-03-03T18:00:00Z,S-AMS-01,F-AMS-06,-19.8,47.4,0
2026-03-04T00:00:00Z,S-AMS-01,F-AMS-06,-21.0,44.2,0
2026-03-04T06:00:00Z,S-AMS-01,F-AMS-06,-20.4,39.9,0
2026-03-04T12:00:00Z,S-AMS-01,F-AMS-06,-19.3,38.3,0
2026-03-04T18:00:00Z,S-AMS-01,F-AMS-06,-20.0,48.7,0
2026-03-05T00:00:00Z,S-AMS-01,F-AMS-06,-19.8,52.0,0
2026-03-05T06:00:00Z,S-AMS-01,F-AMS-06,-20.9,44.1,0
2026-03-05T12:00:00Z,S-AMS-01,F-AMS-06,-19.8,44.8,0
2026-03-05T18:00:00Z,S-AMS-01,F-AMS-06,-19.9,46.3,0
2026-03-06T00:00:00Z,S-AMS-01,F-AMS-06,-19.6,41.6,0
2026-03-06T06:00:00Z,S-AMS-01,F-AMS-06,-20.3,46.6,0
2026-03-06T12:00:00Z,S-AMS-01,F-AMS-06,-19.9,43.7,1
2026-03-06T18:00:00Z,S-AMS-01,F-AMS-06,-20.0,49.2,0
2026-03-07T00:00:00Z,S-AMS-01,F-AMS-06,-19.3,39.6,0
2026-03-07T06:00:00Z,S-AMS-01,F-AMS-06,-20.1,42.0,0
2026-03-07T12:00:00Z,S-AMS-01,F-AMS-06,-20.1,51.2,0
2026-03-07T18:00:00Z,S-AMS-01,F-AMS-06,-20.2,46.1,0
2026-03-08T00:00:00Z,S-AMS-01,F-AMS-06,-20.8,43.3,0
2026-03-08T06:00:00Z,S-AMS-01,F-AMS-06,-19.4,45.5,0
2026-03-08T12:00:00Z,S-AMS-01,F-AMS-06,-20.5,42.4,0
2026-03-08T18:00:00Z,S-AMS-01,F-AMS-06,-20.7,47.0,0
2026-03-09T00:00:00Z,S-AMS-01,F-AMS-06,-19.2,42.6,0
2026-03-09T06:00:00Z,S-AMS-01,F-AMS-06,-20.7,49.7,0
2026-03-09T12:00:00Z,S-AMS-01,F-AMS-06,-19.0,40.3,0
2026-03-09T18:00:00Z,S-AMS-01,F-AMS-06,-20.1,43.6,0
2026-03-10T00:00:00Z,S-AMS-01,F-AMS-06,-19.8,38.9,0
2026-03-10T06:00:00Z,S-AMS-01,F-AMS-06,-19.3,40.5,0
2026-03-10T12:00:00Z,S-AMS-01,F-AMS-06,-19.9,41.5,0
2026-03-10T18:00:00Z,S-AMS-01,F-AMS-06,-19.5,38.0,0
2026-03-11T00:00:00Z,S-AMS-01,F-AMS-06,-19.9,40.7,0
2026-03-11T06:00:00Z,S-AMS-01,F-AMS-06,-19.7,38.6,0
2026-03-11T12:00:00Z,S-AMS-01,F-AMS-06,-20.0,47.3,0
2026-03-11T18:00:00Z,S-AMS-01,F-AMS-06,-20.5,46.3,0
2026-03-12T00:00:00Z,S-AMS-01,F-AMS-06,-19.3,48.4,0
2026-03-12T06:00:00Z,S-AMS-01,F-AMS-06,-20.8,42.9,0
2026-03-12T12:00:00Z,S-AMS-01,F-AMS-06,-19.0,41.3,0
2026-03-12T18:00:00Z,S-AMS-01,F-AMS-06,-19.1,49.0,0
2026-03-13T00:00:00Z,S-AMS-01,F-AMS-06,-20.9,41.0,0
2026-03-13T06:00:00Z,S-AMS-01,F-AMS-06,-19.6,48.1,0
2026-03-13T12:00:00Z,S-AMS-01,F-AMS-06,-19.5,43.6,0
2026-03-13T18:00:00Z,S-AMS-01,F-AMS-06,-19.3,46.4,0
2026-03-14T00:00:00Z,S-AMS-01,F-AMS-06,-21.0,51.6,0
2026-03-14T06:00:00Z,S-AMS-01,F-AMS-06,-20.3,42.1,0
2026-03-14T12:00:00Z,S-AMS-01,F-AMS-06,-19.9,48.7,0
2026-03-14T18:00:00Z,S-AMS-01,F-AMS-06,-20.1,45.6,0
2026-03-15T00:00:00Z,S-AMS-01,F-AMS-06,-19.0,44.0,0
2026-03-15T06:00:00Z,S-AMS-01,F-AMS-06,-19.9,45.0,0
2026-03-15T12:00:00Z,S-AMS-01,F-AMS-06,-20.0,48.1,1
2026-03-15T18:00:00Z,S-AMS-01,F-AMS-06,-20.8,44.6,0
2026-03-16T00:00:00Z,S-AMS-01,F-AMS-06,-19.7,38.5,0
2026-03-16T06:00:00Z,S-AMS-01,F-AMS-06,-20.8,48.5,0
2026-03-16T12:00:00Z,S-AMS-01,F-AMS-06,-20.1,50.4,0
2026-03-16T18:00:00Z,S-AMS-01,F-AMS-06,-20.5,50.9,0
2026-03-17T00:00:00Z,S-AMS-01,F-AMS-06,-19.1,39.8,0
2026-03-17T06:00:00Z,S-AMS-01,F-AMS-06,-19.8,38.6,0
2026-03-17T12:00:00Z,S-AMS-01,F-AMS-06,-20.0,47.3,0
2026-03-17T18:00:00Z,S-AMS-01,F-AMS-06,-19.9,51.0,0
2026-03-18T00:00:00Z,S-AMS-01,F-AMS-06,-20.3,42.2,0
2026-03-18T06:00:00Z,S-AMS-01,F-AMS-06,-20.9,40.0,0
2026-03-18T12:00:00Z,S-AMS-01,F-AMS-06,-19.4,39.6,0
2026-03-18T18:00:00Z,S-AMS-01,F-AMS-06,-19.8,44.1,0
2026-03-19T00:00:00Z,S-AMS-01,F-AMS-06,-20.4,44.0,0
2026-03-19T06:00:00Z,S-AMS-01,F-AMS-06,-20.6,51.1,0
2026-03-19T12:00:00Z,S-AMS-01,F-AMS-06,-20.6,46.5,0
2026-03-19T18:00:00Z,S-AMS-01,F-AMS-06,-20.6,46.9,0
2026-03-20T00:00:00Z,S-AMS-01,F-AMS-06,-20.1,38.4,0
2026-03-20T06:00:00Z,S-AMS-01,F-AMS-06,-20.0,44.7,0
2026-03-20T12:00:00Z,S-AMS-01,F-AMS-06,-20.2,45.6,0
2026-03-20T18:00:00Z,S-AMS-01,F-AMS-06,-20.3,46.4,0
2026-03-21T00:00:00Z,S-AMS-01,F-AMS-06,-20.3,39.3,0
2026-03-21T06:00:00Z,S-AMS-01,F-AMS-06,-19.4,41.2,0
2026-03-21T12:00:00Z,S-AMS-01,F-AMS-06,-20.5,38.1,0
2026-03-21T18:00:00Z,S-AMS-01,F-AMS-06,-19.1,42.0,0
2026-03-22T00:00:00Z,S-AMS-01,F-AMS-06,-20.6,40.3,0
2026-03-22T06:00:00Z,S-AMS-01,F-AMS-06,-19.3,50.6,0
2026-03-22T12:00:00Z,S-AMS-01,F-AMS-06,-20.9,48.4,0
2026-03-22T18:00:00Z,S-AMS-01,F-AMS-06,-19.7,51.3,0
2026-03-23T00:00:00Z,S-AMS-01,F-AMS-06,-20.9,48.0,0
2026-03-23T06:00:00Z,S-AMS-01,F-AMS-06,-20.1,50.9,0
2026-03-23T12:00:00Z,S-AMS-01,F-AMS-06,-19.7,46.9,0
2026-03-23T18:00:00Z,S-AMS-01,F-AMS-06,-20.7,48.8,0
2026-03-24T00:00:00Z,S-AMS-01,F-AMS-06,-19.9,41.4,0
2026-03-24T06:00:00Z,S-AMS-01,F-AMS-06,-20.3,42.5,0
2026-03-24T12:00:00Z,S-AMS-01,F-AMS-06,-19.6,45.8,0
2026-03-24T18:00:00Z,S-AMS-01,F-AMS-06,-19.8,42.3,0
2026-03-25T00:00:00Z,S-AMS-01,F-AMS-06,-20.3,48.0,0
2026-03-25T06:00:00Z,S-AMS-01,F-AMS-06,-20.4,43.7,0
2026-03-25T12:00:00Z,S-AMS-01,F-AMS-06,-19.0,42.6,0
2026-03-25T18:00:00Z,S-AMS-01,F-AMS-06,-20.8,38.9,0
2026-03-26T00:00:00Z,S-AMS-01,F-AMS-06,-20.9,49.9,0
2026-03-26T06:00:00Z,S-AMS-01,F-AMS-06,-20.9,42.3,0
2026-03-26T12:00:00Z,S-AMS-01,F-AMS-06,-20.8,44.3,0
2026-03-26T18:00:00Z,S-AMS-01,F-AMS-06,-20.1,48.7,0
2026-03-27T00:00:00Z,S-AMS-01,F-AMS-06,-20.3,40.0,0
2026-03-27T06:00:00Z,S-AMS-01,F-AMS-06,-20.1,45.4,0
2026-03-27T12:00:00Z,S-AMS-01,F-AMS-06,-19.5,48.3,1
2026-03-27T18:00:00Z,S-AMS-01,F-AMS-06,-19.4,44.5,0
2026-03-28T00:00:00Z,S-AMS-01,F-AMS-06,-20.4,49.3,0
2026-03-28T06:00:00Z,S-AMS-01,F-AMS-06,-19.9,40.8,0
2026-03-28T12:00:00Z,S-AMS-01,F-AMS-06,-20.4,50.6,0
2026-03-28T18:00:00Z,S-AMS-01,F-AMS-06,-20.3,44.8,0
2026-03-29T00:00:00Z,S-AMS-01,F-AMS-06,-20.6,39.7,0
2026-03-29T06:00:00Z,S-AMS-01,F-AMS-06,-20.6,39.2,0
2026-03-29T12:00:00Z,S-AMS-01,F-AMS-06,-19.4,47.6,0
2026-03-29T18:00:00Z,S-AMS-01,F-AMS-06,-19.7,50.9,0
2026-03-30T00:00:00Z,S-AMS-01,F-AMS-06,-20.1,38.5,0
2026-03-30T06:00:00Z,S-AMS-01,F-AMS-06,-20.1,45.5,0
2026-03-30T12:00:00Z,S-AMS-01,F-AMS-06,-20.6,50.8,1
2026-03-30T18:00:00Z,S-AMS-01,F-AMS-06,-19.4,44.7,0
2026-03-31T00:00:00Z,S-AMS-01,F-AMS-06,-21.0,49.6,0
2026-03-31T06:00:00Z,S-AMS-01,F-AMS-06,-20.1,42.4,0
2026-03-31T12:00:00Z,S-AMS-01,F-AMS-06,-20.9,40.5,0
2026-03-31T18:00:00Z,S-AMS-01,F-AMS-06,-20.4,42.6,0
2026-04-01T00:00:00Z,S-AMS-01,F-AMS-06,-19.1,48.2,0
2026-04-01T06:00:00Z,S-AMS-01,F-AMS-06,-20.0,49.3,0
2026-04-01T12:00:00Z,S-AMS-01,F-AMS-06,-20.0,39.4,0
2026-04-01T18:00:00Z,S-AMS-01,F-AMS-06,-20.8,43.9,0
2026-04-02T00:00:00Z,S-AMS-01,F-AMS-06,-20.4,50.2,0
2026-04-02T06:00:00Z,S-AMS-01,F-AMS-06,-20.0,48.3,0
2026-04-02T12:00:00Z,S-AMS-01,F-AMS-06,-20.1,43.3,0
2026-04-02T18:00:00Z,S-AMS-01,F-AMS-06,-19.4,46.2,1
2026-04-03T00:00:00Z,S-AMS-01,F-AMS-06,-20.4,40.9,0
2026-04-03T06:00:00Z,S-AMS-01,F-AMS-06,-20.2,46.2,0
2026-04-03T12:00:00Z,S-AMS-01,F-AMS-06,-19.8,50.4,0
2026-04-03T18:00:00Z,S-AMS-01,F-AMS-06,-20.1,51.6,0
2026-04-04T00:00:00Z,S-AMS-01,F-AMS-06,-19.8,46.1,0
2026-04-04T06:00:00Z,S-AMS-01,F-AMS-06,-19.4,47.7,0
2026-04-04T12:00:00Z,S-AMS-01,F-AMS-06,-20.8,45.5,0
2026-04-04T18:00:00Z,S-AMS-01,F-AMS-06,-20.0,46.1,0
2026-04-05T00:00:00Z,S-AMS-01,F-AMS-06,-20.5,51.0,0
2026-04-05T06:00:00Z,S-AMS-01,F-AMS-06,-19.6,40.3,0
2026-04-05T12:00:00Z,S-AMS-01,F-AMS-06,-19.6,45.6,0
2026-04-05T18:00:00Z,S-AMS-01,F-AMS-06,-20.0,50.7,0
2026-04-06T00:00:00Z,S-AMS-01,F-AMS-06,-20.4,41.9,0
2026-04-06T06:00:00Z,S-AMS-01,F-AMS-06,-19.1,48.9,0
2026-04-06T12:00:00Z,S-AMS-01,F-AMS-06,-20.4,48.5,0
2026-04-06T18:00:00Z,S-AMS-01,F-AMS-06,-19.7,48.1,0
2026-04-07T00:00:00Z,S-AMS-01,F-AMS-06,-20.1,45.9,0
2026-04-07T06:00:00Z,S-AMS-01,F-AMS-06,-19.2,49.5,0
2026-04-07T12:00:00Z,S-AMS-01,F-AMS-06,-19.2,42.6,0
2026-04-07T18:00:00Z,S-AMS-01,F-AMS-06,-20.3,45.3,0
2026-04-08T00:00:00Z,S-AMS-01,F-AMS-06,-19.5,49.8,0
2026-04-08T06:00:00Z,S-AMS-01,F-AMS-06,-20.9,40.0,0
2026-04-08T12:00:00Z,S-AMS-01,F-AMS-06,-20.1,46.2,0
2026-04-08T18:00:00Z,S-AMS-01,F-AMS-06,-19.8,50.6,0
2026-04-09T00:00:00Z,S-AMS-01,F-AMS-06,-19.3,49.5,0
2026-04-09T06:00:00Z,S-AMS-01,F-AMS-06,-20.4,45.6,0
2026-04-09T12:00:00Z,S-AMS-01,F-AMS-06,-19.7,50.7,0
2026-04-09T18:00:00Z,S-AMS-01,F-AMS-06,-20.8,38.2,0
2026-04-10T00:00:00Z,S-AMS-01,F-AMS-06,-19.8,42.2,0
2026-04-10T06:00:00Z,S-AMS-01,F-AMS-06,-19.1,51.0,0
2026-04-10T12:00:00Z,S-AMS-01,F-AMS-06,-19.4,49.1,0
2026-04-10T18:00:00Z,S-AMS-01,F-AMS-06,-20.6,44.9,0
2026-04-11T00:00:00Z,S-AMS-01,F-AMS-06,-20.0,43.5,0
2026-04-11T06:00:00Z,S-AMS-01,F-AMS-06,-20.0,39.2,0
2026-04-11T12:00:00Z,S-AMS-01,F-AMS-06,-19.5,46.9,0
2026-04-11T18:00:00Z,S-AMS-01,F-AMS-06,-20.0,48.5,0
2026-04-12T00:00:00Z,S-AMS-01,F-AMS-06,-20.8,39.1,0
2026-04-12T06:00:00Z,S-AMS-01,F-AMS-06,-20.5,51.8,0
2026-04-12T12:00:00Z,S-AMS-01,F-AMS-06,-20.0,45.5,0
2026-04-12T18:00:00Z,S-AMS-01,F-AMS-06,-19.2,46.1,0
2026-04-13T00:00:00Z,S-AMS-01,F-AMS-06,-21.0,49.1,0
2026-04-13T06:00:00Z,S-AMS-01,F-AMS-06,-19.7,50.1,0
2026-04-13T12:00:00Z,S-AMS-01,F-AMS-06,-19.3,46.0,0
2026-04-13T18:00:00Z,S-AMS-01,F-AMS-06,-19.3,44.2,0
2026-04-14T00:00:00Z,S-AMS-01,F-AMS-06,-20.3,40.1,0
2026-04-14T06:00:00Z,S-AMS-01,F-AMS-06,-19.3,50.9,0
2026-04-14T12:00:00Z,S-AMS-01,F-AMS-06,-19.8,41.1,0
2026-04-14T18:00:00Z,S-AMS-01,F-AMS-06,-20.8,49.6,0
2026-04-15T00:00:00Z,S-AMS-01,F-AMS-06,-20.0,48.5,0
2026-04-15T06:00:00Z,S-AMS-01,F-AMS-06,-19.5,44.5,0
2026-04-15T12:00:00Z,S-AMS-01,F-AMS-06,-19.5,48.8,0
2026-04-15T18:00:00Z,S-AMS-01,F-AMS-06,-20.6,47.4,1
2026-04-16T00:00:00Z,S-AMS-01,F-AMS-06,-19.5,39.7,0
2026-04-16T06:00:00Z,S-AMS-01,F-AMS-06,-20.5,46.2,0
2026-04-16T12:00:00Z,S-AMS-01,F-AMS-06,-21.0,51.4,0
2026-04-16T18:00:00Z,S-AMS-01,F-AMS-06,-19.3,51.8,0
2026-04-17T00:00:00Z,S-AMS-01,F-AMS-06,-19.7,42.4,0
2026-04-17T06:00:00Z,S-AMS-01,F-AMS-06,-20.8,48.1,0
2026-04-17T12:00:00Z,S-AMS-01,F-AMS-06,-20.9,38.8,0
2026-04-17T18:00:00Z,S-AMS-01,F-AMS-06,-20.0,67.4,1
2026-04-18T00:00:00Z,S-AMS-01,F-AMS-06,-20.0,67.0,1
2026-04-18T06:00:00Z,S-AMS-01,F-AMS-06,-19.3,48.0,0
2026-04-18T12:00:00Z,S-AMS-01,F-AMS-06,-20.9,42.6,0
2026-04-18T18:00:00Z,S-AMS-01,F-AMS-06,-20.4,48.0,0
2026-04-19T00:00:00Z,S-AMS-01,F-AMS-06,-20.9,42.8,0
2026-04-19T06:00:00Z,S-AMS-01,F-AMS-06,-19.6,49.0,0
2026-04-19T12:00:00Z,S-AMS-01,F-AMS-06,-20.0,43.3,0
2026-04-19T18:00:00Z,S-AMS-01,F-AMS-06,-19.2,39.1,0
2026-04-20T00:00:00Z,S-AMS-01,F-AMS-06,-20.0,46.4,0
2026-04-20T06:00:00Z,S-AMS-01,F-AMS-06,-19.9,40.9,0
2026-04-20T12:00:00Z,S-AMS-01,F-AMS-06,-20.5,46.7,0
2026-04-20T18:00:00Z,S-AMS-01,F-AMS-06,-19.7,45.6,0
2026-04-21T00:00:00Z,S-AMS-01,F-AMS-06,-19.0,49.8,0
2026-04-21T06:00:00Z,S-AMS-01,F-AMS-06,-20.1,43.1,0
2026-04-21T12:00:00Z,S-AMS-01,F-AMS-06,-19.1,44.3,0
2026-04-21T18:00:00Z,S-AMS-01,F-AMS-06,-19.7,50.1,0
2026-04-22T00:00:00Z,S-AMS-01,F-AMS-06,-20.5,44.8,0
2026-04-22T06:00:00Z,S-AMS-01,F-AMS-06,-20.6,42.9,0
2026-04-22T12:00:00Z,S-AMS-01,F-AMS-06,-19.2,39.4,0
2026-04-22T18:00:00Z,S-AMS-01,F-AMS-06,-20.2,47.5,1
2026-04-23T00:00:00Z,S-AMS-01,F-AMS-06,-20.7,45.1,0
2026-04-23T06:00:00Z,S-AMS-01,F-AMS-06,-20.5,44.8,0
2026-04-23T12:00:00Z,S-AMS-01,F-AMS-06,-20.1,50.0,0
2026-04-23T18:00:00Z,S-AMS-01,F-AMS-06,-20.2,48.7,0
2026-04-24T00:00:00Z,S-AMS-01,F-AMS-06,-21.0,50.8,0
2026-04-24T06:00:00Z,S-AMS-01,F-AMS-06,-20.4,45.3,0
2026-04-24T12:00:00Z,S-AMS-01,F-AMS-06,-20.2,41.6,1
2026-04-24T18:00:00Z,S-AMS-01,F-AMS-06,-19.6,43.8,1
2026-04-25T00:00:00Z,S-AMS-01,F-AMS-06,-20.8,52.0,0
2026-04-25T06:00:00Z,S-AMS-01,F-AMS-06,-20.1,51.3,0
2026-04-25T12:00:00Z,S-AMS-01,F-AMS-06,-19.7,40.9,0
2026-04-25T18:00:00Z,S-AMS-01,F-AMS-06,-19.4,50.9,0
2026-04-26T00:00:00Z,S-AMS-01,F-AMS-06,-20.5,51.7,0
2026-04-26T06:00:00Z,S-AMS-01,F-AMS-06,-19.1,38.5,0
2026-04-26T12:00:00Z,S-AMS-01,F-AMS-06,-19.7,45.7,0
2026-04-26T18:00:00Z,S-AMS-01,F-AMS-06,-19.0,38.1,0
2026-04-27T00:00:00Z,S-AMS-01,F-AMS-06,-20.2,43.9,0
2026-04-27T06:00:00Z,S-AMS-01,F-AMS-06,-19.1,45.1,0
2026-04-27T12:00:00Z,S-AMS-01,F-AMS-06,-20.8,46.9,0
2026-04-27T18:00:00Z,S-AMS-01,F-AMS-06,-20.1,45.4,0
2026-04-28T00:00:00Z,S-AMS-01,F-AMS-06,-19.8,49.1,0
2026-04-28T06:00:00Z,S-AMS-01,F-AMS-06,-19.1,46.1,0
2026-04-28T12:00:00Z,S-AMS-01,F-AMS-06,-19.8,38.6,0
2026-04-28T18:00:00Z,S-AMS-01,F-AMS-06,-20.5,48.6,0
2026-04-29T00:00:00Z,S-AMS-01,F-AMS-06,-19.3,46.8,0
2026-04-29T06:00:00Z,S-AMS-01,F-AMS-06,-19.6,38.1,0
2026-04-29T12:00:00Z,S-AMS-01,F-AMS-06,-20.7,45.1,0
2026-04-29T18:00:00Z,S-AMS-01,F-AMS-06,-20.4,46.6,0
2026-04-30T00:00:00Z,S-AMS-01,F-AMS-06,-20.5,42.5,0
2026-04-30T06:00:00Z,S-AMS-01,F-AMS-06,-19.1,39.6,0
2026-04-30T12:00:00Z,S-AMS-01,F-AMS-06,-19.6,49.6,0
2026-04-30T18:00:00Z,S-AMS-01,F-AMS-06,-19.9,50.5,0
2026-05-01T00:00:00Z,S-AMS-01,F-AMS-06,-20.0,44.3,0
2026-05-01T06:00:00Z,S-AMS-01,F-AMS-06,-19.2,38.3,0
2026-05-01T12:00:00Z,S-AMS-01,F-AMS-06,-19.1,49.3,0
2026-05-01T18:00:00Z,S-AMS-01,F-AMS-06,-19.0,49.0,0
2026-05-02T00:00:00Z,S-AMS-01,F-AMS-06,-19.3,49.5,0
2026-05-02T06:00:00Z,S-AMS-01,F-AMS-06,-19.4,48.7,0
2026-05-02T12:00:00Z,S-AMS-01,F-AMS-06,-20.9,42.3,0
2026-05-02T18:00:00Z,S-AMS-01,F-AMS-06,-20.0,45.3,1
2026-05-03T00:00:00Z,S-AMS-01,F-AMS-06,-20.0,45.7,0
2026-05-03T06:00:00Z,S-AMS-01,F-AMS-06,-20.1,48.5,0
2026-05-03T12:00:00Z,S-AMS-01,F-AMS-06,-19.1,41.1,0
2026-05-03T18:00:00Z,S-AMS-01,F-AMS-06,-20.2,48.7,0
2026-05-04T00:00:00Z,S-AMS-01,F-AMS-06,-19.3,39.3,0
2026-05-04T06:00:00Z,S-AMS-01,F-AMS-06,-19.6,46.5,0
2026-05-04T12:00:00Z,S-AMS-01,F-AMS-06,-19.8,39.6,0
2026-05-04T18:00:00Z,S-AMS-01,F-AMS-06,-20.6,49.6,0
2026-05-05T00:00:00Z,S-AMS-01,F-AMS-06,-19.1,40.6,0
2026-05-05T06:00:00Z,S-AMS-01,F-AMS-06,-20.7,39.9,0
2026-05-05T12:00:00Z,S-AMS-01,F-AMS-06,-20.5,40.3,1
2026-05-05T18:00:00Z,S-AMS-01,F-AMS-06,-20.5,47.2,0
2026-05-06T00:00:00Z,S-AMS-01,F-AMS-06,-19.3,50.5,0
2026-05-06T06:00:00Z,S-AMS-01,F-AMS-06,-19.8,48.1,0
2026-05-06T12:00:00Z,S-AMS-01,F-AMS-06,-20.3,44.5,1
2026-05-06T18:00:00Z,S-AMS-01,F-AMS-06,-19.5,38.9,1
2026-05-07T00:00:00Z,S-AMS-01,F-AMS-06,-19.6,47.7,0
2026-05-07T06:00:00Z,S-AMS-01,F-AMS-06,-19.3,41.8,0
2026-05-07T12:00:00Z,S-AMS-01,F-AMS-06,-19.9,40.2,0
2026-05-07T18:00:00Z,S-AMS-01,F-AMS-06,-19.4,49.8,0
2026-05-08T00:00:00Z,S-AMS-01,F-AMS-06,-20.9,44.8,0
2026-05-08T06:00:00Z,S-AMS-01,F-AMS-06,-19.8,39.4,0
2026-05-08T12:00:00Z,S-AMS-01,F-AMS-06,-19.7,40.0,0
2026-05-08T18:00:00Z,S-AMS-01,F-AMS-06,-19.9,44.5,0
2026-05-09T00:00:00Z,S-AMS-01,F-AMS-06,-19.5,44.6,0
2026-05-09T06:00:00Z,S-AMS-01,F-AMS-06,-19.5,51.8,0
2026-05-09T12:00:00Z,S-AMS-01,F-AMS-06,-19.3,46.0,0
2026-05-09T18:00:00Z,S-AMS-01,F-AMS-06,-20.6,39.1,0
2026-05-10T00:00:00Z,S-AMS-01,F-AMS-06,-20.4,40.0,0
2026-05-10T06:00:00Z,S-AMS-01,F-AMS-06,-20.4,41.7,0
2026-05-10T12:00:00Z,S-AMS-01,F-AMS-06,-19.2,47.0,0
2026-05-10T18:00:00Z,S-AMS-01,F-AMS-06,-20.2,39.5,0
2026-05-11T00:00:00Z,S-AMS-01,F-AMS-06,-20.9,40.7,0
2026-05-11T06:00:00Z,S-AMS-01,F-AMS-06,-20.2,44.0,0
2026-05-11T12:00:00Z,S-AMS-01,F-AMS-06,-19.6,41.0,0
2026-05-11T18:00:00Z,S-AMS-01,F-AMS-06,-20.7,43.6,0
2026-05-12T00:00:00Z,S-AMS-01,F-AMS-06,-20.7,51.1,0
2026-05-12T06:00:00Z,S-AMS-01,F-AMS-06,-20.7,38.5,0
2026-05-12T12:00:00Z,S-AMS-01,F-AMS-06,-19.8,48.9,0
2026-05-12T18:00:00Z,S-AMS-01,F-AMS-06,-19.2,43.8,0
2026-05-13T00:00:00Z,S-AMS-01,F-AMS-06,-19.9,40.8,0
2026-05-13T06:00:00Z,S-AMS-01,F-AMS-06,-19.1,46.2,0
2026-05-13T12:00:00Z,S-AMS-01,F-AMS-06,-21.0,44.5,0
2026-05-13T18:00:00Z,S-AMS-01,F-AMS-06,-20.9,39.3,0
2026-05-14T00:00:00Z,S-AMS-01,F-AMS-06,-20.3,49.2,0
2026-05-14T06:00:00Z,S-AMS-01,F-AMS-06,-19.1,38.4,0
2026-05-14T12:00:00Z,S-AMS-01,F-AMS-06,-20.1,46.6,1
2026-05-14T18:00:00Z,S-AMS-01,F-AMS-06,-19.5,38.5,0
2026-05-15T00:00:00Z,S-AMS-01,F-AMS-06,-20.7,39.5,0
2026-05-15T06:00:00Z,S-AMS-01,F-AMS-06,-19.9,43.3,0
2026-05-15T12:00:00Z,S-AMS-01,F-AMS-06,-20.9,45.1,0
2026-05-15T18:00:00Z,S-AMS-01,F-AMS-06,-19.7,44.9,0
2026-05-16T00:00:00Z,S-AMS-01,F-AMS-06,-21.0,49.5,0
2026-05-16T06:00:00Z,S-AMS-01,F-AMS-06,-20.4,50.9,0
2026-05-16T12:00:00Z,S-AMS-01,F-AMS-06,-19.5,48.4,0
2026-05-16T18:00:00Z,S-AMS-01,F-AMS-06,-19.0,39.6,0
2026-05-17T00:00:00Z,S-AMS-01,F-AMS-06,-19.4,51.5,0
2026-05-17T06:00:00Z,S-AMS-01,F-AMS-06,-20.1,38.1,0
2026-05-17T12:00:00Z,S-AMS-01,F-AMS-06,-20.5,41.4,1
2026-05-17T18:00:00Z,S-AMS-01,F-AMS-06,-19.0,49.6,0
2026-05-18T00:00:00Z,S-AMS-01,F-AMS-06,-20.4,49.0,0
2026-05-18T06:00:00Z,S-AMS-01,F-AMS-06,-19.2,40.6,0
2026-05-18T12:00:00Z,S-AMS-01,F-AMS-06,-20.7,47.1,1
2026-05-18T18:00:00Z,S-AMS-01,F-AMS-06,-20.3,41.0,0
2026-05-19T00:00:00Z,S-AMS-01,F-AMS-06,-19.5,40.0,0
2026-05-19T06:00:00Z,S-AMS-01,F-AMS-06,-19.5,51.1,0
2026-05-19T12:00:00Z,S-AMS-01,F-AMS-06,-19.5,46.2,0
2026-05-19T18:00:00Z,S-AMS-01,F-AMS-06,-19.4,49.2,0
2026-05-20T00:00:00Z,S-AMS-01,F-AMS-06,-20.6,46.6,0
2026-05-20T06:00:00Z,S-AMS-01,F-AMS-06,-20.6,40.6,0
2026-05-20T12:00:00Z,S-AMS-01,F-AMS-06,-19.7,42.9,1
2026-05-20T18:00:00Z,S-AMS-01,F-AMS-06,-19.2,44.6,1
2026-05-21T00:00:00Z,S-AMS-01,F-AMS-06,-20.1,49.5,0
2026-05-21T06:00:00Z,S-AMS-01,F-AMS-06,-19.6,38.3,0
2026-05-21T12:00:00Z,S-AMS-01,F-AMS-06,-19.1,39.9,0
2026-05-21T18:00:00Z,S-AMS-01,F-AMS-06,-19.3,43.0,0
2026-05-22T00:00:00Z,S-AMS-01,F-AMS-06,-20.8,38.5,0
2026-05-22T06:00:00Z,S-AMS-01,F-AMS-06,-20.8,46.0,0
2026-05-22T12:00:00Z,S-AMS-01,F-AMS-06,-20.8,51.4,0
2026-05-22T18:00:00Z,S-AMS-01,F-AMS-06,-19.2,39.3,0
2026-05-23T00:00:00Z,S-AMS-01,F-AMS-06,-19.9,43.7,0
2026-05-23T06:00:00Z,S-AMS-01,F-AMS-06,-19.5,42.0,0
2026-05-23T12:00:00Z,S-AMS-01,F-AMS-06,-19.8,45.5,0
2026-05-23T18:00:00Z,S-AMS-01,F-AMS-06,-20.0,44.0,0
2026-05-24T00:00:00Z,S-AMS-01,F-AMS-06,-19.0,47.4,0
2026-05-24T06:00:00Z,S-AMS-01,F-AMS-06,-20.7,44.5,0
2026-05-24T12:00:00Z,S-AMS-01,F-AMS-06,-19.0,50.7,0
2026-05-24T18:00:00Z,S-AMS-01,F-AMS-06,-20.5,44.4,1
2026-05-25T00:00:00Z,S-AMS-01,F-AMS-06,-19.5,44.1,0
2026-05-25T06:00:00Z,S-AMS-01,F-AMS-06,-19.7,51.7,0
2026-05-25T12:00:00Z,S-AMS-01,F-AMS-06,-19.0,39.5,1
2026-05-25T18:00:00Z,S-AMS-01,F-AMS-06,-20.4,49.8,0
2026-05-26T00:00:00Z,S-AMS-01,F-AMS-06,-20.1,38.6,0
2026-05-26T06:00:00Z,S-AMS-01,F-AMS-06,-20.2,48.3,0
2026-05-26T12:00:00Z,S-AMS-01,F-AMS-06,-19.5,51.1,0
2026-05-26T18:00:00Z,S-AMS-01,F-AMS-06,-19.1,40.8,0
2026-05-27T00:00:00Z,S-AMS-01,F-AMS-06,-19.5,39.8,0
2026-05-27T06:00:00Z,S-AMS-01,F-AMS-06,-20.6,42.6,0
2026-05-27T12:00:00Z,S-AMS-01,F-AMS-06,-20.5,45.6,0
2026-05-27T18:00:00Z,S-AMS-01,F-AMS-06,-20.5,51.2,1
2026-05-28T00:00:00Z,S-AMS-01,F-AMS-06,-20.7,41.1,0
2026-05-28T06:00:00Z,S-AMS-01,F-AMS-06,-19.1,43.7,0
2026-05-28T12:00:00Z,S-AMS-01,F-AMS-06,-20.5,40.6,0
2026-05-28T18:00:00Z,S-AMS-01,F-AMS-06,-21.0,38.9,0
2026-05-29T00:00:00Z,S-AMS-01,F-AMS-06,-19.5,44.9,0
2026-05-29T06:00:00Z,S-AMS-01,F-AMS-06,-19.1,40.1,0
2026-05-29T12:00:00Z,S-AMS-01,F-AMS-06,-21.0,50.6,1
2026-05-29T18:00:00Z,S-AMS-01,F-AMS-06,-20.6,41.0,1
2026-05-30T00:00:00Z,S-AMS-01,F-AMS-06,-21.0,45.3,0
2026-05-30T06:00:00Z,S-AMS-01,F-AMS-06,-20.5,42.1,0
2026-05-30T12:00:00Z,S-AMS-01,F-AMS-06,-19.6,43.6,0
2026-05-30T18:00:00Z,S-AMS-01,F-AMS-06,-20.8,38.1,0
2026-05-31T00:00:00Z,S-AMS-01,F-AMS-06,-19.9,48.9,0
2026-05-31T06:00:00Z,S-AMS-01,F-AMS-06,-19.0,39.7,0
2026-05-31T12:00:00Z,S-AMS-01,F-AMS-06,-20.8,49.2,1
2026-05-31T18:00:00Z,S-AMS-01,F-AMS-06,-19.1,49.9,0
2026-06-01T00:00:00Z,S-AMS-01,F-AMS-06,-19.5,46.8,0
2026-06-01T06:00:00Z,S-AMS-01,F-AMS-06,-19.4,39.9,0
2026-06-01T12:00:00Z,S-AMS-01,F-AMS-06,-20.0,51.1,0
2026-06-01T18:00:00Z,S-AMS-01,F-AMS-06,-19.8,45.4,0
2026-06-02T00:00:00Z,S-AMS-01,F-AMS-06,-19.5,48.4,0
2026-06-02T06:00:00Z,S-AMS-01,F-AMS-06,-19.8,43.4,0
2026-06-02T12:00:00Z,S-AMS-01,F-AMS-06,-19.9,48.3,0
2026-06-02T18:00:00Z,S-AMS-01,F-AMS-06,-19.0,51.3,0
2026-06-03T00:00:00Z,S-AMS-01,F-AMS-06,-19.3,45.7,0
2026-06-03T06:00:00Z,S-AMS-01,F-AMS-06,-20.0,41.6,0
2026-06-03T12:00:00Z,S-AMS-01,F-AMS-06,-20.5,38.7,0
2026-06-03T18:00:00Z,S-AMS-01,F-AMS-06,-19.4,51.6,0
2026-01-01T00:00:00Z,S-BRU-01,F-BRU-04,-19.6,41.5,0
2026-01-01T06:00:00Z,S-BRU-01,F-BRU-04,-20.8,39.4,0
2026-01-01T12:00:00Z,S-BRU-01,F-BRU-04,-19.3,51.3,1
2026-01-01T18:00:00Z,S-BRU-01,F-BRU-04,-20.8,50.4,0
2026-01-02T00:00:00Z,S-BRU-01,F-BRU-04,-19.7,45.8,0
2026-01-02T06:00:00Z,S-BRU-01,F-BRU-04,-20.3,41.6,0
2026-01-02T12:00:00Z,S-BRU-01,F-BRU-04,-20.0,48.6,0
2026-01-02T18:00:00Z,S-BRU-01,F-BRU-04,-20.4,51.6,0
2026-01-03T00:00:00Z,S-BRU-01,F-BRU-04,-20.5,49.9,0
2026-01-03T06:00:00Z,S-BRU-01,F-BRU-04,-21.0,43.1,0
2026-01-03T12:00:00Z,S-BRU-01,F-BRU-04,-20.4,41.3,0
2026-01-03T18:00:00Z,S-BRU-01,F-BRU-04,-20.9,42.5,0
2026-01-04T00:00:00Z,S-BRU-01,F-BRU-04,-19.8,41.5,0
2026-01-04T06:00:00Z,S-BRU-01,F-BRU-04,-19.8,47.9,0
2026-01-04T12:00:00Z,S-BRU-01,F-BRU-04,-19.3,44.0,0
2026-01-04T18:00:00Z,S-BRU-01,F-BRU-04,-20.9,38.8,0
2026-01-05T00:00:00Z,S-BRU-01,F-BRU-04,-19.2,48.1,0
2026-01-05T06:00:00Z,S-BRU-01,F-BRU-04,-19.4,47.9,0
2026-01-05T12:00:00Z,S-BRU-01,F-BRU-04,-19.9,39.3,0
2026-01-05T18:00:00Z,S-BRU-01,F-BRU-04,-19.2,47.1,0
2026-01-06T00:00:00Z,S-BRU-01,F-BRU-04,-19.8,48.7,0
2026-01-06T06:00:00Z,S-BRU-01,F-BRU-04,-19.1,40.1,0
2026-01-06T12:00:00Z,S-BRU-01,F-BRU-04,-19.2,40.0,0
2026-01-06T18:00:00Z,S-BRU-01,F-BRU-04,-20.0,39.0,0
2026-01-07T00:00:00Z,S-BRU-01,F-BRU-04,-20.4,39.9,0
2026-01-07T06:00:00Z,S-BRU-01,F-BRU-04,-20.5,50.8,0
2026-01-07T12:00:00Z,S-BRU-01,F-BRU-04,-19.7,40.7,0
2026-01-07T18:00:00Z,S-BRU-01,F-BRU-04,-19.1,41.1,0
2026-01-08T00:00:00Z,S-BRU-01,F-BRU-04,-21.0,42.1,0
2026-01-08T06:00:00Z,S-BRU-01,F-BRU-04,-20.7,39.3,0
2026-01-08T12:00:00Z,S-BRU-01,F-BRU-04,-19.5,51.3,0
2026-01-08T18:00:00Z,S-BRU-01,F-BRU-04,-20.3,45.7,0
2026-01-09T00:00:00Z,S-BRU-01,F-BRU-04,-19.1,46.8,0
2026-01-09T06:00:00Z,S-BRU-01,F-BRU-04,-19.4,51.6,0
2026-01-09T12:00:00Z,S-BRU-01,F-BRU-04,-20.3,38.3,0
2026-01-09T18:00:00Z,S-BRU-01,F-BRU-04,-19.2,39.6,1
2026-01-10T00:00:00Z,S-BRU-01,F-BRU-04,-20.1,40.4,0
2026-01-10T06:00:00Z,S-BRU-01,F-BRU-04,-20.9,44.0,0
2026-01-10T12:00:00Z,S-BRU-01,F-BRU-04,-21.0,39.2,0
2026-01-10T18:00:00Z,S-BRU-01,F-BRU-04,-20.0,44.4,1
2026-01-11T00:00:00Z,S-BRU-01,F-BRU-04,-19.6,48.4,0
2026-01-11T06:00:00Z,S-BRU-01,F-BRU-04,-20.6,51.8,0
2026-01-11T12:00:00Z,S-BRU-01,F-BRU-04,-20.7,48.3,0
2026-01-11T18:00:00Z,S-BRU-01,F-BRU-04,-20.1,42.9,0
2026-01-12T00:00:00Z,S-BRU-01,F-BRU-04,-19.7,41.7,0
2026-01-12T06:00:00Z,S-BRU-01,F-BRU-04,-19.9,43.2,0
2026-01-12T12:00:00Z,S-BRU-01,F-BRU-04,-20.0,44.0,0
2026-01-12T18:00:00Z,S-BRU-01,F-BRU-04,-20.6,49.4,0
2026-01-13T00:00:00Z,S-BRU-01,F-BRU-04,-19.2,48.6,0
2026-01-13T06:00:00Z,S-BRU-01,F-BRU-04,-20.4,48.2,0
2026-01-13T12:00:00Z,S-BRU-01,F-BRU-04,-19.1,42.3,0
2026-01-13T18:00:00Z,S-BRU-01,F-BRU-04,-20.7,44.2,0
2026-01-14T00:00:00Z,S-BRU-01,F-BRU-04,-19.3,42.2,0
2026-01-14T06:00:00Z,S-BRU-01,F-BRU-04,-19.3,38.4,0
2026-01-14T12:00:00Z,S-BRU-01,F-BRU-04,-19.8,42.7,1
2026-01-14T18:00:00Z,S-BRU-01,F-BRU-04,-20.0,48.4,0
2026-01-15T00:00:00Z,S-BRU-01,F-BRU-04,-20.6,48.2,0
2026-01-15T06:00:00Z,S-BRU-01,F-BRU-04,-20.0,40.1,0
2026-01-15T12:00:00Z,S-BRU-01,F-BRU-04,-20.5,45.8,0
2026-01-15T18:00:00Z,S-BRU-01,F-BRU-04,-20.0,43.7,0
2026-01-16T00:00:00Z,S-BRU-01,F-BRU-04,-19.1,48.6,0
2026-01-16T06:00:00Z,S-BRU-01,F-BRU-04,-19.5,39.8,0
2026-01-16T12:00:00Z,S-BRU-01,F-BRU-04,-20.1,51.3,0
2026-01-16T18:00:00Z,S-BRU-01,F-BRU-04,-19.0,45.1,0
2026-01-17T00:00:00Z,S-BRU-01,F-BRU-04,-19.6,43.4,0
2026-01-17T06:00:00Z,S-BRU-01,F-BRU-04,-20.3,47.8,0
2026-01-17T12:00:00Z,S-BRU-01,F-BRU-04,-20.2,40.1,0
2026-01-17T18:00:00Z,S-BRU-01,F-BRU-04,-19.0,51.4,0
2026-01-18T00:00:00Z,S-BRU-01,F-BRU-04,-20.1,52.0,0
2026-01-18T06:00:00Z,S-BRU-01,F-BRU-04,-19.3,44.2,0
2026-01-18T12:00:00Z,S-BRU-01,F-BRU-04,-19.3,41.8,0
2026-01-18T18:00:00Z,S-BRU-01,F-BRU-04,-20.1,49.6,0
2026-01-19T00:00:00Z,S-BRU-01,F-BRU-04,-19.8,46.9,0
2026-01-19T06:00:00Z,S-BRU-01,F-BRU-04,-20.3,38.5,0
2026-01-19T12:00:00Z,S-BRU-01,F-BRU-04,-19.1,39.5,0
2026-01-19T18:00:00Z,S-BRU-01,F-BRU-04,-20.0,44.8,0
2026-01-20T00:00:00Z,S-BRU-01,F-BRU-04,-20.7,41.3,0
2026-01-20T06:00:00Z,S-BRU-01,F-BRU-04,-19.3,49.4,0
2026-01-20T12:00:00Z,S-BRU-01,F-BRU-04,-20.4,42.3,0
2026-01-20T18:00:00Z,S-BRU-01,F-BRU-04,-19.5,43.3,0
2026-01-21T00:00:00Z,S-BRU-01,F-BRU-04,-20.8,39.2,0
2026-01-21T06:00:00Z,S-BRU-01,F-BRU-04,-19.4,44.1,0
2026-01-21T12:00:00Z,S-BRU-01,F-BRU-04,-20.5,48.3,0
2026-01-21T18:00:00Z,S-BRU-01,F-BRU-04,-20.3,46.0,0
2026-01-22T00:00:00Z,S-BRU-01,F-BRU-04,-19.1,47.2,0
2026-01-22T06:00:00Z,S-BRU-01,F-BRU-04,-20.4,42.0,0
2026-01-22T12:00:00Z,S-BRU-01,F-BRU-04,-19.4,48.7,1
2026-01-22T18:00:00Z,S-BRU-01,F-BRU-04,-19.6,44.9,0
2026-01-23T00:00:00Z,S-BRU-01,F-BRU-04,-19.9,45.4,0
2026-01-23T06:00:00Z,S-BRU-01,F-BRU-04,-20.1,38.0,0
2026-01-23T12:00:00Z,S-BRU-01,F-BRU-04,-19.7,41.3,0
2026-01-23T18:00:00Z,S-BRU-01,F-BRU-04,-19.6,49.0,0
2026-01-24T00:00:00Z,S-BRU-01,F-BRU-04,-19.3,49.3,0
2026-01-24T06:00:00Z,S-BRU-01,F-BRU-04,-19.6,45.4,0
2026-01-24T12:00:00Z,S-BRU-01,F-BRU-04,-20.4,49.2,0
2026-01-24T18:00:00Z,S-BRU-01,F-BRU-04,-19.0,43.7,0
2026-01-25T00:00:00Z,S-BRU-01,F-BRU-04,-21.0,49.9,0
2026-01-25T06:00:00Z,S-BRU-01,F-BRU-04,-19.4,51.9,0
2026-01-25T12:00:00Z,S-BRU-01,F-BRU-04,-20.6,40.3,0
2026-01-25T18:00:00Z,S-BRU-01,F-BRU-04,-20.4,47.2,0
2026-01-26T00:00:00Z,S-BRU-01,F-BRU-04,-19.4,40.6,0
2026-01-26T06:00:00Z,S-BRU-01,F-BRU-04,-19.3,39.7,0
2026-01-26T12:00:00Z,S-BRU-01,F-BRU-04,-20.2,42.4,0
2026-01-26T18:00:00Z,S-BRU-01,F-BRU-04,-19.9,38.1,0
2026-01-27T00:00:00Z,S-BRU-01,F-BRU-04,-20.0,39.4,0
2026-01-27T06:00:00Z,S-BRU-01,F-BRU-04,-19.5,50.2,0
2026-01-27T12:00:00Z,S-BRU-01,F-BRU-04,-20.2,51.8,0
2026-01-27T18:00:00Z,S-BRU-01,F-BRU-04,-20.9,47.8,1
2026-01-28T00:00:00Z,S-BRU-01,F-BRU-04,-20.1,49.6,0
2026-01-28T06:00:00Z,S-BRU-01,F-BRU-04,-19.8,50.8,0
2026-01-28T12:00:00Z,S-BRU-01,F-BRU-04,-20.9,39.3,0
2026-01-28T18:00:00Z,S-BRU-01,F-BRU-04,-19.1,40.9,0
2026-01-29T00:00:00Z,S-BRU-01,F-BRU-04,-20.1,39.6,0
2026-01-29T06:00:00Z,S-BRU-01,F-BRU-04,-20.8,47.7,0
2026-01-29T12:00:00Z,S-BRU-01,F-BRU-04,-19.5,46.3,0
2026-01-29T18:00:00Z,S-BRU-01,F-BRU-04,-19.7,43.8,0
2026-01-30T00:00:00Z,S-BRU-01,F-BRU-04,-20.8,46.8,0
2026-01-30T06:00:00Z,S-BRU-01,F-BRU-04,-20.2,51.0,0
2026-01-30T12:00:00Z,S-BRU-01,F-BRU-04,-19.5,51.2,0
2026-01-30T18:00:00Z,S-BRU-01,F-BRU-04,-19.8,48.5,1
2026-01-31T00:00:00Z,S-BRU-01,F-BRU-04,-20.0,39.4,0
2026-01-31T06:00:00Z,S-BRU-01,F-BRU-04,-19.7,49.8,0
2026-01-31T12:00:00Z,S-BRU-01,F-BRU-04,-19.7,49.5,0
2026-01-31T18:00:00Z,S-BRU-01,F-BRU-04,-20.3,38.1,0
2026-02-01T00:00:00Z,S-BRU-01,F-BRU-04,-20.6,44.1,0
2026-02-01T06:00:00Z,S-BRU-01,F-BRU-04,-20.6,45.4,0
2026-02-01T12:00:00Z,S-BRU-01,F-BRU-04,-19.6,38.3,0
2026-02-01T18:00:00Z,S-BRU-01,F-BRU-04,-19.9,47.5,0
2026-02-02T00:00:00Z,S-BRU-01,F-BRU-04,-20.0,38.0,0
2026-02-02T06:00:00Z,S-BRU-01,F-BRU-04,-20.7,44.6,0
2026-02-02T12:00:00Z,S-BRU-01,F-BRU-04,-19.5,48.0,0
2026-02-02T18:00:00Z,S-BRU-01,F-BRU-04,-19.1,39.5,1
2026-02-03T00:00:00Z,S-BRU-01,F-BRU-04,-19.6,39.6,0
2026-02-03T06:00:00Z,S-BRU-01,F-BRU-04,-19.8,51.7,0
2026-02-03T12:00:00Z,S-BRU-01,F-BRU-04,-20.7,50.5,0
2026-02-03T18:00:00Z,S-BRU-01,F-BRU-04,-19.2,46.2,0
2026-02-04T00:00:00Z,S-BRU-01,F-BRU-04,-20.5,44.9,0
2026-02-04T06:00:00Z,S-BRU-01,F-BRU-04,-20.8,40.8,0
2026-02-04T12:00:00Z,S-BRU-01,F-BRU-04,-20.3,41.2,0
2026-02-04T18:00:00Z,S-BRU-01,F-BRU-04,-20.2,50.1,0
2026-02-05T00:00:00Z,S-BRU-01,F-BRU-04,-21.0,49.2,0
2026-02-05T06:00:00Z,S-BRU-01,F-BRU-04,-19.9,47.4,0
2026-02-05T12:00:00Z,S-BRU-01,F-BRU-04,-19.6,43.1,0
2026-02-05T18:00:00Z,S-BRU-01,F-BRU-04,-19.3,45.0,1
2026-02-06T00:00:00Z,S-BRU-01,F-BRU-04,-19.7,47.4,0
2026-02-06T06:00:00Z,S-BRU-01,F-BRU-04,-20.4,49.2,0
2026-02-06T12:00:00Z,S-BRU-01,F-BRU-04,-20.7,50.3,0
2026-02-06T18:00:00Z,S-BRU-01,F-BRU-04,-20.7,49.5,0
2026-02-07T00:00:00Z,S-BRU-01,F-BRU-04,-20.9,51.9,0
2026-02-07T06:00:00Z,S-BRU-01,F-BRU-04,-19.8,48.7,0
2026-02-07T12:00:00Z,S-BRU-01,F-BRU-04,-19.9,49.9,0
2026-02-07T18:00:00Z,S-BRU-01,F-BRU-04,-19.7,38.3,0
2026-02-08T00:00:00Z,S-BRU-01,F-BRU-04,-19.6,43.0,0
2026-02-08T06:00:00Z,S-BRU-01,F-BRU-04,-20.1,47.7,0
2026-02-08T12:00:00Z,S-BRU-01,F-BRU-04,-20.5,49.9,0
2026-02-08T18:00:00Z,S-BRU-01,F-BRU-04,-20.3,48.5,0
2026-02-09T00:00:00Z,S-BRU-01,F-BRU-04,-20.7,42.5,0
2026-02-09T06:00:00Z,S-BRU-01,F-BRU-04,-19.5,49.7,0
2026-02-09T12:00:00Z,S-BRU-01,F-BRU-04,-19.2,49.5,0
2026-02-09T18:00:00Z,S-BRU-01,F-BRU-04,-21.0,51.0,0
2026-02-10T00:00:00Z,S-BRU-01,F-BRU-04,-20.3,51.7,0
2026-02-10T06:00:00Z,S-BRU-01,F-BRU-04,-19.1,47.1,0
2026-02-10T12:00:00Z,S-BRU-01,F-BRU-04,-19.5,50.5,0
2026-02-10T18:00:00Z,S-BRU-01,F-BRU-04,-19.3,47.8,0
2026-02-11T00:00:00Z,S-BRU-01,F-BRU-04,-19.8,50.1,0
2026-02-11T06:00:00Z,S-BRU-01,F-BRU-04,-19.8,42.0,0
2026-02-11T12:00:00Z,S-BRU-01,F-BRU-04,-19.3,45.0,0
2026-02-11T18:00:00Z,S-BRU-01,F-BRU-04,-21.0,50.8,0
2026-02-12T00:00:00Z,S-BRU-01,F-BRU-04,-19.8,49.3,0
2026-02-12T06:00:00Z,S-BRU-01,F-BRU-04,-19.4,42.4,0
2026-02-12T12:00:00Z,S-BRU-01,F-BRU-04,-20.5,40.1,0
2026-02-12T18:00:00Z,S-BRU-01,F-BRU-04,-20.9,44.7,0
2026-02-13T00:00:00Z,S-BRU-01,F-BRU-04,-19.4,45.7,0
2026-02-13T06:00:00Z,S-BRU-01,F-BRU-04,-20.2,42.1,0
2026-02-13T12:00:00Z,S-BRU-01,F-BRU-04,-19.6,41.4,0
2026-02-13T18:00:00Z,S-BRU-01,F-BRU-04,-19.1,50.1,0
2026-02-14T00:00:00Z,S-BRU-01,F-BRU-04,-19.9,39.3,0
2026-02-14T06:00:00Z,S-BRU-01,F-BRU-04,-20.3,49.5,0
2026-02-14T12:00:00Z,S-BRU-01,F-BRU-04,-19.2,41.9,0
2026-02-14T18:00:00Z,S-BRU-01,F-BRU-04,-20.5,51.9,0
2026-02-15T00:00:00Z,S-BRU-01,F-BRU-04,-19.4,46.2,0
2026-02-15T06:00:00Z,S-BRU-01,F-BRU-04,-20.2,51.4,0
2026-02-15T12:00:00Z,S-BRU-01,F-BRU-04,-20.4,41.5,0
2026-02-15T18:00:00Z,S-BRU-01,F-BRU-04,-19.5,50.8,1
2026-02-16T00:00:00Z,S-BRU-01,F-BRU-04,-19.9,39.1,0
2026-02-16T06:00:00Z,S-BRU-01,F-BRU-04,-20.1,44.9,0
2026-02-16T12:00:00Z,S-BRU-01,F-BRU-04,-19.4,39.9,0
2026-02-16T18:00:00Z,S-BRU-01,F-BRU-04,-19.5,45.0,1
2026-02-17T00:00:00Z,S-BRU-01,F-BRU-04,-20.3,40.2,0
2026-02-17T06:00:00Z,S-BRU-01,F-BRU-04,-19.3,47.0,0
2026-02-17T12:00:00Z,S-BRU-01,F-BRU-04,-19.5,49.4,0
2026-02-17T18:00:00Z,S-BRU-01,F-BRU-04,-20.5,43.4,0
2026-02-18T00:00:00Z,S-BRU-01,F-BRU-04,-19.4,44.1,0
2026-02-18T06:00:00Z,S-BRU-01,F-BRU-04,-19.5,51.9,0
2026-02-18T12:00:00Z,S-BRU-01,F-BRU-04,-19.5,43.9,0
2026-02-18T18:00:00Z,S-BRU-01,F-BRU-04,-20.7,43.0,0
2026-02-19T00:00:00Z,S-BRU-01,F-BRU-04,-20.9,40.9,0
2026-02-19T06:00:00Z,S-BRU-01,F-BRU-04,-19.3,44.5,0
2026-02-19T12:00:00Z,S-BRU-01,F-BRU-04,-20.3,49.3,0
2026-02-19T18:00:00Z,S-BRU-01,F-BRU-04,-20.0,51.9,0
2026-02-20T00:00:00Z,S-BRU-01,F-BRU-04,-20.0,48.1,0
2026-02-20T06:00:00Z,S-BRU-01,F-BRU-04,-20.6,44.8,0
2026-02-20T12:00:00Z,S-BRU-01,F-BRU-04,-20.4,41.2,1
2026-02-20T18:00:00Z,S-BRU-01,F-BRU-04,-20.6,44.2,0
2026-02-21T00:00:00Z,S-BRU-01,F-BRU-04,-19.3,45.0,0
2026-02-21T06:00:00Z,S-BRU-01,F-BRU-04,-20.4,44.4,0
2026-02-21T12:00:00Z,S-BRU-01,F-BRU-04,-20.6,38.7,0
2026-02-21T18:00:00Z,S-BRU-01,F-BRU-04,-20.3,48.8,0
2026-02-22T00:00:00Z,S-BRU-01,F-BRU-04,-19.9,51.7,0
2026-02-22T06:00:00Z,S-BRU-01,F-BRU-04,-19.2,40.6,0
2026-02-22T12:00:00Z,S-BRU-01,F-BRU-04,-20.0,42.2,1
2026-02-22T18:00:00Z,S-BRU-01,F-BRU-04,-20.2,41.5,1
2026-02-23T00:00:00Z,S-BRU-01,F-BRU-04,-19.7,43.3,0
2026-02-23T06:00:00Z,S-BRU-01,F-BRU-04,-20.6,44.7,0
2026-02-23T12:00:00Z,S-BRU-01,F-BRU-04,-20.9,49.7,0
2026-02-23T18:00:00Z,S-BRU-01,F-BRU-04,-20.3,48.2,0
2026-02-24T00:00:00Z,S-BRU-01,F-BRU-04,-20.2,43.8,0
2026-02-24T06:00:00Z,S-BRU-01,F-BRU-04,-20.7,46.5,0
2026-02-24T12:00:00Z,S-BRU-01,F-BRU-04,-20.6,45.4,0
2026-02-24T18:00:00Z,S-BRU-01,F-BRU-04,-19.3,46.5,0
2026-02-25T00:00:00Z,S-BRU-01,F-BRU-04,-19.7,38.4,0
2026-02-25T06:00:00Z,S-BRU-01,F-BRU-04,-20.5,50.9,0
2026-02-25T12:00:00Z,S-BRU-01,F-BRU-04,-20.0,43.5,0
2026-02-25T18:00:00Z,S-BRU-01,F-BRU-04,-20.6,47.7,0
2026-02-26T00:00:00Z,S-BRU-01,F-BRU-04,-19.4,41.6,0
2026-02-26T06:00:00Z,S-BRU-01,F-BRU-04,-20.3,38.4,0
2026-02-26T12:00:00Z,S-BRU-01,F-BRU-04,-20.0,49.7,0
2026-02-26T18:00:00Z,S-BRU-01,F-BRU-04,-20.1,46.1,0
2026-02-27T00:00:00Z,S-BRU-01,F-BRU-04,-19.1,42.6,0
2026-02-27T06:00:00Z,S-BRU-01,F-BRU-04,-19.3,44.0,0
2026-02-27T12:00:00Z,S-BRU-01,F-BRU-04,-20.5,38.1,0
2026-02-27T18:00:00Z,S-BRU-01,F-BRU-04,-19.7,42.5,0
2026-02-28T00:00:00Z,S-BRU-01,F-BRU-04,-19.5,45.0,0
2026-02-28T06:00:00Z,S-BRU-01,F-BRU-04,-19.2,45.0,0
2026-02-28T12:00:00Z,S-BRU-01,F-BRU-04,-20.3,41.6,0
2026-02-28T18:00:00Z,S-BRU-01,F-BRU-04,-20.8,47.9,1
2026-03-01T00:00:00Z,S-BRU-01,F-BRU-04,-19.3,45.4,0
2026-03-01T06:00:00Z,S-BRU-01,F-BRU-04,-20.7,40.5,0
2026-03-01T12:00:00Z,S-BRU-01,F-BRU-04,-20.6,43.6,0
2026-03-01T18:00:00Z,S-BRU-01,F-BRU-04,-20.1,40.9,1
2026-03-02T00:00:00Z,S-BRU-01,F-BRU-04,-20.6,51.2,0
2026-03-02T06:00:00Z,S-BRU-01,F-BRU-04,-20.7,39.4,0
2026-03-02T12:00:00Z,S-BRU-01,F-BRU-04,-19.5,49.7,0
2026-03-02T18:00:00Z,S-BRU-01,F-BRU-04,-19.7,44.9,0
2026-03-03T00:00:00Z,S-BRU-01,F-BRU-04,-19.1,39.5,0
2026-03-03T06:00:00Z,S-BRU-01,F-BRU-04,-20.7,48.9,0
2026-03-03T12:00:00Z,S-BRU-01,F-BRU-04,-20.7,50.4,0
2026-03-03T18:00:00Z,S-BRU-01,F-BRU-04,-20.4,49.7,0
2026-03-04T00:00:00Z,S-BRU-01,F-BRU-04,-19.9,38.5,0
2026-03-04T06:00:00Z,S-BRU-01,F-BRU-04,-20.6,39.4,0
2026-03-04T12:00:00Z,S-BRU-01,F-BRU-04,-20.2,46.1,0
2026-03-04T18:00:00Z,S-BRU-01,F-BRU-04,-19.3,40.5,1
2026-03-05T00:00:00Z,S-BRU-01,F-BRU-04,-20.6,43.8,0
2026-03-05T06:00:00Z,S-BRU-01,F-BRU-04,-19.1,46.0,0
2026-03-05T12:00:00Z,S-BRU-01,F-BRU-04,-19.9,39.3,0
2026-03-05T18:00:00Z,S-BRU-01,F-BRU-04,-20.5,47.5,0
2026-03-06T00:00:00Z,S-BRU-01,F-BRU-04,-19.3,38.8,0
2026-03-06T06:00:00Z,S-BRU-01,F-BRU-04,-19.9,50.2,0
2026-03-06T12:00:00Z,S-BRU-01,F-BRU-04,-20.1,50.4,0
2026-03-06T18:00:00Z,S-BRU-01,F-BRU-04,-19.2,49.3,1
2026-03-07T00:00:00Z,S-BRU-01,F-BRU-04,-19.2,44.2,0
2026-03-07T06:00:00Z,S-BRU-01,F-BRU-04,-19.4,50.4,0
2026-03-07T12:00:00Z,S-BRU-01,F-BRU-04,-19.6,51.2,0
2026-03-07T18:00:00Z,S-BRU-01,F-BRU-04,-20.6,40.6,0
2026-03-08T00:00:00Z,S-BRU-01,F-BRU-04,-20.6,50.8,0
2026-03-08T06:00:00Z,S-BRU-01,F-BRU-04,-20.2,41.1,0
2026-03-08T12:00:00Z,S-BRU-01,F-BRU-04,-20.8,49.3,0
2026-03-08T18:00:00Z,S-BRU-01,F-BRU-04,-20.4,44.2,0
2026-03-09T00:00:00Z,S-BRU-01,F-BRU-04,-19.2,38.1,0
2026-03-09T06:00:00Z,S-BRU-01,F-BRU-04,-20.6,45.9,0
2026-03-09T12:00:00Z,S-BRU-01,F-BRU-04,-19.5,48.6,0
2026-03-09T18:00:00Z,S-BRU-01,F-BRU-04,-20.9,50.3,0
2026-03-10T00:00:00Z,S-BRU-01,F-BRU-04,-19.8,51.8,0
2026-03-10T06:00:00Z,S-BRU-01,F-BRU-04,-20.3,47.8,0
2026-03-10T12:00:00Z,S-BRU-01,F-BRU-04,-20.6,46.5,0
2026-03-10T18:00:00Z,S-BRU-01,F-BRU-04,-19.6,51.9,0
2026-03-11T00:00:00Z,S-BRU-01,F-BRU-04,-19.9,39.2,0
2026-03-11T06:00:00Z,S-BRU-01,F-BRU-04,-19.2,39.7,0
2026-03-11T12:00:00Z,S-BRU-01,F-BRU-04,-20.2,42.9,1
2026-03-11T18:00:00Z,S-BRU-01,F-BRU-04,-19.1,45.9,0
2026-03-12T00:00:00Z,S-BRU-01,F-BRU-04,-20.7,44.0,0
2026-03-12T06:00:00Z,S-BRU-01,F-BRU-04,-20.2,43.5,0
2026-03-12T12:00:00Z,S-BRU-01,F-BRU-04,-20.3,40.4,0
2026-03-12T18:00:00Z,S-BRU-01,F-BRU-04,-19.9,42.3,0
2026-03-13T00:00:00Z,S-BRU-01,F-BRU-04,-19.8,41.7,0
2026-03-13T06:00:00Z,S-BRU-01,F-BRU-04,-19.5,46.2,0
2026-03-13T12:00:00Z,S-BRU-01,F-BRU-04,-21.0,48.1,0
2026-03-13T18:00:00Z,S-BRU-01,F-BRU-04,-19.9,42.2,1
2026-03-14T00:00:00Z,S-BRU-01,F-BRU-04,-19.5,51.9,0
2026-03-14T06:00:00Z,S-BRU-01,F-BRU-04,-19.5,49.9,0
2026-03-14T12:00:00Z,S-BRU-01,F-BRU-04,-21.0,38.6,1
2026-03-14T18:00:00Z,S-BRU-01,F-BRU-04,-19.6,39.4,0
2026-03-15T00:00:00Z,S-BRU-01,F-BRU-04,-19.3,46.3,0
2026-03-15T06:00:00Z,S-BRU-01,F-BRU-04,-20.7,48.8,0
2026-03-15T12:00:00Z,S-BRU-01,F-BRU-04,-19.2,48.9,0
2026-03-15T18:00:00Z,S-BRU-01,F-BRU-04,-19.2,41.3,1
2026-03-16T00:00:00Z,S-BRU-01,F-BRU-04,-20.5,46.0,0
2026-03-16T06:00:00Z,S-BRU-01,F-BRU-04,-20.9,41.2,0
2026-03-16T12:00:00Z,S-BRU-01,F-BRU-04,-19.2,42.9,0
2026-03-16T18:00:00Z,S-BRU-01,F-BRU-04,-20.6,38.1,0
2026-03-17T00:00:00Z,S-BRU-01,F-BRU-04,-20.3,38.6,0
2026-03-17T06:00:00Z,S-BRU-01,F-BRU-04,-19.4,50.7,0
2026-03-17T12:00:00Z,S-BRU-01,F-BRU-04,-19.4,42.8,0
2026-03-17T18:00:00Z,S-BRU-01,F-BRU-04,-20.8,50.4,0
2026-03-18T00:00:00Z,S-BRU-01,F-BRU-04,-20.3,42.6,0
2026-03-18T06:00:00Z,S-BRU-01,F-BRU-04,-19.6,50.6,0
2026-03-18T12:00:00Z,S-BRU-01,F-BRU-04,-20.5,43.7,0
2026-03-18T18:00:00Z,S-BRU-01,F-BRU-04,-19.9,45.8,0
2026-03-19T00:00:00Z,S-BRU-01,F-BRU-04,-20.6,40.7,0
2026-03-19T06:00:00Z,S-BRU-01,F-BRU-04,-19.4,40.7,0
2026-03-19T12:00:00Z,S-BRU-01,F-BRU-04,-20.7,49.9,0
2026-03-19T18:00:00Z,S-BRU-01,F-BRU-04,-20.7,44.0,1
2026-03-20T00:00:00Z,S-BRU-01,F-BRU-04,-19.9,42.9,0
2026-03-20T06:00:00Z,S-BRU-01,F-BRU-04,-19.5,45.5,0
2026-03-20T12:00:00Z,S-BRU-01,F-BRU-04,-19.7,39.7,0
2026-03-20T18:00:00Z,S-BRU-01,F-BRU-04,-19.4,48.5,1
2026-03-21T00:00:00Z,S-BRU-01,F-BRU-04,-19.2,38.8,0
2026-03-21T06:00:00Z,S-BRU-01,F-BRU-04,-19.4,48.5,0
2026-03-21T12:00:00Z,S-BRU-01,F-BRU-04,-20.2,50.7,0
2026-03-21T18:00:00Z,S-BRU-01,F-BRU-04,-19.8,51.3,1
2026-03-22T00:00:00Z,S-BRU-01,F-BRU-04,-20.5,44.9,0
2026-03-22T06:00:00Z,S-BRU-01,F-BRU-04,-20.6,44.7,0
2026-03-22T12:00:00Z,S-BRU-01,F-BRU-04,-20.0,59.6,1
2026-03-22T18:00:00Z,S-BRU-01,F-BRU-04,-20.0,60.6,1
2026-03-23T00:00:00Z,S-BRU-01,F-BRU-04,-20.7,50.7,0
2026-03-23T06:00:00Z,S-BRU-01,F-BRU-04,-20.2,46.3,0
2026-03-23T12:00:00Z,S-BRU-01,F-BRU-04,-19.3,47.0,0
2026-03-23T18:00:00Z,S-BRU-01,F-BRU-04,-19.2,42.8,0
2026-03-24T00:00:00Z,S-BRU-01,F-BRU-04,-20.8,39.9,0
2026-03-24T06:00:00Z,S-BRU-01,F-BRU-04,-20.2,39.1,0
2026-03-24T12:00:00Z,S-BRU-01,F-BRU-04,-20.5,44.7,0
2026-03-24T18:00:00Z,S-BRU-01,F-BRU-04,-20.2,51.2,0
2026-03-25T00:00:00Z,S-BRU-01,F-BRU-04,-20.5,42.5,0
2026-03-25T06:00:00Z,S-BRU-01,F-BRU-04,-19.7,45.1,0
2026-03-25T12:00:00Z,S-BRU-01,F-BRU-04,-19.2,41.5,1
2026-03-25T18:00:00Z,S-BRU-01,F-BRU-04,-19.2,47.8,0
2026-03-26T00:00:00Z,S-BRU-01,F-BRU-04,-20.1,44.3,0
2026-03-26T06:00:00Z,S-BRU-01,F-BRU-04,-19.5,38.4,0
2026-03-26T12:00:00Z,S-BRU-01,F-BRU-04,-19.9,40.2,0
2026-03-26T18:00:00Z,S-BRU-01,F-BRU-04,-19.9,41.8,0
2026-03-27T00:00:00Z,S-BRU-01,F-BRU-04,-20.5,40.7,0
2026-03-27T06:00:00Z,S-BRU-01,F-BRU-04,-19.6,38.9,0
2026-03-27T12:00:00Z,S-BRU-01,F-BRU-04,-19.6,50.0,0
2026-03-27T18:00:00Z,S-BRU-01,F-BRU-04,-20.4,41.8,0
2026-03-28T00:00:00Z,S-BRU-01,F-BRU-04,-20.7,46.1,0
2026-03-28T06:00:00Z,S-BRU-01,F-BRU-04,-20.8,41.3,0
2026-03-28T12:00:00Z,S-BRU-01,F-BRU-04,-19.3,45.2,0
2026-03-28T18:00:00Z,S-BRU-01,F-BRU-04,-19.2,44.5,0
2026-03-29T00:00:00Z,S-BRU-01,F-BRU-04,-20.1,51.6,0
2026-03-29T06:00:00Z,S-BRU-01,F-BRU-04,-20.3,48.4,0
2026-03-29T12:00:00Z,S-BRU-01,F-BRU-04,-19.3,40.1,1
2026-03-29T18:00:00Z,S-BRU-01,F-BRU-04,-19.9,47.9,0
2026-03-30T00:00:00Z,S-BRU-01,F-BRU-04,-19.4,42.5,0
2026-03-30T06:00:00Z,S-BRU-01,F-BRU-04,-19.1,49.1,0
2026-03-30T12:00:00Z,S-BRU-01,F-BRU-04,-19.8,48.3,0
2026-03-30T18:00:00Z,S-BRU-01,F-BRU-04,-20.4,45.6,0
2026-03-31T00:00:00Z,S-BRU-01,F-BRU-04,-20.1,46.9,0
2026-03-31T06:00:00Z,S-BRU-01,F-BRU-04,-19.3,40.8,0
2026-03-31T12:00:00Z,S-BRU-01,F-BRU-04,-20.6,41.3,0
2026-03-31T18:00:00Z,S-BRU-01,F-BRU-04,-19.8,45.8,0
2026-04-01T00:00:00Z,S-BRU-01,F-BRU-04,-20.3,46.6,0
2026-04-01T06:00:00Z,S-BRU-01,F-BRU-04,-20.9,42.8,0
2026-04-01T12:00:00Z,S-BRU-01,F-BRU-04,-19.6,47.3,0
2026-04-01T18:00:00Z,S-BRU-01,F-BRU-04,-20.5,50.4,0
2026-04-02T00:00:00Z,S-BRU-01,F-BRU-04,-20.0,49.0,0
2026-04-02T06:00:00Z,S-BRU-01,F-BRU-04,-19.5,45.4,0
2026-04-02T12:00:00Z,S-BRU-01,F-BRU-04,-19.3,45.6,0
2026-04-02T18:00:00Z,S-BRU-01,F-BRU-04,-20.4,44.1,0
2026-04-03T00:00:00Z,S-BRU-01,F-BRU-04,-20.7,49.0,0
2026-04-03T06:00:00Z,S-BRU-01,F-BRU-04,-21.0,45.1,0
2026-04-03T12:00:00Z,S-BRU-01,F-BRU-04,-20.2,39.8,0
2026-04-03T18:00:00Z,S-BRU-01,F-BRU-04,-20.7,42.3,0
2026-04-04T00:00:00Z,S-BRU-01,F-BRU-04,-19.4,50.2,0
2026-04-04T06:00:00Z,S-BRU-01,F-BRU-04,-19.5,39.1,0
2026-04-04T12:00:00Z,S-BRU-01,F-BRU-04,-19.8,40.4,0
2026-04-04T18:00:00Z,S-BRU-01,F-BRU-04,-20.6,42.9,0
2026-04-05T00:00:00Z,S-BRU-01,F-BRU-04,-19.9,42.9,0
2026-04-05T06:00:00Z,S-BRU-01,F-BRU-04,-19.4,51.1,0
2026-04-05T12:00:00Z,S-BRU-01,F-BRU-04,-20.2,48.6,0
2026-04-05T18:00:00Z,S-BRU-01,F-BRU-04,-20.1,45.7,0
2026-04-06T00:00:00Z,S-BRU-01,F-BRU-04,-19.5,50.3,0
2026-04-06T06:00:00Z,S-BRU-01,F-BRU-04,-19.7,39.3,0
2026-04-06T12:00:00Z,S-BRU-01,F-BRU-04,-19.1,49.1,0
2026-04-06T18:00:00Z,S-BRU-01,F-BRU-04,-20.5,42.0,0
2026-04-07T00:00:00Z,S-BRU-01,F-BRU-04,-19.8,49.0,0
2026-04-07T06:00:00Z,S-BRU-01,F-BRU-04,-19.8,47.2,0
2026-04-07T12:00:00Z,S-BRU-01,F-BRU-04,-20.2,49.6,0
2026-04-07T18:00:00Z,S-BRU-01,F-BRU-04,-20.7,43.6,0
2026-04-08T00:00:00Z,S-BRU-01,F-BRU-04,-19.3,42.8,0
2026-04-08T06:00:00Z,S-BRU-01,F-BRU-04,-19.3,51.5,0
2026-04-08T12:00:00Z,S-BRU-01,F-BRU-04,-20.3,40.7,1
2026-04-08T18:00:00Z,S-BRU-01,F-BRU-04,-19.3,47.1,1
2026-04-09T00:00:00Z,S-BRU-01,F-BRU-04,-20.5,39.0,0
2026-04-09T06:00:00Z,S-BRU-01,F-BRU-04,-19.5,39.2,0
2026-04-09T12:00:00Z,S-BRU-01,F-BRU-04,-20.6,43.2,0
2026-04-09T18:00:00Z,S-BRU-01,F-BRU-04,-19.8,39.9,0
2026-04-10T00:00:00Z,S-BRU-01,F-BRU-04,-20.1,39.2,0
2026-04-10T06:00:00Z,S-BRU-01,F-BRU-04,-19.8,43.4,0
2026-04-10T12:00:00Z,S-BRU-01,F-BRU-04,-21.0,38.7,0
2026-04-10T18:00:00Z,S-BRU-01,F-BRU-04,-19.1,40.0,0
2026-04-11T00:00:00Z,S-BRU-01,F-BRU-04,-20.9,43.6,0
2026-04-11T06:00:00Z,S-BRU-01,F-BRU-04,-20.2,50.9,0
2026-04-11T12:00:00Z,S-BRU-01,F-BRU-04,-19.5,49.6,1
2026-04-11T18:00:00Z,S-BRU-01,F-BRU-04,-19.0,50.2,0
2026-04-12T00:00:00Z,S-BRU-01,F-BRU-04,-20.6,45.4,0
2026-04-12T06:00:00Z,S-BRU-01,F-BRU-04,-19.1,38.1,0
2026-04-12T12:00:00Z,S-BRU-01,F-BRU-04,-19.9,41.2,0
2026-04-12T18:00:00Z,S-BRU-01,F-BRU-04,-20.5,39.3,0
2026-04-13T00:00:00Z,S-BRU-01,F-BRU-04,-19.7,50.0,0
2026-04-13T06:00:00Z,S-BRU-01,F-BRU-04,-19.7,40.9,0
2026-04-13T12:00:00Z,S-BRU-01,F-BRU-04,-19.3,40.8,0
2026-04-13T18:00:00Z,S-BRU-01,F-BRU-04,-21.0,51.1,0
2026-04-14T00:00:00Z,S-BRU-01,F-BRU-04,-20.4,39.3,0
2026-04-14T06:00:00Z,S-BRU-01,F-BRU-04,-20.1,39.9,0
2026-04-14T12:00:00Z,S-BRU-01,F-BRU-04,-20.6,39.4,0
2026-04-14T18:00:00Z,S-BRU-01,F-BRU-04,-19.2,42.0,0
2026-04-15T00:00:00Z,S-BRU-01,F-BRU-04,-20.6,40.5,0
2026-04-15T06:00:00Z,S-BRU-01,F-BRU-04,-20.1,50.5,0
2026-04-15T12:00:00Z,S-BRU-01,F-BRU-04,-20.0,44.7,0
2026-04-15T18:00:00Z,S-BRU-01,F-BRU-04,-19.2,38.4,0
2026-04-16T00:00:00Z,S-BRU-01,F-BRU-04,-20.6,41.5,0
2026-04-16T06:00:00Z,S-BRU-01,F-BRU-04,-20.4,46.7,0
2026-04-16T12:00:00Z,S-BRU-01,F-BRU-04,-20.9,41.9,0
2026-04-16T18:00:00Z,S-BRU-01,F-BRU-04,-20.9,42.6,0
2026-04-17T00:00:00Z,S-BRU-01,F-BRU-04,-20.0,44.2,0
2026-04-17T06:00:00Z,S-BRU-01,F-BRU-04,-19.0,49.7,0
2026-04-17T12:00:00Z,S-BRU-01,F-BRU-04,-20.0,46.6,0
2026-04-17T18:00:00Z,S-BRU-01,F-BRU-04,-20.4,40.6,0
2026-04-18T00:00:00Z,S-BRU-01,F-BRU-04,-20.4,41.1,0
2026-04-18T06:00:00Z,S-BRU-01,F-BRU-04,-20.4,48.8,0
2026-04-18T12:00:00Z,S-BRU-01,F-BRU-04,-20.8,44.9,0
2026-04-18T18:00:00Z,S-BRU-01,F-BRU-04,-20.3,48.9,0
2026-04-19T00:00:00Z,S-BRU-01,F-BRU-04,-20.0,43.4,0
2026-04-19T06:00:00Z,S-BRU-01,F-BRU-04,-20.5,46.0,0
2026-04-19T12:00:00Z,S-BRU-01,F-BRU-04,-19.0,40.3,0
2026-04-19T18:00:00Z,S-BRU-01,F-BRU-04,-19.5,43.2,0
2026-04-20T00:00:00Z,S-BRU-01,F-BRU-04,-19.3,39.9,0
2026-04-20T06:00:00Z,S-BRU-01,F-BRU-04,-19.9,38.6,0
2026-04-20T12:00:00Z,S-BRU-01,F-BRU-04,-19.6,40.4,0
2026-04-20T18:00:00Z,S-BRU-01,F-BRU-04,-19.5,41.7,0
2026-04-21T00:00:00Z,S-BRU-01,F-BRU-04,-19.0,38.0,0
2026-04-21T06:00:00Z,S-BRU-01,F-BRU-04,-20.3,45.0,0
2026-04-21T12:00:00Z,S-BRU-01,F-BRU-04,-20.3,50.4,0
2026-04-21T18:00:00Z,S-BRU-01,F-BRU-04,-19.1,40.4,0
2026-04-22T00:00:00Z,S-BRU-01,F-BRU-04,-20.4,42.5,0
2026-04-22T06:00:00Z,S-BRU-01,F-BRU-04,-19.8,38.2,0
2026-04-22T12:00:00Z,S-BRU-01,F-BRU-04,-19.4,46.1,0
2026-04-22T18:00:00Z,S-BRU-01,F-BRU-04,-19.9,41.7,0
2026-04-23T00:00:00Z,S-BRU-01,F-BRU-04,-20.4,49.9,0
2026-04-23T06:00:00Z,S-BRU-01,F-BRU-04,-19.7,48.3,0
2026-04-23T12:00:00Z,S-BRU-01,F-BRU-04,-20.4,44.4,0
2026-04-23T18:00:00Z,S-BRU-01,F-BRU-04,-20.0,41.9,0
2026-04-24T00:00:00Z,S-BRU-01,F-BRU-04,-20.2,43.3,0
2026-04-24T06:00:00Z,S-BRU-01,F-BRU-04,-19.9,44.3,0
2026-04-24T12:00:00Z,S-BRU-01,F-BRU-04,-19.7,50.0,0
2026-04-24T18:00:00Z,S-BRU-01,F-BRU-04,-20.5,43.8,0
2026-04-25T00:00:00Z,S-BRU-01,F-BRU-04,-19.6,43.4,0
2026-04-25T06:00:00Z,S-BRU-01,F-BRU-04,-20.5,45.7,0
2026-04-25T12:00:00Z,S-BRU-01,F-BRU-04,-19.4,51.5,1
2026-04-25T18:00:00Z,S-BRU-01,F-BRU-04,-19.7,50.4,1
2026-04-26T00:00:00Z,S-BRU-01,F-BRU-04,-20.3,45.2,0
2026-04-26T06:00:00Z,S-BRU-01,F-BRU-04,-19.8,38.5,0
2026-04-26T12:00:00Z,S-BRU-01,F-BRU-04,-20.9,44.3,0
2026-04-26T18:00:00Z,S-BRU-01,F-BRU-04,-20.7,49.8,1
2026-04-27T00:00:00Z,S-BRU-01,F-BRU-04,-20.0,42.7,0
2026-04-27T06:00:00Z,S-BRU-01,F-BRU-04,-19.6,47.1,0
2026-04-27T12:00:00Z,S-BRU-01,F-BRU-04,-19.3,43.4,0
2026-04-27T18:00:00Z,S-BRU-01,F-BRU-04,-20.5,43.8,0
2026-04-28T00:00:00Z,S-BRU-01,F-BRU-04,-20.9,50.6,0
2026-04-28T06:00:00Z,S-BRU-01,F-BRU-04,-20.5,41.5,0
2026-04-28T12:00:00Z,S-BRU-01,F-BRU-04,-20.5,43.9,0
2026-04-28T18:00:00Z,S-BRU-01,F-BRU-04,-20.6,43.5,0
2026-04-29T00:00:00Z,S-BRU-01,F-BRU-04,-19.7,38.3,0
2026-04-29T06:00:00Z,S-BRU-01,F-BRU-04,-20.2,47.8,0
2026-04-29T12:00:00Z,S-BRU-01,F-BRU-04,-19.2,39.7,0
2026-04-29T18:00:00Z,S-BRU-01,F-BRU-04,-20.6,40.6,0
2026-04-30T00:00:00Z,S-BRU-01,F-BRU-04,-19.3,50.8,0
2026-04-30T06:00:00Z,S-BRU-01,F-BRU-04,-19.7,48.9,0
2026-04-30T12:00:00Z,S-BRU-01,F-BRU-04,-19.8,48.8,0
2026-04-30T18:00:00Z,S-BRU-01,F-BRU-04,-19.7,44.0,0
2026-05-01T00:00:00Z,S-BRU-01,F-BRU-04,-19.5,47.5,0
2026-05-01T06:00:00Z,S-BRU-01,F-BRU-04,-19.4,38.7,0
2026-05-01T12:00:00Z,S-BRU-01,F-BRU-04,-20.1,40.9,0
2026-05-01T18:00:00Z,S-BRU-01,F-BRU-04,-20.4,49.4,0
2026-05-02T00:00:00Z,S-BRU-01,F-BRU-04,-19.6,50.2,0
2026-05-02T06:00:00Z,S-BRU-01,F-BRU-04,-20.0,44.7,0
2026-05-02T12:00:00Z,S-BRU-01,F-BRU-04,-20.2,48.4,0
2026-05-02T18:00:00Z,S-BRU-01,F-BRU-04,-19.0,42.5,1
2026-05-03T00:00:00Z,S-BRU-01,F-BRU-04,-19.7,42.2,0
2026-05-03T06:00:00Z,S-BRU-01,F-BRU-04,-20.7,49.6,0
2026-05-03T12:00:00Z,S-BRU-01,F-BRU-04,-19.6,38.8,0
2026-05-03T18:00:00Z,S-BRU-01,F-BRU-04,-19.9,48.7,0
2026-05-04T00:00:00Z,S-BRU-01,F-BRU-04,-19.9,43.6,0
2026-05-04T06:00:00Z,S-BRU-01,F-BRU-04,-19.6,38.4,0
2026-05-04T12:00:00Z,S-BRU-01,F-BRU-04,-20.2,40.6,1
2026-05-04T18:00:00Z,S-BRU-01,F-BRU-04,-20.9,48.7,0
2026-05-05T00:00:00Z,S-BRU-01,F-BRU-04,-19.1,50.5,0
2026-05-05T06:00:00Z,S-BRU-01,F-BRU-04,-21.0,40.7,0
2026-05-05T12:00:00Z,S-BRU-01,F-BRU-04,-19.4,46.1,0
2026-05-05T18:00:00Z,S-BRU-01,F-BRU-04,-20.0,46.6,0
2026-05-06T00:00:00Z,S-BRU-01,F-BRU-04,-19.9,45.5,0
2026-05-06T06:00:00Z,S-BRU-01,F-BRU-04,-20.7,39.7,0
2026-05-06T12:00:00Z,S-BRU-01,F-BRU-04,-20.7,47.8,0
2026-05-06T18:00:00Z,S-BRU-01,F-BRU-04,-19.5,48.8,0
2026-05-07T00:00:00Z,S-BRU-01,F-BRU-04,-20.8,48.3,0
2026-05-07T06:00:00Z,S-BRU-01,F-BRU-04,-19.2,45.5,0
2026-05-07T12:00:00Z,S-BRU-01,F-BRU-04,-19.4,42.3,0
2026-05-07T18:00:00Z,S-BRU-01,F-BRU-04,-20.2,42.1,1
2026-05-08T00:00:00Z,S-BRU-01,F-BRU-04,-19.6,46.3,0
2026-05-08T06:00:00Z,S-BRU-01,F-BRU-04,-19.6,47.3,0
2026-05-08T12:00:00Z,S-BRU-01,F-BRU-04,-19.1,39.2,0
2026-05-08T18:00:00Z,S-BRU-01,F-BRU-04,-19.1,42.2,0
2026-05-09T00:00:00Z,S-BRU-01,F-BRU-04,-19.8,38.3,0
2026-05-09T06:00:00Z,S-BRU-01,F-BRU-04,-20.4,48.9,0
2026-05-09T12:00:00Z,S-BRU-01,F-BRU-04,-19.8,43.9,1
2026-05-09T18:00:00Z,S-BRU-01,F-BRU-04,-20.2,40.5,0
2026-05-10T00:00:00Z,S-BRU-01,F-BRU-04,-19.4,44.1,0
2026-05-10T06:00:00Z,S-BRU-01,F-BRU-04,-21.0,41.6,0
2026-05-10T12:00:00Z,S-BRU-01,F-BRU-04,-19.8,40.3,0
2026-05-10T18:00:00Z,S-BRU-01,F-BRU-04,-20.5,50.8,0
2026-05-11T00:00:00Z,S-BRU-01,F-BRU-04,-20.4,49.0,0
2026-05-11T06:00:00Z,S-BRU-01,F-BRU-04,-19.4,47.8,0
2026-05-11T12:00:00Z,S-BRU-01,F-BRU-04,-19.4,47.7,0
2026-05-11T18:00:00Z,S-BRU-01,F-BRU-04,-20.8,48.1,1
2026-05-12T00:00:00Z,S-BRU-01,F-BRU-04,-20.1,50.0,0
2026-05-12T06:00:00Z,S-BRU-01,F-BRU-04,-21.0,46.9,0
2026-05-12T12:00:00Z,S-BRU-01,F-BRU-04,-19.1,41.8,0
2026-05-12T18:00:00Z,S-BRU-01,F-BRU-04,-20.8,50.4,0
2026-05-13T00:00:00Z,S-BRU-01,F-BRU-04,-19.3,48.6,0
2026-05-13T06:00:00Z,S-BRU-01,F-BRU-04,-19.2,39.4,0
2026-05-13T12:00:00Z,S-BRU-01,F-BRU-04,-19.7,41.5,0
2026-05-13T18:00:00Z,S-BRU-01,F-BRU-04,-19.2,47.2,0
2026-05-14T00:00:00Z,S-BRU-01,F-BRU-04,-19.7,39.3,0
2026-05-14T06:00:00Z,S-BRU-01,F-BRU-04,-21.0,51.2,0
2026-05-14T12:00:00Z,S-BRU-01,F-BRU-04,-19.5,39.6,1
2026-05-14T18:00:00Z,S-BRU-01,F-BRU-04,-19.8,40.2,0
2026-05-15T00:00:00Z,S-BRU-01,F-BRU-04,-20.9,50.3,0
2026-05-15T06:00:00Z,S-BRU-01,F-BRU-04,-20.6,45.2,0
2026-05-15T12:00:00Z,S-BRU-01,F-BRU-04,-19.9,45.2,0
2026-05-15T18:00:00Z,S-BRU-01,F-BRU-04,-19.1,38.9,0
2026-05-16T00:00:00Z,S-BRU-01,F-BRU-04,-20.7,40.3,0
2026-05-16T06:00:00Z,S-BRU-01,F-BRU-04,-19.1,45.7,0
2026-05-16T12:00:00Z,S-BRU-01,F-BRU-04,-19.7,48.8,0
2026-05-16T18:00:00Z,S-BRU-01,F-BRU-04,-19.3,42.6,0
2026-05-17T00:00:00Z,S-BRU-01,F-BRU-04,-19.7,38.3,0
2026-05-17T06:00:00Z,S-BRU-01,F-BRU-04,-20.7,45.1,0
2026-05-17T12:00:00Z,S-BRU-01,F-BRU-04,-19.8,42.7,0
2026-05-17T18:00:00Z,S-BRU-01,F-BRU-04,-19.7,44.5,0
2026-05-18T00:00:00Z,S-BRU-01,F-BRU-04,-20.8,45.6,0
2026-05-18T06:00:00Z,S-BRU-01,F-BRU-04,-20.2,46.3,0
2026-05-18T12:00:00Z,S-BRU-01,F-BRU-04,-20.8,46.4,0
2026-05-18T18:00:00Z,S-BRU-01,F-BRU-04,-19.3,40.4,0
2026-05-19T00:00:00Z,S-BRU-01,F-BRU-04,-20.2,38.2,0
2026-05-19T06:00:00Z,S-BRU-01,F-BRU-04,-20.9,39.9,0
2026-05-19T12:00:00Z,S-BRU-01,F-BRU-04,-21.0,46.7,0
2026-05-19T18:00:00Z,S-BRU-01,F-BRU-04,-19.7,49.3,0
2026-05-20T00:00:00Z,S-BRU-01,F-BRU-04,-20.2,47.4,0
2026-05-20T06:00:00Z,S-BRU-01,F-BRU-04,-19.2,41.9,0
2026-05-20T12:00:00Z,S-BRU-01,F-BRU-04,-20.6,49.2,0
2026-05-20T18:00:00Z,S-BRU-01,F-BRU-04,-19.7,47.0,0
2026-05-21T00:00:00Z,S-BRU-01,F-BRU-04,-20.0,49.5,0
2026-05-21T06:00:00Z,S-BRU-01,F-BRU-04,-20.0,38.1,0
2026-05-21T12:00:00Z,S-BRU-01,F-BRU-04,-20.6,48.3,0
2026-05-21T18:00:00Z,S-BRU-01,F-BRU-04,-19.7,47.2,0
2026-05-22T00:00:00Z,S-BRU-01,F-BRU-04,-19.7,43.2,0
2026-05-22T06:00:00Z,S-BRU-01,F-BRU-04,-20.2,38.3,0
2026-05-22T12:00:00Z,S-BRU-01,F-BRU-04,-20.8,51.0,0
2026-05-22T18:00:00Z,S-BRU-01,F-BRU-04,-20.1,41.5,0
2026-05-23T00:00:00Z,S-BRU-01,F-BRU-04,-19.2,46.0,0
2026-05-23T06:00:00Z,S-BRU-01,F-BRU-04,-20.2,49.4,0
2026-05-23T12:00:00Z,S-BRU-01,F-BRU-04,-19.6,41.5,0
2026-05-23T18:00:00Z,S-BRU-01,F-BRU-04,-19.5,38.0,0
2026-05-24T00:00:00Z,S-BRU-01,F-BRU-04,-20.4,43.3,0
2026-05-24T06:00:00Z,S-BRU-01,F-BRU-04,-20.7,48.7,0
2026-05-24T12:00:00Z,S-BRU-01,F-BRU-04,-19.6,38.6,0
2026-05-24T18:00:00Z,S-BRU-01,F-BRU-04,-19.6,43.9,0
2026-05-25T00:00:00Z,S-BRU-01,F-BRU-04,-20.8,45.5,0
2026-05-25T06:00:00Z,S-BRU-01,F-BRU-04,-20.1,43.1,0
2026-05-25T12:00:00Z,S-BRU-01,F-BRU-04,-19.1,47.5,0
2026-05-25T18:00:00Z,S-BRU-01,F-BRU-04,-19.3,49.6,0
2026-05-26T00:00:00Z,S-BRU-01,F-BRU-04,-19.2,45.1,0
2026-05-26T06:00:00Z,S-BRU-01,F-BRU-04,-20.7,42.9,0
2026-05-26T12:00:00Z,S-BRU-01,F-BRU-04,-19.6,44.3,0
2026-05-26T18:00:00Z,S-BRU-01,F-BRU-04,-20.0,41.9,0
2026-05-27T00:00:00Z,S-BRU-01,F-BRU-04,-20.2,52.0,0
2026-05-27T06:00:00Z,S-BRU-01,F-BRU-04,-19.1,41.2,0
2026-05-27T12:00:00Z,S-BRU-01,F-BRU-04,-20.9,43.6,0
2026-05-27T18:00:00Z,S-BRU-01,F-BRU-04,-19.4,51.6,0
2026-05-28T00:00:00Z,S-BRU-01,F-BRU-04,-19.8,39.8,0
2026-05-28T06:00:00Z,S-BRU-01,F-BRU-04,-19.8,45.9,0
2026-05-28T12:00:00Z,S-BRU-01,F-BRU-04,-20.0,50.8,0
2026-05-28T18:00:00Z,S-BRU-01,F-BRU-04,-19.2,39.9,1
2026-05-29T00:00:00Z,S-BRU-01,F-BRU-04,-20.5,46.5,0
2026-05-29T06:00:00Z,S-BRU-01,F-BRU-04,-20.2,40.3,0
2026-05-29T12:00:00Z,S-BRU-01,F-BRU-04,-20.2,46.7,1
2026-05-29T18:00:00Z,S-BRU-01,F-BRU-04,-20.2,39.0,0
2026-05-30T00:00:00Z,S-BRU-01,F-BRU-04,-19.1,46.2,0
2026-05-30T06:00:00Z,S-BRU-01,F-BRU-04,-20.6,50.5,0
2026-05-30T12:00:00Z,S-BRU-01,F-BRU-04,-20.2,51.8,0
2026-05-30T18:00:00Z,S-BRU-01,F-BRU-04,-19.1,47.2,0
2026-05-31T00:00:00Z,S-BRU-01,F-BRU-04,-19.2,46.4,0
2026-05-31T06:00:00Z,S-BRU-01,F-BRU-04,-19.1,45.7,0
2026-05-31T12:00:00Z,S-BRU-01,F-BRU-04,-20.6,48.5,0
2026-05-31T18:00:00Z,S-BRU-01,F-BRU-04,-19.3,43.6,0
2026-06-01T00:00:00Z,S-BRU-01,F-BRU-04,-19.6,44.3,0
2026-06-01T06:00:00Z,S-BRU-01,F-BRU-04,-20.6,50.8,0
2026-06-01T12:00:00Z,S-BRU-01,F-BRU-04,-20.1,42.2,0
2026-06-01T18:00:00Z,S-BRU-01,F-BRU-04,-19.9,38.7,0
2026-06-02T00:00:00Z,S-BRU-01,F-BRU-04,-19.4,50.5,0
2026-06-02T06:00:00Z,S-BRU-01,F-BRU-04,-19.4,39.3,0
2026-06-02T12:00:00Z,S-BRU-01,F-BRU-04,-20.6,45.4,0
2026-06-02T18:00:00Z,S-BRU-01,F-BRU-04,-19.5,39.2,0
2026-06-03T00:00:00Z,S-BRU-01,F-BRU-04,-20.2,38.4,0
2026-06-03T06:00:00Z,S-BRU-01,F-BRU-04,-19.2,42.1,0
2026-06-03T12:00:00Z,S-BRU-01,F-BRU-04,-20.9,51.7,0
2026-06-03T18:00:00Z,S-BRU-01,F-BRU-04,-19.1,40.1,0
2026-01-01T00:00:00Z,S-MIL-01,F-MIL-05,-19.5,38.9,0
2026-01-01T06:00:00Z,S-MIL-01,F-MIL-05,-19.4,48.4,0
2026-01-01T12:00:00Z,S-MIL-01,F-MIL-05,-19.7,49.9,0
2026-01-01T18:00:00Z,S-MIL-01,F-MIL-05,-19.5,45.9,0
2026-01-02T00:00:00Z,S-MIL-01,F-MIL-05,-20.8,40.9,0
2026-01-02T06:00:00Z,S-MIL-01,F-MIL-05,-19.4,44.9,0
2026-01-02T12:00:00Z,S-MIL-01,F-MIL-05,-20.7,46.9,0
2026-01-02T18:00:00Z,S-MIL-01,F-MIL-05,-20.7,46.3,0
2026-01-03T00:00:00Z,S-MIL-01,F-MIL-05,-19.7,49.7,0
2026-01-03T06:00:00Z,S-MIL-01,F-MIL-05,-20.2,40.2,0
2026-01-03T12:00:00Z,S-MIL-01,F-MIL-05,-19.4,51.2,0
2026-01-03T18:00:00Z,S-MIL-01,F-MIL-05,-19.2,42.6,0
2026-01-04T00:00:00Z,S-MIL-01,F-MIL-05,-19.7,38.8,0
2026-01-04T06:00:00Z,S-MIL-01,F-MIL-05,-20.6,42.7,0
2026-01-04T12:00:00Z,S-MIL-01,F-MIL-05,-20.5,46.0,0
2026-01-04T18:00:00Z,S-MIL-01,F-MIL-05,-20.1,46.5,0
2026-01-05T00:00:00Z,S-MIL-01,F-MIL-05,-19.8,41.7,0
2026-01-05T06:00:00Z,S-MIL-01,F-MIL-05,-19.2,43.6,0
2026-01-05T12:00:00Z,S-MIL-01,F-MIL-05,-19.2,46.0,0
2026-01-05T18:00:00Z,S-MIL-01,F-MIL-05,-19.4,50.9,0
2026-01-06T00:00:00Z,S-MIL-01,F-MIL-05,-20.9,51.8,0
2026-01-06T06:00:00Z,S-MIL-01,F-MIL-05,-20.3,45.5,0
2026-01-06T12:00:00Z,S-MIL-01,F-MIL-05,-19.2,39.2,0
2026-01-06T18:00:00Z,S-MIL-01,F-MIL-05,-20.5,51.1,0
2026-01-07T00:00:00Z,S-MIL-01,F-MIL-05,-20.2,39.4,0
2026-01-07T06:00:00Z,S-MIL-01,F-MIL-05,-19.9,46.0,0
2026-01-07T12:00:00Z,S-MIL-01,F-MIL-05,-19.0,40.1,0
2026-01-07T18:00:00Z,S-MIL-01,F-MIL-05,-19.2,47.0,0
2026-01-08T00:00:00Z,S-MIL-01,F-MIL-05,-19.3,38.1,0
2026-01-08T06:00:00Z,S-MIL-01,F-MIL-05,-20.5,51.2,0
2026-01-08T12:00:00Z,S-MIL-01,F-MIL-05,-20.0,39.7,0
2026-01-08T18:00:00Z,S-MIL-01,F-MIL-05,-20.5,39.0,0
2026-01-09T00:00:00Z,S-MIL-01,F-MIL-05,-19.7,42.4,0
2026-01-09T06:00:00Z,S-MIL-01,F-MIL-05,-20.2,38.2,0
2026-01-09T12:00:00Z,S-MIL-01,F-MIL-05,-20.0,44.9,0
2026-01-09T18:00:00Z,S-MIL-01,F-MIL-05,-20.9,51.9,0
2026-01-10T00:00:00Z,S-MIL-01,F-MIL-05,-20.5,39.2,0
2026-01-10T06:00:00Z,S-MIL-01,F-MIL-05,-19.8,47.3,0
2026-01-10T12:00:00Z,S-MIL-01,F-MIL-05,-19.1,40.1,0
2026-01-10T18:00:00Z,S-MIL-01,F-MIL-05,-19.8,49.7,0
2026-01-11T00:00:00Z,S-MIL-01,F-MIL-05,-20.9,40.8,0
2026-01-11T06:00:00Z,S-MIL-01,F-MIL-05,-20.0,40.9,0
2026-01-11T12:00:00Z,S-MIL-01,F-MIL-05,-20.9,42.2,0
2026-01-11T18:00:00Z,S-MIL-01,F-MIL-05,-20.4,51.9,0
2026-01-12T00:00:00Z,S-MIL-01,F-MIL-05,-20.1,45.7,0
2026-01-12T06:00:00Z,S-MIL-01,F-MIL-05,-21.0,41.8,0
2026-01-12T12:00:00Z,S-MIL-01,F-MIL-05,-20.1,44.2,0
2026-01-12T18:00:00Z,S-MIL-01,F-MIL-05,-20.2,39.8,0
2026-01-13T00:00:00Z,S-MIL-01,F-MIL-05,-19.0,50.9,0
2026-01-13T06:00:00Z,S-MIL-01,F-MIL-05,-19.2,47.7,0
2026-01-13T12:00:00Z,S-MIL-01,F-MIL-05,-20.1,42.5,0
2026-01-13T18:00:00Z,S-MIL-01,F-MIL-05,-19.8,49.0,0
2026-01-14T00:00:00Z,S-MIL-01,F-MIL-05,-19.0,47.6,0
2026-01-14T06:00:00Z,S-MIL-01,F-MIL-05,-19.3,51.6,0
2026-01-14T12:00:00Z,S-MIL-01,F-MIL-05,-20.8,47.7,0
2026-01-14T18:00:00Z,S-MIL-01,F-MIL-05,-20.7,45.5,0
2026-01-15T00:00:00Z,S-MIL-01,F-MIL-05,-20.5,43.4,0
2026-01-15T06:00:00Z,S-MIL-01,F-MIL-05,-19.1,38.5,0
2026-01-15T12:00:00Z,S-MIL-01,F-MIL-05,-19.4,45.8,0
2026-01-15T18:00:00Z,S-MIL-01,F-MIL-05,-21.0,42.8,0
2026-01-16T00:00:00Z,S-MIL-01,F-MIL-05,-19.5,49.3,0
2026-01-16T06:00:00Z,S-MIL-01,F-MIL-05,-20.4,49.7,0
2026-01-16T12:00:00Z,S-MIL-01,F-MIL-05,-20.5,48.1,0
2026-01-16T18:00:00Z,S-MIL-01,F-MIL-05,-19.7,41.5,0
2026-01-17T00:00:00Z,S-MIL-01,F-MIL-05,-19.2,38.7,0
2026-01-17T06:00:00Z,S-MIL-01,F-MIL-05,-20.0,44.6,0
2026-01-17T12:00:00Z,S-MIL-01,F-MIL-05,-20.9,38.2,0
2026-01-17T18:00:00Z,S-MIL-01,F-MIL-05,-19.3,38.2,0
2026-01-18T00:00:00Z,S-MIL-01,F-MIL-05,-19.2,39.6,0
2026-01-18T06:00:00Z,S-MIL-01,F-MIL-05,-20.4,38.3,0
2026-01-18T12:00:00Z,S-MIL-01,F-MIL-05,-19.5,46.5,0
2026-01-18T18:00:00Z,S-MIL-01,F-MIL-05,-19.9,40.5,0
2026-01-19T00:00:00Z,S-MIL-01,F-MIL-05,-21.0,40.9,0
2026-01-19T06:00:00Z,S-MIL-01,F-MIL-05,-20.2,48.8,0
2026-01-19T12:00:00Z,S-MIL-01,F-MIL-05,-19.5,48.3,1
2026-01-19T18:00:00Z,S-MIL-01,F-MIL-05,-20.0,50.8,0
2026-01-20T00:00:00Z,S-MIL-01,F-MIL-05,-20.2,51.3,0
2026-01-20T06:00:00Z,S-MIL-01,F-MIL-05,-19.7,47.7,0
2026-01-20T12:00:00Z,S-MIL-01,F-MIL-05,-21.0,44.2,0
2026-01-20T18:00:00Z,S-MIL-01,F-MIL-05,-20.7,42.5,0
2026-01-21T00:00:00Z,S-MIL-01,F-MIL-05,-20.3,51.6,0
2026-01-21T06:00:00Z,S-MIL-01,F-MIL-05,-20.2,47.7,0
2026-01-21T12:00:00Z,S-MIL-01,F-MIL-05,-19.6,40.9,0
2026-01-21T18:00:00Z,S-MIL-01,F-MIL-05,-20.5,48.1,0
2026-01-22T00:00:00Z,S-MIL-01,F-MIL-05,-20.9,40.7,0
2026-01-22T06:00:00Z,S-MIL-01,F-MIL-05,-19.0,42.2,0
2026-01-22T12:00:00Z,S-MIL-01,F-MIL-05,-19.3,45.0,0
2026-01-22T18:00:00Z,S-MIL-01,F-MIL-05,-20.9,48.8,0
2026-01-23T00:00:00Z,S-MIL-01,F-MIL-05,-20.9,48.1,0
2026-01-23T06:00:00Z,S-MIL-01,F-MIL-05,-19.8,44.8,0
2026-01-23T12:00:00Z,S-MIL-01,F-MIL-05,-19.1,46.4,1
2026-01-23T18:00:00Z,S-MIL-01,F-MIL-05,-19.6,39.6,0
2026-01-24T00:00:00Z,S-MIL-01,F-MIL-05,-20.8,49.7,0
2026-01-24T06:00:00Z,S-MIL-01,F-MIL-05,-19.4,46.8,0
2026-01-24T12:00:00Z,S-MIL-01,F-MIL-05,-19.0,50.1,1
2026-01-24T18:00:00Z,S-MIL-01,F-MIL-05,-20.6,50.0,0
2026-01-25T00:00:00Z,S-MIL-01,F-MIL-05,-20.2,39.4,0
2026-01-25T06:00:00Z,S-MIL-01,F-MIL-05,-20.3,41.9,0
2026-01-25T12:00:00Z,S-MIL-01,F-MIL-05,-20.3,38.7,0
2026-01-25T18:00:00Z,S-MIL-01,F-MIL-05,-20.2,40.6,1
2026-01-26T00:00:00Z,S-MIL-01,F-MIL-05,-19.8,43.6,0
2026-01-26T06:00:00Z,S-MIL-01,F-MIL-05,-20.4,44.4,0
2026-01-26T12:00:00Z,S-MIL-01,F-MIL-05,-19.6,51.8,0
2026-01-26T18:00:00Z,S-MIL-01,F-MIL-05,-20.4,46.4,0
2026-01-27T00:00:00Z,S-MIL-01,F-MIL-05,-21.0,44.7,0
2026-01-27T06:00:00Z,S-MIL-01,F-MIL-05,-20.5,48.0,0
2026-01-27T12:00:00Z,S-MIL-01,F-MIL-05,-20.4,48.2,0
2026-01-27T18:00:00Z,S-MIL-01,F-MIL-05,-20.9,45.4,0
2026-01-28T00:00:00Z,S-MIL-01,F-MIL-05,-19.5,50.9,0
2026-01-28T06:00:00Z,S-MIL-01,F-MIL-05,-19.2,39.1,0
2026-01-28T12:00:00Z,S-MIL-01,F-MIL-05,-19.5,42.0,0
2026-01-28T18:00:00Z,S-MIL-01,F-MIL-05,-19.4,46.0,0
2026-01-29T00:00:00Z,S-MIL-01,F-MIL-05,-19.8,43.9,0
2026-01-29T06:00:00Z,S-MIL-01,F-MIL-05,-19.4,49.3,0
2026-01-29T12:00:00Z,S-MIL-01,F-MIL-05,-19.0,39.9,0
2026-01-29T18:00:00Z,S-MIL-01,F-MIL-05,-20.5,47.8,0
2026-01-30T00:00:00Z,S-MIL-01,F-MIL-05,-19.2,43.1,0
2026-01-30T06:00:00Z,S-MIL-01,F-MIL-05,-19.0,39.9,0
2026-01-30T12:00:00Z,S-MIL-01,F-MIL-05,-20.2,48.4,0
2026-01-30T18:00:00Z,S-MIL-01,F-MIL-05,-20.7,44.8,0
2026-01-31T00:00:00Z,S-MIL-01,F-MIL-05,-20.1,41.0,0
2026-01-31T06:00:00Z,S-MIL-01,F-MIL-05,-20.2,43.6,0
2026-01-31T12:00:00Z,S-MIL-01,F-MIL-05,-20.3,49.4,0
2026-01-31T18:00:00Z,S-MIL-01,F-MIL-05,-20.9,43.5,0
2026-02-01T00:00:00Z,S-MIL-01,F-MIL-05,-21.0,38.6,0
2026-02-01T06:00:00Z,S-MIL-01,F-MIL-05,-19.5,50.4,0
2026-02-01T12:00:00Z,S-MIL-01,F-MIL-05,-20.8,46.9,0
2026-02-01T18:00:00Z,S-MIL-01,F-MIL-05,-21.0,45.6,0
2026-02-02T00:00:00Z,S-MIL-01,F-MIL-05,-19.3,46.2,0
2026-02-02T06:00:00Z,S-MIL-01,F-MIL-05,-19.8,51.8,0
2026-02-02T12:00:00Z,S-MIL-01,F-MIL-05,-20.9,48.4,0
2026-02-02T18:00:00Z,S-MIL-01,F-MIL-05,-20.7,39.9,0
2026-02-03T00:00:00Z,S-MIL-01,F-MIL-05,-20.3,47.6,0
2026-02-03T06:00:00Z,S-MIL-01,F-MIL-05,-19.5,44.4,0
2026-02-03T12:00:00Z,S-MIL-01,F-MIL-05,-20.3,44.5,0
2026-02-03T18:00:00Z,S-MIL-01,F-MIL-05,-20.5,39.6,0
2026-02-04T00:00:00Z,S-MIL-01,F-MIL-05,-20.6,43.5,0
2026-02-04T06:00:00Z,S-MIL-01,F-MIL-05,-20.9,48.0,0
2026-02-04T12:00:00Z,S-MIL-01,F-MIL-05,-20.1,39.9,0
2026-02-04T18:00:00Z,S-MIL-01,F-MIL-05,-20.3,49.4,0
2026-02-05T00:00:00Z,S-MIL-01,F-MIL-05,-20.4,42.5,0
2026-02-05T06:00:00Z,S-MIL-01,F-MIL-05,-19.4,51.7,0
2026-02-05T12:00:00Z,S-MIL-01,F-MIL-05,-19.8,39.9,0
2026-02-05T18:00:00Z,S-MIL-01,F-MIL-05,-19.5,51.5,0
2026-02-06T00:00:00Z,S-MIL-01,F-MIL-05,-20.4,42.6,0
2026-02-06T06:00:00Z,S-MIL-01,F-MIL-05,-20.0,39.7,0
2026-02-06T12:00:00Z,S-MIL-01,F-MIL-05,-21.0,45.9,0
2026-02-06T18:00:00Z,S-MIL-01,F-MIL-05,-19.8,42.9,0
2026-02-07T00:00:00Z,S-MIL-01,F-MIL-05,-20.6,50.4,0
2026-02-07T06:00:00Z,S-MIL-01,F-MIL-05,-19.3,48.7,0
2026-02-07T12:00:00Z,S-MIL-01,F-MIL-05,-20.2,43.7,0
2026-02-07T18:00:00Z,S-MIL-01,F-MIL-05,-19.8,47.6,0
2026-02-08T00:00:00Z,S-MIL-01,F-MIL-05,-20.0,44.9,0
2026-02-08T06:00:00Z,S-MIL-01,F-MIL-05,-20.4,43.7,0
2026-02-08T12:00:00Z,S-MIL-01,F-MIL-05,-21.0,51.6,0
2026-02-08T18:00:00Z,S-MIL-01,F-MIL-05,-19.4,49.8,0
2026-02-09T00:00:00Z,S-MIL-01,F-MIL-05,-20.2,44.3,0
2026-02-09T06:00:00Z,S-MIL-01,F-MIL-05,-20.4,50.1,0
2026-02-09T12:00:00Z,S-MIL-01,F-MIL-05,-20.7,43.9,0
2026-02-09T18:00:00Z,S-MIL-01,F-MIL-05,-21.0,40.8,0
2026-02-10T00:00:00Z,S-MIL-01,F-MIL-05,-20.9,45.1,0
2026-02-10T06:00:00Z,S-MIL-01,F-MIL-05,-20.9,43.2,0
2026-02-10T12:00:00Z,S-MIL-01,F-MIL-05,-20.6,38.1,0
2026-02-10T18:00:00Z,S-MIL-01,F-MIL-05,-19.6,46.9,1
2026-02-11T00:00:00Z,S-MIL-01,F-MIL-05,-20.0,39.3,0
2026-02-11T06:00:00Z,S-MIL-01,F-MIL-05,-20.2,42.9,0
2026-02-11T12:00:00Z,S-MIL-01,F-MIL-05,-20.1,38.9,0
2026-02-11T18:00:00Z,S-MIL-01,F-MIL-05,-20.5,39.1,0
2026-02-12T00:00:00Z,S-MIL-01,F-MIL-05,-20.3,44.2,0
2026-02-12T06:00:00Z,S-MIL-01,F-MIL-05,-20.5,47.9,0
2026-02-12T12:00:00Z,S-MIL-01,F-MIL-05,-19.1,48.2,0
2026-02-12T18:00:00Z,S-MIL-01,F-MIL-05,-20.8,49.4,0
2026-02-13T00:00:00Z,S-MIL-01,F-MIL-05,-19.0,44.5,0
2026-02-13T06:00:00Z,S-MIL-01,F-MIL-05,-20.9,48.1,0
2026-02-13T12:00:00Z,S-MIL-01,F-MIL-05,-20.8,51.1,1
2026-02-13T18:00:00Z,S-MIL-01,F-MIL-05,-19.7,45.3,0
2026-02-14T00:00:00Z,S-MIL-01,F-MIL-05,-20.2,51.5,0
2026-02-14T06:00:00Z,S-MIL-01,F-MIL-05,-19.1,49.9,0
2026-02-14T12:00:00Z,S-MIL-01,F-MIL-05,-20.2,41.0,0
2026-02-14T18:00:00Z,S-MIL-01,F-MIL-05,-19.2,45.8,0
2026-02-15T00:00:00Z,S-MIL-01,F-MIL-05,-20.4,46.5,0
2026-02-15T06:00:00Z,S-MIL-01,F-MIL-05,-20.5,47.4,0
2026-02-15T12:00:00Z,S-MIL-01,F-MIL-05,-20.1,45.7,1
2026-02-15T18:00:00Z,S-MIL-01,F-MIL-05,-19.6,38.7,0
2026-02-16T00:00:00Z,S-MIL-01,F-MIL-05,-20.5,48.4,0
2026-02-16T06:00:00Z,S-MIL-01,F-MIL-05,-20.0,44.6,0
2026-02-16T12:00:00Z,S-MIL-01,F-MIL-05,-19.5,45.6,0
2026-02-16T18:00:00Z,S-MIL-01,F-MIL-05,-21.0,47.0,0
2026-02-17T00:00:00Z,S-MIL-01,F-MIL-05,-20.7,46.4,0
2026-02-17T06:00:00Z,S-MIL-01,F-MIL-05,-20.1,41.4,0
2026-02-17T12:00:00Z,S-MIL-01,F-MIL-05,-20.6,49.4,0
2026-02-17T18:00:00Z,S-MIL-01,F-MIL-05,-19.8,44.7,0
2026-02-18T00:00:00Z,S-MIL-01,F-MIL-05,-20.7,45.9,0
2026-02-18T06:00:00Z,S-MIL-01,F-MIL-05,-19.3,42.0,0
2026-02-18T12:00:00Z,S-MIL-01,F-MIL-05,-20.9,50.2,0
2026-02-18T18:00:00Z,S-MIL-01,F-MIL-05,-20.4,48.7,0
2026-02-19T00:00:00Z,S-MIL-01,F-MIL-05,-19.1,50.5,0
2026-02-19T06:00:00Z,S-MIL-01,F-MIL-05,-20.1,46.6,0
2026-02-19T12:00:00Z,S-MIL-01,F-MIL-05,-19.8,40.6,0
2026-02-19T18:00:00Z,S-MIL-01,F-MIL-05,-20.1,41.3,0
2026-02-20T00:00:00Z,S-MIL-01,F-MIL-05,-20.7,48.1,0
2026-02-20T06:00:00Z,S-MIL-01,F-MIL-05,-19.3,47.1,0
2026-02-20T12:00:00Z,S-MIL-01,F-MIL-05,-20.9,41.3,0
2026-02-20T18:00:00Z,S-MIL-01,F-MIL-05,-19.8,41.5,0
2026-02-21T00:00:00Z,S-MIL-01,F-MIL-05,-20.9,46.6,0
2026-02-21T06:00:00Z,S-MIL-01,F-MIL-05,-20.5,49.2,0
2026-02-21T12:00:00Z,S-MIL-01,F-MIL-05,-20.0,42.1,0
2026-02-21T18:00:00Z,S-MIL-01,F-MIL-05,-20.4,47.2,0
2026-02-22T00:00:00Z,S-MIL-01,F-MIL-05,-19.9,50.5,0
2026-02-22T06:00:00Z,S-MIL-01,F-MIL-05,-21.0,47.4,0
2026-02-22T12:00:00Z,S-MIL-01,F-MIL-05,-20.3,42.5,1
2026-02-22T18:00:00Z,S-MIL-01,F-MIL-05,-19.3,47.7,0
2026-02-23T00:00:00Z,S-MIL-01,F-MIL-05,-20.2,50.8,0
2026-02-23T06:00:00Z,S-MIL-01,F-MIL-05,-20.1,44.1,0
2026-02-23T12:00:00Z,S-MIL-01,F-MIL-05,-19.6,46.7,0
2026-02-23T18:00:00Z,S-MIL-01,F-MIL-05,-19.1,39.7,1
2026-02-24T00:00:00Z,S-MIL-01,F-MIL-05,-19.3,49.0,0
2026-02-24T06:00:00Z,S-MIL-01,F-MIL-05,-19.0,41.0,0
2026-02-24T12:00:00Z,S-MIL-01,F-MIL-05,-20.7,48.8,0
2026-02-24T18:00:00Z,S-MIL-01,F-MIL-05,-19.7,48.9,0
2026-02-25T00:00:00Z,S-MIL-01,F-MIL-05,-20.0,44.5,0
2026-02-25T06:00:00Z,S-MIL-01,F-MIL-05,-20.6,51.1,0
2026-02-25T12:00:00Z,S-MIL-01,F-MIL-05,-20.2,48.2,0
2026-02-25T18:00:00Z,S-MIL-01,F-MIL-05,-20.9,43.6,0
2026-02-26T00:00:00Z,S-MIL-01,F-MIL-05,-19.5,38.4,0
2026-02-26T06:00:00Z,S-MIL-01,F-MIL-05,-19.4,38.0,0
2026-02-26T12:00:00Z,S-MIL-01,F-MIL-05,-19.9,38.7,0
2026-02-26T18:00:00Z,S-MIL-01,F-MIL-05,-20.9,46.6,0
2026-02-27T00:00:00Z,S-MIL-01,F-MIL-05,-20.0,42.3,0
2026-02-27T06:00:00Z,S-MIL-01,F-MIL-05,-19.7,39.2,0
2026-02-27T12:00:00Z,S-MIL-01,F-MIL-05,-19.4,47.0,0
2026-02-27T18:00:00Z,S-MIL-01,F-MIL-05,-20.4,38.8,0
2026-02-28T00:00:00Z,S-MIL-01,F-MIL-05,-20.5,47.5,0
2026-02-28T06:00:00Z,S-MIL-01,F-MIL-05,-19.3,44.6,0
2026-02-28T12:00:00Z,S-MIL-01,F-MIL-05,-19.5,45.1,0
2026-02-28T18:00:00Z,S-MIL-01,F-MIL-05,-20.2,43.2,0
2026-03-01T00:00:00Z,S-MIL-01,F-MIL-05,-19.3,44.0,0
2026-03-01T06:00:00Z,S-MIL-01,F-MIL-05,-20.7,49.8,0
2026-03-01T12:00:00Z,S-MIL-01,F-MIL-05,-20.5,43.7,0
2026-03-01T18:00:00Z,S-MIL-01,F-MIL-05,-19.7,43.0,0
2026-03-02T00:00:00Z,S-MIL-01,F-MIL-05,-19.4,43.6,0
2026-03-02T06:00:00Z,S-MIL-01,F-MIL-05,-19.1,41.7,0
2026-03-02T12:00:00Z,S-MIL-01,F-MIL-05,-20.2,39.0,0
2026-03-02T18:00:00Z,S-MIL-01,F-MIL-05,-20.5,46.3,0
2026-03-03T00:00:00Z,S-MIL-01,F-MIL-05,-20.6,45.3,0
2026-03-03T06:00:00Z,S-MIL-01,F-MIL-05,-20.6,46.2,0
2026-03-03T12:00:00Z,S-MIL-01,F-MIL-05,-19.5,47.5,0
2026-03-03T18:00:00Z,S-MIL-01,F-MIL-05,-19.3,47.9,0
2026-03-04T00:00:00Z,S-MIL-01,F-MIL-05,-19.8,39.1,0
2026-03-04T06:00:00Z,S-MIL-01,F-MIL-05,-19.8,47.9,0
2026-03-04T12:00:00Z,S-MIL-01,F-MIL-05,-20.1,46.2,0
2026-03-04T18:00:00Z,S-MIL-01,F-MIL-05,-20.4,42.4,0
2026-03-05T00:00:00Z,S-MIL-01,F-MIL-05,-19.8,49.2,0
2026-03-05T06:00:00Z,S-MIL-01,F-MIL-05,-20.6,49.5,0
2026-03-05T12:00:00Z,S-MIL-01,F-MIL-05,-19.4,44.1,0
2026-03-05T18:00:00Z,S-MIL-01,F-MIL-05,-20.7,41.1,0
2026-03-06T00:00:00Z,S-MIL-01,F-MIL-05,-19.2,39.4,0
2026-03-06T06:00:00Z,S-MIL-01,F-MIL-05,-20.8,48.1,0
2026-03-06T12:00:00Z,S-MIL-01,F-MIL-05,-19.8,51.1,0
2026-03-06T18:00:00Z,S-MIL-01,F-MIL-05,-19.7,47.2,0
2026-03-07T00:00:00Z,S-MIL-01,F-MIL-05,-20.3,42.0,0
2026-03-07T06:00:00Z,S-MIL-01,F-MIL-05,-19.1,41.2,0
2026-03-07T12:00:00Z,S-MIL-01,F-MIL-05,-21.0,47.8,0
2026-03-07T18:00:00Z,S-MIL-01,F-MIL-05,-20.1,48.4,0
2026-03-08T00:00:00Z,S-MIL-01,F-MIL-05,-19.2,39.9,0
2026-03-08T06:00:00Z,S-MIL-01,F-MIL-05,-20.6,46.3,0
2026-03-08T12:00:00Z,S-MIL-01,F-MIL-05,-19.9,50.8,0
2026-03-08T18:00:00Z,S-MIL-01,F-MIL-05,-20.4,49.6,0
2026-03-09T00:00:00Z,S-MIL-01,F-MIL-05,-20.7,43.6,0
2026-03-09T06:00:00Z,S-MIL-01,F-MIL-05,-20.1,45.1,0
2026-03-09T12:00:00Z,S-MIL-01,F-MIL-05,-20.0,49.9,0
2026-03-09T18:00:00Z,S-MIL-01,F-MIL-05,-19.9,50.7,0
2026-03-10T00:00:00Z,S-MIL-01,F-MIL-05,-20.1,47.0,0
2026-03-10T06:00:00Z,S-MIL-01,F-MIL-05,-19.7,38.8,0
2026-03-10T12:00:00Z,S-MIL-01,F-MIL-05,-19.7,51.6,0
2026-03-10T18:00:00Z,S-MIL-01,F-MIL-05,-20.2,38.7,0
2026-03-11T00:00:00Z,S-MIL-01,F-MIL-05,-19.0,40.8,0
2026-03-11T06:00:00Z,S-MIL-01,F-MIL-05,-19.6,46.1,0
2026-03-11T12:00:00Z,S-MIL-01,F-MIL-05,-20.3,42.3,0
2026-03-11T18:00:00Z,S-MIL-01,F-MIL-05,-19.9,45.5,0
2026-03-12T00:00:00Z,S-MIL-01,F-MIL-05,-20.5,38.3,0
2026-03-12T06:00:00Z,S-MIL-01,F-MIL-05,-19.6,45.2,0
2026-03-12T12:00:00Z,S-MIL-01,F-MIL-05,-19.6,46.7,0
2026-03-12T18:00:00Z,S-MIL-01,F-MIL-05,-19.4,40.7,0
2026-03-13T00:00:00Z,S-MIL-01,F-MIL-05,-20.5,38.1,0
2026-03-13T06:00:00Z,S-MIL-01,F-MIL-05,-19.8,50.9,0
2026-03-13T12:00:00Z,S-MIL-01,F-MIL-05,-20.7,43.5,1
2026-03-13T18:00:00Z,S-MIL-01,F-MIL-05,-19.3,38.8,0
2026-03-14T00:00:00Z,S-MIL-01,F-MIL-05,-20.2,43.4,0
2026-03-14T06:00:00Z,S-MIL-01,F-MIL-05,-20.7,39.4,0
2026-03-14T12:00:00Z,S-MIL-01,F-MIL-05,-20.4,50.6,0
2026-03-14T18:00:00Z,S-MIL-01,F-MIL-05,-19.6,43.7,0
2026-03-15T00:00:00Z,S-MIL-01,F-MIL-05,-20.0,51.0,0
2026-03-15T06:00:00Z,S-MIL-01,F-MIL-05,-19.1,42.5,0
2026-03-15T12:00:00Z,S-MIL-01,F-MIL-05,-19.5,43.0,0
2026-03-15T18:00:00Z,S-MIL-01,F-MIL-05,-20.8,51.5,0
2026-03-16T00:00:00Z,S-MIL-01,F-MIL-05,-20.1,38.1,0
2026-03-16T06:00:00Z,S-MIL-01,F-MIL-05,-20.9,45.3,0
2026-03-16T12:00:00Z,S-MIL-01,F-MIL-05,-20.3,49.0,0
2026-03-16T18:00:00Z,S-MIL-01,F-MIL-05,-19.9,39.9,0
2026-03-17T00:00:00Z,S-MIL-01,F-MIL-05,-20.3,43.8,0
2026-03-17T06:00:00Z,S-MIL-01,F-MIL-05,-20.3,42.6,0
2026-03-17T12:00:00Z,S-MIL-01,F-MIL-05,-20.7,50.5,0
2026-03-17T18:00:00Z,S-MIL-01,F-MIL-05,-20.5,48.8,0
2026-03-18T00:00:00Z,S-MIL-01,F-MIL-05,-20.1,42.1,0
2026-03-18T06:00:00Z,S-MIL-01,F-MIL-05,-20.7,49.9,0
2026-03-18T12:00:00Z,S-MIL-01,F-MIL-05,-20.6,45.4,0
2026-03-18T18:00:00Z,S-MIL-01,F-MIL-05,-19.0,38.2,0
2026-03-19T00:00:00Z,S-MIL-01,F-MIL-05,-19.3,49.5,0
2026-03-19T06:00:00Z,S-MIL-01,F-MIL-05,-19.3,48.2,0
2026-03-19T12:00:00Z,S-MIL-01,F-MIL-05,-20.1,51.4,0
2026-03-19T18:00:00Z,S-MIL-01,F-MIL-05,-20.9,46.7,0
2026-03-20T00:00:00Z,S-MIL-01,F-MIL-05,-20.5,50.8,0
2026-03-20T06:00:00Z,S-MIL-01,F-MIL-05,-20.0,43.8,0
2026-03-20T12:00:00Z,S-MIL-01,F-MIL-05,-20.7,49.2,0
2026-03-20T18:00:00Z,S-MIL-01,F-MIL-05,-20.9,46.6,0
2026-03-21T00:00:00Z,S-MIL-01,F-MIL-05,-20.9,46.5,0
2026-03-21T06:00:00Z,S-MIL-01,F-MIL-05,-19.3,48.5,0
2026-03-21T12:00:00Z,S-MIL-01,F-MIL-05,-20.6,47.4,1
2026-03-21T18:00:00Z,S-MIL-01,F-MIL-05,-19.5,46.9,0
2026-03-22T00:00:00Z,S-MIL-01,F-MIL-05,-20.0,44.8,0
2026-03-22T06:00:00Z,S-MIL-01,F-MIL-05,-19.3,49.5,0
2026-03-22T12:00:00Z,S-MIL-01,F-MIL-05,-19.8,44.8,0
2026-03-22T18:00:00Z,S-MIL-01,F-MIL-05,-20.3,40.1,0
2026-03-23T00:00:00Z,S-MIL-01,F-MIL-05,-20.6,43.4,0
2026-03-23T06:00:00Z,S-MIL-01,F-MIL-05,-20.5,38.2,0
2026-03-23T12:00:00Z,S-MIL-01,F-MIL-05,-20.4,38.6,0
2026-03-23T18:00:00Z,S-MIL-01,F-MIL-05,-19.5,43.3,0
2026-03-24T00:00:00Z,S-MIL-01,F-MIL-05,-20.4,45.1,0
2026-03-24T06:00:00Z,S-MIL-01,F-MIL-05,-19.0,46.0,0
2026-03-24T12:00:00Z,S-MIL-01,F-MIL-05,-20.0,46.9,0
2026-03-24T18:00:00Z,S-MIL-01,F-MIL-05,-20.5,38.3,0
2026-03-25T00:00:00Z,S-MIL-01,F-MIL-05,-19.3,48.7,0
2026-03-25T06:00:00Z,S-MIL-01,F-MIL-05,-20.9,47.2,0
2026-03-25T12:00:00Z,S-MIL-01,F-MIL-05,-20.1,40.4,0
2026-03-25T18:00:00Z,S-MIL-01,F-MIL-05,-20.5,47.1,0
2026-03-26T00:00:00Z,S-MIL-01,F-MIL-05,-20.9,41.3,0
2026-03-26T06:00:00Z,S-MIL-01,F-MIL-05,-20.8,50.8,0
2026-03-26T12:00:00Z,S-MIL-01,F-MIL-05,-19.8,48.7,0
2026-03-26T18:00:00Z,S-MIL-01,F-MIL-05,-20.4,49.8,1
2026-03-27T00:00:00Z,S-MIL-01,F-MIL-05,-20.6,42.4,0
2026-03-27T06:00:00Z,S-MIL-01,F-MIL-05,-20.9,39.3,0
2026-03-27T12:00:00Z,S-MIL-01,F-MIL-05,-19.5,47.3,0
2026-03-27T18:00:00Z,S-MIL-01,F-MIL-05,-19.9,44.4,0
2026-03-28T00:00:00Z,S-MIL-01,F-MIL-05,-19.1,39.6,0
2026-03-28T06:00:00Z,S-MIL-01,F-MIL-05,-20.4,45.2,0
2026-03-28T12:00:00Z,S-MIL-01,F-MIL-05,-20.1,41.7,0
2026-03-28T18:00:00Z,S-MIL-01,F-MIL-05,-20.0,40.2,1
2026-03-29T00:00:00Z,S-MIL-01,F-MIL-05,-20.0,48.1,0
2026-03-29T06:00:00Z,S-MIL-01,F-MIL-05,-19.3,42.5,0
2026-03-29T12:00:00Z,S-MIL-01,F-MIL-05,-19.7,50.2,0
2026-03-29T18:00:00Z,S-MIL-01,F-MIL-05,-19.4,41.9,0
2026-03-30T00:00:00Z,S-MIL-01,F-MIL-05,-20.7,47.1,0
2026-03-30T06:00:00Z,S-MIL-01,F-MIL-05,-20.6,51.6,0
2026-03-30T12:00:00Z,S-MIL-01,F-MIL-05,-20.1,48.3,0
2026-03-30T18:00:00Z,S-MIL-01,F-MIL-05,-19.9,48.0,0
2026-03-31T00:00:00Z,S-MIL-01,F-MIL-05,-20.7,43.9,0
2026-03-31T06:00:00Z,S-MIL-01,F-MIL-05,-20.0,51.0,0
2026-03-31T12:00:00Z,S-MIL-01,F-MIL-05,-20.6,49.9,0
2026-03-31T18:00:00Z,S-MIL-01,F-MIL-05,-19.6,43.4,0
2026-04-01T00:00:00Z,S-MIL-01,F-MIL-05,-19.8,47.2,0
2026-04-01T06:00:00Z,S-MIL-01,F-MIL-05,-19.7,47.5,0
2026-04-01T12:00:00Z,S-MIL-01,F-MIL-05,-20.3,51.7,0
2026-04-01T18:00:00Z,S-MIL-01,F-MIL-05,-19.2,48.7,0
2026-04-02T00:00:00Z,S-MIL-01,F-MIL-05,-20.0,42.1,0
2026-04-02T06:00:00Z,S-MIL-01,F-MIL-05,-20.7,43.3,0
2026-04-02T12:00:00Z,S-MIL-01,F-MIL-05,-20.3,42.8,0
2026-04-02T18:00:00Z,S-MIL-01,F-MIL-05,-19.8,46.3,1
2026-04-03T00:00:00Z,S-MIL-01,F-MIL-05,-20.2,40.1,0
2026-04-03T06:00:00Z,S-MIL-01,F-MIL-05,-20.7,48.1,0
2026-04-03T12:00:00Z,S-MIL-01,F-MIL-05,-20.0,58.3,1
2026-04-03T18:00:00Z,S-MIL-01,F-MIL-05,-12.5,62.1,1
2026-04-04T00:00:00Z,S-MIL-01,F-MIL-05,-20.0,61.8,1
2026-04-04T06:00:00Z,S-MIL-01,F-MIL-05,-20.0,46.1,0
2026-04-04T12:00:00Z,S-MIL-01,F-MIL-05,-19.0,50.4,0
2026-04-04T18:00:00Z,S-MIL-01,F-MIL-05,-19.6,46.0,1
2026-04-05T00:00:00Z,S-MIL-01,F-MIL-05,-19.4,48.7,0
2026-04-05T06:00:00Z,S-MIL-01,F-MIL-05,-20.1,49.5,0
2026-04-05T12:00:00Z,S-MIL-01,F-MIL-05,-19.3,48.0,0
2026-04-05T18:00:00Z,S-MIL-01,F-MIL-05,-20.1,47.4,0
2026-04-06T00:00:00Z,S-MIL-01,F-MIL-05,-19.4,51.8,0
2026-04-06T06:00:00Z,S-MIL-01,F-MIL-05,-19.8,47.8,0
2026-04-06T12:00:00Z,S-MIL-01,F-MIL-05,-20.9,49.1,0
2026-04-06T18:00:00Z,S-MIL-01,F-MIL-05,-20.4,40.8,0
2026-04-07T00:00:00Z,S-MIL-01,F-MIL-05,-19.0,50.3,0
2026-04-07T06:00:00Z,S-MIL-01,F-MIL-05,-19.9,46.7,0
2026-04-07T12:00:00Z,S-MIL-01,F-MIL-05,-20.9,44.3,0
2026-04-07T18:00:00Z,S-MIL-01,F-MIL-05,-20.0,42.9,1
2026-04-08T00:00:00Z,S-MIL-01,F-MIL-05,-20.0,38.8,0
2026-04-08T06:00:00Z,S-MIL-01,F-MIL-05,-19.8,43.2,0
2026-04-08T12:00:00Z,S-MIL-01,F-MIL-05,-19.0,48.7,0
2026-04-08T18:00:00Z,S-MIL-01,F-MIL-05,-20.7,49.6,0
2026-04-09T00:00:00Z,S-MIL-01,F-MIL-05,-20.5,45.2,0
2026-04-09T06:00:00Z,S-MIL-01,F-MIL-05,-20.2,45.4,0
2026-04-09T12:00:00Z,S-MIL-01,F-MIL-05,-19.3,51.4,0
2026-04-09T18:00:00Z,S-MIL-01,F-MIL-05,-20.2,40.1,0
2026-04-10T00:00:00Z,S-MIL-01,F-MIL-05,-19.6,40.5,0
2026-04-10T06:00:00Z,S-MIL-01,F-MIL-05,-19.1,49.0,0
2026-04-10T12:00:00Z,S-MIL-01,F-MIL-05,-19.8,46.8,0
2026-04-10T18:00:00Z,S-MIL-01,F-MIL-05,-20.8,50.3,0
2026-04-11T00:00:00Z,S-MIL-01,F-MIL-05,-20.7,45.9,0
2026-04-11T06:00:00Z,S-MIL-01,F-MIL-05,-19.4,45.3,0
2026-04-11T12:00:00Z,S-MIL-01,F-MIL-05,-20.2,47.2,0
2026-04-11T18:00:00Z,S-MIL-01,F-MIL-05,-20.0,39.9,0
2026-04-12T00:00:00Z,S-MIL-01,F-MIL-05,-19.7,44.8,0
2026-04-12T06:00:00Z,S-MIL-01,F-MIL-05,-19.2,43.4,0
2026-04-12T12:00:00Z,S-MIL-01,F-MIL-05,-19.5,51.5,1
2026-04-12T18:00:00Z,S-MIL-01,F-MIL-05,-20.8,44.4,0
2026-04-13T00:00:00Z,S-MIL-01,F-MIL-05,-20.0,40.1,0
2026-04-13T06:00:00Z,S-MIL-01,F-MIL-05,-19.9,43.4,0
2026-04-13T12:00:00Z,S-MIL-01,F-MIL-05,-19.8,41.2,0
2026-04-13T18:00:00Z,S-MIL-01,F-MIL-05,-19.6,47.3,0
2026-04-14T00:00:00Z,S-MIL-01,F-MIL-05,-19.7,46.5,0
2026-04-14T06:00:00Z,S-MIL-01,F-MIL-05,-20.1,38.6,0
2026-04-14T12:00:00Z,S-MIL-01,F-MIL-05,-19.6,38.6,0
2026-04-14T18:00:00Z,S-MIL-01,F-MIL-05,-20.1,46.6,0
2026-04-15T00:00:00Z,S-MIL-01,F-MIL-05,-19.4,50.1,0
2026-04-15T06:00:00Z,S-MIL-01,F-MIL-05,-19.0,40.7,0
2026-04-15T12:00:00Z,S-MIL-01,F-MIL-05,-20.3,44.2,0
2026-04-15T18:00:00Z,S-MIL-01,F-MIL-05,-20.1,48.4,0
2026-04-16T00:00:00Z,S-MIL-01,F-MIL-05,-19.3,47.2,0
2026-04-16T06:00:00Z,S-MIL-01,F-MIL-05,-19.2,39.4,0
2026-04-16T12:00:00Z,S-MIL-01,F-MIL-05,-20.3,46.8,0
2026-04-16T18:00:00Z,S-MIL-01,F-MIL-05,-19.5,44.2,0
2026-04-17T00:00:00Z,S-MIL-01,F-MIL-05,-20.3,47.0,0
2026-04-17T06:00:00Z,S-MIL-01,F-MIL-05,-20.0,46.7,0
2026-04-17T12:00:00Z,S-MIL-01,F-MIL-05,-19.6,48.3,0
2026-04-17T18:00:00Z,S-MIL-01,F-MIL-05,-19.6,41.9,1
2026-04-18T00:00:00Z,S-MIL-01,F-MIL-05,-20.3,45.1,0
2026-04-18T06:00:00Z,S-MIL-01,F-MIL-05,-20.6,51.6,0
2026-04-18T12:00:00Z,S-MIL-01,F-MIL-05,-20.4,42.3,0
2026-04-18T18:00:00Z,S-MIL-01,F-MIL-05,-20.9,50.9,1
2026-04-19T00:00:00Z,S-MIL-01,F-MIL-05,-20.7,41.2,0
2026-04-19T06:00:00Z,S-MIL-01,F-MIL-05,-19.7,42.5,0
2026-04-19T12:00:00Z,S-MIL-01,F-MIL-05,-20.9,43.6,0
2026-04-19T18:00:00Z,S-MIL-01,F-MIL-05,-20.8,46.8,0
2026-04-20T00:00:00Z,S-MIL-01,F-MIL-05,-19.1,45.5,0
2026-04-20T06:00:00Z,S-MIL-01,F-MIL-05,-20.9,38.5,0
2026-04-20T12:00:00Z,S-MIL-01,F-MIL-05,-19.7,50.3,0
2026-04-20T18:00:00Z,S-MIL-01,F-MIL-05,-20.1,38.7,0
2026-04-21T00:00:00Z,S-MIL-01,F-MIL-05,-20.5,51.6,0
2026-04-21T06:00:00Z,S-MIL-01,F-MIL-05,-19.4,46.8,0
2026-04-21T12:00:00Z,S-MIL-01,F-MIL-05,-20.3,45.2,0
2026-04-21T18:00:00Z,S-MIL-01,F-MIL-05,-19.0,46.0,0
2026-04-22T00:00:00Z,S-MIL-01,F-MIL-05,-19.2,51.9,0
2026-04-22T06:00:00Z,S-MIL-01,F-MIL-05,-19.4,43.9,0
2026-04-22T12:00:00Z,S-MIL-01,F-MIL-05,-19.3,51.4,0
2026-04-22T18:00:00Z,S-MIL-01,F-MIL-05,-20.9,41.1,0
2026-04-23T00:00:00Z,S-MIL-01,F-MIL-05,-20.4,41.1,0
2026-04-23T06:00:00Z,S-MIL-01,F-MIL-05,-20.0,47.3,0
2026-04-23T12:00:00Z,S-MIL-01,F-MIL-05,-19.3,43.0,0
2026-04-23T18:00:00Z,S-MIL-01,F-MIL-05,-20.3,47.9,0
2026-04-24T00:00:00Z,S-MIL-01,F-MIL-05,-19.2,47.4,0
2026-04-24T06:00:00Z,S-MIL-01,F-MIL-05,-19.7,41.3,0
2026-04-24T12:00:00Z,S-MIL-01,F-MIL-05,-20.0,51.5,0
2026-04-24T18:00:00Z,S-MIL-01,F-MIL-05,-20.6,38.5,0
2026-04-25T00:00:00Z,S-MIL-01,F-MIL-05,-20.8,45.8,0
2026-04-25T06:00:00Z,S-MIL-01,F-MIL-05,-19.2,47.3,0
2026-04-25T12:00:00Z,S-MIL-01,F-MIL-05,-19.7,51.9,0
2026-04-25T18:00:00Z,S-MIL-01,F-MIL-05,-20.6,39.3,0
2026-04-26T00:00:00Z,S-MIL-01,F-MIL-05,-19.5,39.0,0
2026-04-26T06:00:00Z,S-MIL-01,F-MIL-05,-20.3,48.3,0
2026-04-26T12:00:00Z,S-MIL-01,F-MIL-05,-19.9,46.2,0
2026-04-26T18:00:00Z,S-MIL-01,F-MIL-05,-21.0,44.5,0
2026-04-27T00:00:00Z,S-MIL-01,F-MIL-05,-20.4,43.4,0
2026-04-27T06:00:00Z,S-MIL-01,F-MIL-05,-20.1,41.6,0
2026-04-27T12:00:00Z,S-MIL-01,F-MIL-05,-20.6,39.7,0
2026-04-27T18:00:00Z,S-MIL-01,F-MIL-05,-19.9,45.6,0
2026-04-28T00:00:00Z,S-MIL-01,F-MIL-05,-19.2,44.8,0
2026-04-28T06:00:00Z,S-MIL-01,F-MIL-05,-19.5,50.9,0
2026-04-28T12:00:00Z,S-MIL-01,F-MIL-05,-19.8,43.9,0
2026-04-28T18:00:00Z,S-MIL-01,F-MIL-05,-20.3,51.3,0
2026-04-29T00:00:00Z,S-MIL-01,F-MIL-05,-20.8,47.3,0
2026-04-29T06:00:00Z,S-MIL-01,F-MIL-05,-20.2,45.7,0
2026-04-29T12:00:00Z,S-MIL-01,F-MIL-05,-19.7,51.2,0
2026-04-29T18:00:00Z,S-MIL-01,F-MIL-05,-20.8,49.0,0
2026-04-30T00:00:00Z,S-MIL-01,F-MIL-05,-20.5,44.7,0
2026-04-30T06:00:00Z,S-MIL-01,F-MIL-05,-19.6,38.8,0
2026-04-30T12:00:00Z,S-MIL-01,F-MIL-05,-19.8,49.4,0
2026-04-30T18:00:00Z,S-MIL-01,F-MIL-05,-20.0,44.3,1
2026-05-01T00:00:00Z,S-MIL-01,F-MIL-05,-19.0,46.3,0
2026-05-01T06:00:00Z,S-MIL-01,F-MIL-05,-19.6,39.8,0
2026-05-01T12:00:00Z,S-MIL-01,F-MIL-05,-20.2,47.3,0
2026-05-01T18:00:00Z,S-MIL-01,F-MIL-05,-19.1,48.8,1
2026-05-02T00:00:00Z,S-MIL-01,F-MIL-05,-20.7,51.5,0
2026-05-02T06:00:00Z,S-MIL-01,F-MIL-05,-19.7,51.6,0
2026-05-02T12:00:00Z,S-MIL-01,F-MIL-05,-19.5,46.1,0
2026-05-02T18:00:00Z,S-MIL-01,F-MIL-05,-20.2,49.5,1
2026-05-03T00:00:00Z,S-MIL-01,F-MIL-05,-19.2,43.8,0
2026-05-03T06:00:00Z,S-MIL-01,F-MIL-05,-20.1,39.7,0
2026-05-03T12:00:00Z,S-MIL-01,F-MIL-05,-19.5,51.9,0
2026-05-03T18:00:00Z,S-MIL-01,F-MIL-05,-19.1,38.0,0
2026-05-04T00:00:00Z,S-MIL-01,F-MIL-05,-19.5,50.8,0
2026-05-04T06:00:00Z,S-MIL-01,F-MIL-05,-20.4,49.4,0
2026-05-04T12:00:00Z,S-MIL-01,F-MIL-05,-19.2,39.9,0
2026-05-04T18:00:00Z,S-MIL-01,F-MIL-05,-20.7,47.5,0
2026-05-05T00:00:00Z,S-MIL-01,F-MIL-05,-20.5,46.2,0
2026-05-05T06:00:00Z,S-MIL-01,F-MIL-05,-20.9,50.6,0
2026-05-05T12:00:00Z,S-MIL-01,F-MIL-05,-20.6,44.1,0
2026-05-05T18:00:00Z,S-MIL-01,F-MIL-05,-20.6,43.9,0
2026-05-06T00:00:00Z,S-MIL-01,F-MIL-05,-19.5,39.3,0
2026-05-06T06:00:00Z,S-MIL-01,F-MIL-05,-19.3,46.6,0
2026-05-06T12:00:00Z,S-MIL-01,F-MIL-05,-20.3,46.9,0
2026-05-06T18:00:00Z,S-MIL-01,F-MIL-05,-20.2,41.8,1
2026-05-07T00:00:00Z,S-MIL-01,F-MIL-05,-20.7,41.4,0
2026-05-07T06:00:00Z,S-MIL-01,F-MIL-05,-19.3,38.9,0
2026-05-07T12:00:00Z,S-MIL-01,F-MIL-05,-20.4,43.5,0
2026-05-07T18:00:00Z,S-MIL-01,F-MIL-05,-19.2,40.0,0
2026-05-08T00:00:00Z,S-MIL-01,F-MIL-05,-19.4,39.5,0
2026-05-08T06:00:00Z,S-MIL-01,F-MIL-05,-20.2,44.9,0
2026-05-08T12:00:00Z,S-MIL-01,F-MIL-05,-20.7,41.1,0
2026-05-08T18:00:00Z,S-MIL-01,F-MIL-05,-19.4,43.0,0
2026-05-09T00:00:00Z,S-MIL-01,F-MIL-05,-20.2,46.6,0
2026-05-09T06:00:00Z,S-MIL-01,F-MIL-05,-20.3,46.2,0
2026-05-09T12:00:00Z,S-MIL-01,F-MIL-05,-20.7,40.6,0
2026-05-09T18:00:00Z,S-MIL-01,F-MIL-05,-20.2,50.3,0
2026-05-10T00:00:00Z,S-MIL-01,F-MIL-05,-20.4,38.6,0
2026-05-10T06:00:00Z,S-MIL-01,F-MIL-05,-20.6,50.0,0
2026-05-10T12:00:00Z,S-MIL-01,F-MIL-05,-19.4,49.4,0
2026-05-10T18:00:00Z,S-MIL-01,F-MIL-05,-19.1,48.4,0
2026-05-11T00:00:00Z,S-MIL-01,F-MIL-05,-20.9,48.1,0
2026-05-11T06:00:00Z,S-MIL-01,F-MIL-05,-20.6,51.1,0
2026-05-11T12:00:00Z,S-MIL-01,F-MIL-05,-19.1,48.9,0
2026-05-11T18:00:00Z,S-MIL-01,F-MIL-05,-20.5,45.7,0
2026-05-12T00:00:00Z,S-MIL-01,F-MIL-05,-20.6,50.7,0
2026-05-12T06:00:00Z,S-MIL-01,F-MIL-05,-20.5,38.0,0
2026-05-12T12:00:00Z,S-MIL-01,F-MIL-05,-20.1,41.4,0
2026-05-12T18:00:00Z,S-MIL-01,F-MIL-05,-20.5,43.1,0
2026-05-13T00:00:00Z,S-MIL-01,F-MIL-05,-19.5,39.2,0
2026-05-13T06:00:00Z,S-MIL-01,F-MIL-05,-19.6,42.1,0
2026-05-13T12:00:00Z,S-MIL-01,F-MIL-05,-19.3,40.1,1
2026-05-13T18:00:00Z,S-MIL-01,F-MIL-05,-20.5,48.9,0
2026-05-14T00:00:00Z,S-MIL-01,F-MIL-05,-20.0,46.3,0
2026-05-14T06:00:00Z,S-MIL-01,F-MIL-05,-20.4,38.9,0
2026-05-14T12:00:00Z,S-MIL-01,F-MIL-05,-19.3,38.1,1
2026-05-14T18:00:00Z,S-MIL-01,F-MIL-05,-20.4,41.4,0
2026-05-15T00:00:00Z,S-MIL-01,F-MIL-05,-20.1,39.3,0
2026-05-15T06:00:00Z,S-MIL-01,F-MIL-05,-20.6,47.8,0
2026-05-15T12:00:00Z,S-MIL-01,F-MIL-05,-19.4,45.0,1
2026-05-15T18:00:00Z,S-MIL-01,F-MIL-05,-19.6,45.5,0
2026-05-16T00:00:00Z,S-MIL-01,F-MIL-05,-20.8,40.9,0
2026-05-16T06:00:00Z,S-MIL-01,F-MIL-05,-20.8,39.3,0
2026-05-16T12:00:00Z,S-MIL-01,F-MIL-05,-20.9,41.2,0
2026-05-16T18:00:00Z,S-MIL-01,F-MIL-05,-20.2,46.8,0
2026-05-17T00:00:00Z,S-MIL-01,F-MIL-05,-21.0,49.2,0
2026-05-17T06:00:00Z,S-MIL-01,F-MIL-05,-20.8,44.4,0
2026-05-17T12:00:00Z,S-MIL-01,F-MIL-05,-20.9,47.4,0
2026-05-17T18:00:00Z,S-MIL-01,F-MIL-05,-20.4,42.2,0
2026-05-18T00:00:00Z,S-MIL-01,F-MIL-05,-20.1,38.7,0
2026-05-18T06:00:00Z,S-MIL-01,F-MIL-05,-19.7,47.1,0
2026-05-18T12:00:00Z,S-MIL-01,F-MIL-05,-21.0,50.1,0
2026-05-18T18:00:00Z,S-MIL-01,F-MIL-05,-19.7,41.4,0
2026-05-19T00:00:00Z,S-MIL-01,F-MIL-05,-20.9,51.2,0
2026-05-19T06:00:00Z,S-MIL-01,F-MIL-05,-20.6,48.4,0
2026-05-19T12:00:00Z,S-MIL-01,F-MIL-05,-21.0,38.5,0
2026-05-19T18:00:00Z,S-MIL-01,F-MIL-05,-20.9,51.4,0
2026-05-20T00:00:00Z,S-MIL-01,F-MIL-05,-20.3,47.1,0
2026-05-20T06:00:00Z,S-MIL-01,F-MIL-05,-19.1,50.7,0
2026-05-20T12:00:00Z,S-MIL-01,F-MIL-05,-21.0,42.6,0
2026-05-20T18:00:00Z,S-MIL-01,F-MIL-05,-20.7,48.4,1
2026-05-21T00:00:00Z,S-MIL-01,F-MIL-05,-19.4,38.4,0
2026-05-21T06:00:00Z,S-MIL-01,F-MIL-05,-20.2,38.5,0
2026-05-21T12:00:00Z,S-MIL-01,F-MIL-05,-20.4,41.6,0
2026-05-21T18:00:00Z,S-MIL-01,F-MIL-05,-19.9,38.3,0
2026-05-22T00:00:00Z,S-MIL-01,F-MIL-05,-20.2,50.5,0
2026-05-22T06:00:00Z,S-MIL-01,F-MIL-05,-20.6,48.4,0
2026-05-22T12:00:00Z,S-MIL-01,F-MIL-05,-20.7,39.9,0
2026-05-22T18:00:00Z,S-MIL-01,F-MIL-05,-20.9,51.9,0
2026-05-23T00:00:00Z,S-MIL-01,F-MIL-05,-19.0,39.8,0
2026-05-23T06:00:00Z,S-MIL-01,F-MIL-05,-19.7,38.7,0
2026-05-23T12:00:00Z,S-MIL-01,F-MIL-05,-20.2,47.2,1
2026-05-23T18:00:00Z,S-MIL-01,F-MIL-05,-19.7,46.6,1
2026-05-24T00:00:00Z,S-MIL-01,F-MIL-05,-20.8,48.6,0
2026-05-24T06:00:00Z,S-MIL-01,F-MIL-05,-20.5,42.3,0
2026-05-24T12:00:00Z,S-MIL-01,F-MIL-05,-20.6,39.4,0
2026-05-24T18:00:00Z,S-MIL-01,F-MIL-05,-20.7,40.5,0
2026-05-25T00:00:00Z,S-MIL-01,F-MIL-05,-19.1,49.2,0
2026-05-25T06:00:00Z,S-MIL-01,F-MIL-05,-20.7,48.3,0
2026-05-25T12:00:00Z,S-MIL-01,F-MIL-05,-20.5,49.7,0
2026-05-25T18:00:00Z,S-MIL-01,F-MIL-05,-20.4,39.8,0
2026-05-26T00:00:00Z,S-MIL-01,F-MIL-05,-20.0,42.2,0
2026-05-26T06:00:00Z,S-MIL-01,F-MIL-05,-19.4,46.5,0
2026-05-26T12:00:00Z,S-MIL-01,F-MIL-05,-20.1,38.1,0
2026-05-26T18:00:00Z,S-MIL-01,F-MIL-05,-20.0,44.0,0
2026-05-27T00:00:00Z,S-MIL-01,F-MIL-05,-19.5,48.2,0
2026-05-27T06:00:00Z,S-MIL-01,F-MIL-05,-19.8,43.0,0
2026-05-27T12:00:00Z,S-MIL-01,F-MIL-05,-20.1,44.4,0
2026-05-27T18:00:00Z,S-MIL-01,F-MIL-05,-19.7,50.1,0
2026-05-28T00:00:00Z,S-MIL-01,F-MIL-05,-19.7,45.7,0
2026-05-28T06:00:00Z,S-MIL-01,F-MIL-05,-19.7,40.5,0
2026-05-28T12:00:00Z,S-MIL-01,F-MIL-05,-20.1,41.2,0
2026-05-28T18:00:00Z,S-MIL-01,F-MIL-05,-19.5,42.7,0
2026-05-29T00:00:00Z,S-MIL-01,F-MIL-05,-20.2,51.4,0
2026-05-29T06:00:00Z,S-MIL-01,F-MIL-05,-20.3,42.7,0
2026-05-29T12:00:00Z,S-MIL-01,F-MIL-05,-19.3,41.7,0
2026-05-29T18:00:00Z,S-MIL-01,F-MIL-05,-20.2,40.2,0
2026-05-30T00:00:00Z,S-MIL-01,F-MIL-05,-19.3,45.2,0
2026-05-30T06:00:00Z,S-MIL-01,F-MIL-05,-19.8,43.8,0
2026-05-30T12:00:00Z,S-MIL-01,F-MIL-05,-20.4,41.7,0
2026-05-30T18:00:00Z,S-MIL-01,F-MIL-05,-20.3,41.5,0
2026-05-31T00:00:00Z,S-MIL-01,F-MIL-05,-19.6,40.2,0
2026-05-31T06:00:00Z,S-MIL-01,F-MIL-05,-19.2,48.9,0
2026-05-31T12:00:00Z,S-MIL-01,F-MIL-05,-19.1,50.9,0
2026-05-31T18:00:00Z,S-MIL-01,F-MIL-05,-19.6,47.3,0
2026-06-01T00:00:00Z,S-MIL-01,F-MIL-05,-19.9,47.8,0
2026-06-01T06:00:00Z,S-MIL-01,F-MIL-05,-19.6,43.7,0
2026-06-01T12:00:00Z,S-MIL-01,F-MIL-05,-19.5,50.3,0
2026-06-01T18:00:00Z,S-MIL-01,F-MIL-05,-19.2,48.5,0
2026-06-02T00:00:00Z,S-MIL-01,F-MIL-05,-20.6,50.8,0
2026-06-02T06:00:00Z,S-MIL-01,F-MIL-05,-19.5,43.4,0
2026-06-02T12:00:00Z,S-MIL-01,F-MIL-05,-19.2,40.1,1
2026-06-02T18:00:00Z,S-MIL-01,F-MIL-05,-20.1,40.2,0
2026-06-03T00:00:00Z,S-MIL-01,F-MIL-05,-19.7,51.1,0
2026-06-03T06:00:00Z,S-MIL-01,F-MIL-05,-19.1,48.4,0
2026-06-03T12:00:00Z,S-MIL-01,F-MIL-05,-19.9,41.1,0
2026-06-03T18:00:00Z,S-MIL-01,F-MIL-05,-19.1,42.0,0
